AssetId,AssetName,AssetSize,Unit,BranchId,DistrictId,CityId,SectorId,IsActive,IsDeleted,CreatedDate,CreatedBy,ModifiedDate,ModifiedBy,CompanyId
148384,JG22.2_E-612,30,Sq. Yards,3194,280,3200,681,1,0,,1,,,544
148784,PW21_563,30,Sq. Yards,3212,298,3276,686,1,0,,1,,,544
149209,JG23_1676,30,Sq. Yards,3194,280,3200,686,1,0,,1,,,544
149786,JG23_1368,30,Sq. Yards,3194,280,3200,691,1,0,,1,,,544
150022,RK21.2_E-494,30,Sq. Yards,3205,291,3252,690,1,0,,1,,,544
150349,KN32_225,30,Sq. Yards,3197,283,3215,692,1,0,,1,,,544
151090,JG23_2155,30,Sq. Yards,3194,280,3200,697,1,0,,1,,,544
151583,RW27.28.26PII_E-37,30,Sq. Yards,3205,291,3252,685,1,0,,1,,,544
152421,RW27.28.26PII_E-1699,30,Sq. Yards,3205,291,3252,686,1,0,,1,,,544
152721,GO13.14_144,30,Sq. Yards,3199,285,3221,682,1,0,,1,,,544
153330,RK5_E-240,30,Sq. Yards,3205,291,3252,700,1,0,,1,,,544
153496,RW18.2-3165,30,Sq. Yards,3208,294,3264,683,1,0,,1,,,544
153730,JG23_620,30,Sq. Yards,3194,280,3200,683,1,0,,1,,,544
153766,RW27.28.26PII_E-534,30,Sq. Yards,3205,291,3252,688,1,0,,1,,,544
154970,RW18.2-3615,30,Sq. Yards,3208,294,3264,702,1,0,,1,,,544
155638,RK21.2_E-120,30,Sq. Yards,3205,291,3252,701,1,0,,1,,,544
155761,PW21_529,30,Sq. Yards,3212,298,3276,700,1,0,,1,,,544
156063,PJ28.1_E-136,30,Sq. Yards,3192,278,3193,944,1,0,,1,,,544
156231,CD1B_E-101,30,Sq. Yards,3213,299,3279,687,1,0,,1,,,544
156731,GO13.14_260,30,Sq. Yards,3199,285,3221,684,1,0,,1,,,544
157067,RW18.2-2789,30,Sq. Yards,3208,294,3264,681,1,0,,1,,,544
157535,PW21_895,30,Sq. Yards,3212,298,3276,690,1,0,,1,,,544
157935,JG23_764,30,Sq. Yards,3194,280,3200,688,1,0,,1,,,544
158946,JG23_2075,30,Sq. Yards,3194,280,3200,694,1,0,,1,,,544
158948,PW21_734,30,Sq. Yards,3212,298,3276,710,1,0,,1,,,544
160082,JG22.2_E-389,30,Sq. Yards,3194,280,3200,686,1,0,,1,,,544
160275,RW18.2-2513,30,Sq. Yards,3208,294,3264,705,1,0,,1,,,544
160316,PJ28.1_E-74,30,Sq. Yards,3192,278,3193,700,1,0,,1,,,544
160541,RW36A_E-182,30,Sq. Yards,3205,291,3252,698,1,0,,1,,,544
160584,PW21_584,30,Sq. Yards,3212,298,3276,696,1,0,,1,,,544
162554,JR6_E-294,30,Sq. Yards,3206,292,3257,695,1,0,,1,,,544
148041,GO13.14_163,30,Sq. Yards,3199,285,3221,700,1,0,,1,,,544
148743,SSPIII20_E-674,30,Sq. Yards,3202,288,3238,681,1,0,,1,,,544
149020,JG23_1432,30,Sq. Yards,3194,280,3200,702,1,0,,1,,,544
149477,JG23_1128,30,Sq. Yards,3194,280,3200,686,1,0,,1,,,544
149679,PW21_222,30,Sq. Yards,3212,298,3276,684,1,0,,1,,,544
151351,JG23_1987,30,Sq. Yards,3194,280,3200,681,1,0,,1,,,544
152160,JR9PII_E-90,30,Sq. Yards,3206,292,3257,681,1,0,,1,,,544
152460,RW18.1_E-73,30,Sq. Yards,3208,294,3264,697,1,0,,1,,,544
152530,JG23_1244,30,Sq. Yards,3194,280,3200,696,1,0,,1,,,544
152596,JR6_E-356,30,Sq. Yards,3206,292,3257,697,1,0,,1,,,544
152762,RW18.2-2334,30,Sq. Yards,3208,294,3264,696,1,0,,1,,,544
152955,PWAP_E-449,30,Sq. Yards,3212,298,3276,689,1,0,,1,,,544
153221,RW18.1_E-53,30,Sq. Yards,3208,294,3264,683,1,0,,1,,,544
155427,RW18.2-2680,30,Sq. Yards,3208,294,3264,689,1,0,,1,,,544
156540,RW18.2-2769,30,Sq. Yards,3208,294,3264,710,1,0,,1,,,544
156833,JG23_1528,30,Sq. Yards,3194,280,3200,683,1,0,,1,,,544
157267,JG23_1764,30,Sq. Yards,3194,280,3200,692,1,0,,1,,,544
158371,CD9_E-317,30,Sq. Yards,3213,299,3279,682,1,0,,1,,,544
160552,RW18.2-2830,30,Sq. Yards,3208,294,3264,689,1,0,,1,,,544
161877,SD8_E-77,30,Sq. Yards,3200,286,3230,695,1,0,,1,,,544
162190,RW27.28.26PII_E-378,30,Sq. Yards,3205,291,3252,691,1,0,,1,,,544
162422,CD9_E-468,30,Sq. Yards,3213,299,3279,695,1,0,,1,,,544
150533,RW19.2_E-61,30,Sq. Yards,3208,294,3264,696,1,0,,1,,,544
150840,JG23_933,30,Sq. Yards,3194,280,3200,699,1,0,,1,,,544
152444,CD9_E-240,30,Sq. Yards,3213,299,3279,690,1,0,,1,,,544
153180,SD8_E-158,30,Sq. Yards,3200,286,3230,683,1,0,,1,,,544
153312,RW27.28.26PII_E-887,30,Sq. Yards,3205,291,3252,690,1,0,,1,,,544
153516,RW18.2-2798,30,Sq. Yards,3208,294,3264,700,1,0,,1,,,544
153680,PW21_397,30,Sq. Yards,3212,298,3276,704,1,0,,1,,,544
154116,PWAP_E-316,30,Sq. Yards,3212,298,3276,706,1,0,,1,,,544
154952,JG22.1_E-142,30,Sq. Yards,3194,280,3200,685,1,0,,1,,,544
155511,KN32_137,30,Sq. Yards,3197,283,3215,975,1,0,,1,,,544
155654,PW21_196,30,Sq. Yards,3212,298,3276,710,1,0,,1,,,544
156179,RW27.28.26PII_E-1113,30,Sq. Yards,3205,291,3252,683,1,0,,1,,,544
147882,RW27.28.26PII_E-168,30,Sq. Yards,3205,291,3252,695,1,0,,1,,,544
148450,RK21.2_E-15,30,Sq. Yards,3205,291,3252,684,1,0,,1,,,544
150547,RW36A_E-269,30,Sq. Yards,3205,291,3252,684,1,0,,1,,,544
150917,PWAP_E-36,30,Sq. Yards,3212,298,3276,691,1,0,,1,,,544
151156,GO16_E-336,30,Sq. Yards,3199,285,3221,697,1,0,,1,,,544
151558,PW21_229,30,Sq. Yards,3212,298,3276,699,1,0,,1,,,544
151987,RW18.1_E-9,30,Sq. Yards,3208,294,3264,681,1,0,,1,,,544
152360,PW21_1102,30,Sq. Yards,3212,298,3276,682,1,0,,1,,,544
152853,JR9_E-45,30,Sq. Yards,3206,292,3257,687,1,0,,1,,,544
153123,KN9.32_E-44,30,Sq. Yards,3197,283,3215,687,1,0,,1,,,544
154525,JG23_645,30,Sq. Yards,3194,280,3200,702,1,0,,1,,,544
155161,RW27.28.26PII_E-819,30,Sq. Yards,3205,291,3252,682,1,0,,1,,,544
156070,RW27.28.26PII_E-601,30,Sq. Yards,3205,291,3252,695,1,0,,1,,,544
157701,PW21_749,30,Sq. Yards,3212,298,3276,708,1,0,,1,,,544
157769,RW36A_E-261,30,Sq. Yards,3205,291,3252,684,1,0,,1,,,544
159178,JG23_1988,30,Sq. Yards,3194,280,3200,682,1,0,,1,,,544
159314,SD8_E-166,30,Sq. Yards,3200,286,3230,686,1,0,,1,,,544
159848,PW21_603,30,Sq. Yards,3212,298,3276,695,1,0,,1,,,544
160150,RK21.2_E-80,30,Sq. Yards,3205,291,3252,682,1,0,,1,,,544
160175,SSPIII20_E-688,30,Sq. Yards,3202,288,3238,681,1,0,,1,,,544
160718,RW27.28.26PII_E-1048,30,Sq. Yards,3205,291,3252,686,1,0,,1,,,544
162288,GO13.14_71,30,Sq. Yards,3199,285,3221,690,1,0,,1,,,544
162313,GO13.14_100,30,Sq. Yards,3199,285,3221,696,1,0,,1,,,544
147973,RK5_E-125,30,Sq. Yards,3205,291,3252,702,1,0,,1,,,544
148984,RW27.28.26PII_E-836,30,Sq. Yards,3205,291,3252,691,1,0,,1,,,544
149043,RW18.2-2399,30,Sq. Yards,3208,294,3264,682,1,0,,1,,,544
149213,GO16_E-172,30,Sq. Yards,3199,285,3221,696,1,0,,1,,,544
149254,JG23_2229,30,Sq. Yards,3194,280,3200,681,1,0,,1,,,544
150649,RW27.28.26PII_E-127,30,Sq. Yards,3205,291,3252,690,1,0,,1,,,544
154025,PW21_310,30,Sq. Yards,3212,298,3276,692,1,0,,1,,,544
154064,PW21_974,30,Sq. Yards,3212,298,3276,691,1,0,,1,,,544
154066,SD8_E-101,30,Sq. Yards,3200,286,3230,689,1,0,,1,,,544
154634,RW18.2-2395,30,Sq. Yards,3208,294,3264,681,1,0,,1,,,544
156031,RW36A_E-228,30,Sq. Yards,3205,291,3252,683,1,0,,1,,,544
156195,JG23_1768,30,Sq. Yards,3194,280,3200,694,1,0,,1,,,544
156599,CD9_E-50,30,Sq. Yards,3213,299,3279,699,1,0,,1,,,544
156699,RW18.2-2775,30,Sq. Yards,3208,294,3264,690,1,0,,1,,,544
156765,RW18.2-2269,30,Sq. Yards,3208,294,3264,710,1,0,,1,,,544
156906,JG23_1618,30,Sq. Yards,3194,280,3200,681,1,0,,1,,,544
158837,JG23_1041,30,Sq. Yards,3194,280,3200,685,1,0,,1,,,544
159671,RW18.2-3114,30,Sq. Yards,3208,294,3264,690,1,0,,1,,,544
162279,PW21_956,30,Sq. Yards,3212,298,3276,703,1,0,,1,,,544
162688,JR6_E-24,30,Sq. Yards,3206,292,3257,698,1,0,,1,,,544
147857,KN9.32_E-65,30,Sq. Yards,3197,283,3215,686,1,0,,1,,,544
148725,JG24.2_E-128,30,Sq. Yards,3194,280,3200,685,1,0,,1,,,544
149672,SSPIII20_E-850,30,Sq. Yards,3202,288,3238,704,1,0,,1,,,544
150372,RW18.2-3315,30,Sq. Yards,3208,294,3264,704,1,0,,1,,,544
150599,JR6_E-150,30,Sq. Yards,3206,292,3257,688,1,0,,1,,,544
150899,MG9.10.3_E-107,30,Sq. Yards,3207,293,3259,693,1,0,,1,,,544
152401,RW18.2-2820,30,Sq. Yards,3208,294,3264,686,1,0,,1,,,544
152637,RW18.2-2839,30,Sq. Yards,3208,294,3264,685,1,0,,1,,,544
153107,JG22.2_E-482,30,Sq. Yards,3194,280,3200,695,1,0,,1,,,544
155386,JG22.2_E-642,30,Sq. Yards,3194,280,3200,685,1,0,,1,,,544
156222,RW36A_E-145,30,Sq. Yards,3205,291,3252,683,1,0,,1,,,544
156856,SSPIII20_E-620,30,Sq. Yards,3202,288,3238,707,1,0,,1,,,544
157490,CD1B_E-24,30,Sq. Yards,3213,299,3279,690,1,0,,1,,,544
158262,JG22.2_E-115,30,Sq. Yards,3194,280,3200,682,1,0,,1,,,544
158594,GO16_E-307,30,Sq. Yards,3199,285,3221,689,1,0,,1,,,544
158828,RW18.2-2089,30,Sq. Yards,3208,294,3264,683,1,0,,1,,,544
159362,GO13.14_248,30,Sq. Yards,3199,285,3221,692,1,0,,1,,,544
159521,RW27.28.26PII_E-1124,30,Sq. Yards,3205,291,3252,700,1,0,,1,,,544
160098,PJ28.3_E-91,30,Sq. Yards,3192,278,3193,962,1,0,,1,,,544
160159,RW18.2-2126,30,Sq. Yards,3208,294,3264,708,1,0,,1,,,544
160557,PW21_181,30,Sq. Yards,3212,298,3276,694,1,0,,1,,,544
162036,PW21_950,30,Sq. Yards,3212,298,3276,686,1,0,,1,,,544
147495,RK21.2_E-186,30,Sq. Yards,3205,291,3252,686,1,0,,1,,,544
147946,RW18.2-2005,30,Sq. Yards,3208,294,3264,681,1,0,,1,,,544
148164,RW18.1_E-56,30,Sq. Yards,3208,294,3264,705,1,0,,1,,,544
149967,MG9.10.3_E-135,30,Sq. Yards,3207,293,3259,686,1,0,,1,,,544
150368,RW18.2-2841,30,Sq. Yards,3208,294,3264,710,1,0,,1,,,544
150704,JR9PII_E-79,30,Sq. Yards,3206,292,3257,695,1,0,,1,,,544
150836,RW27.28.26PII_E-1266,30,Sq. Yards,3205,291,3252,702,1,0,,1,,,544
152539,RW18.2-2066,30,Sq. Yards,3208,294,3264,707,1,0,,1,,,544
153644,JG23_2137,30,Sq. Yards,3194,280,3200,696,1,0,,1,,,544
154547,SSPIII20_E-752,30,Sq. Yards,3202,288,3238,701,1,0,,1,,,544
155315,PWAP_E-431,30,Sq. Yards,3212,298,3276,921,1,0,,1,,,544
155798,FD9_E-102,30,Sq. Yards,3201,287,3233,693,1,0,,1,,,544
157055,MG9.10.2_E-35,30,Sq. Yards,3207,293,3259,688,1,0,,1,,,544
157205,RW27.28.26PII_E-774,30,Sq. Yards,3205,291,3252,687,1,0,,1,,,544
158124,GO16_E-109,30,Sq. Yards,3199,285,3221,697,1,0,,1,,,544
159527,RW18.2-2547,30,Sq. Yards,3208,294,3264,696,1,0,,1,,,544
160946,CD9_E-417,30,Sq. Yards,3213,299,3279,697,1,0,,1,,,544
161249,JR9_E-55,30,Sq. Yards,3206,292,3257,695,1,0,,1,,,544
161599,RW18.1_E-60,30,Sq. Yards,3208,294,3264,704,1,0,,1,,,544
162536,GO16_E-244,30,Sq. Yards,3199,285,3221,686,1,0,,1,,,544
162585,SD8_E-186,30,Sq. Yards,3200,286,3230,694,1,0,,1,,,544
147572,PWAP_E-356,30,Sq. Yards,3212,298,3276,774,1,0,,1,,,544
149137,GO16_E-287,30,Sq. Yards,3199,285,3221,695,1,0,,1,,,544
150373,RW27.28.26PII_E-1082,30,Sq. Yards,3205,291,3252,700,1,0,,1,,,544
150755,PWAP_E-9,30,Sq. Yards,3212,298,3276,710,1,0,,1,,,544
150959,CD9_E-450,30,Sq. Yards,3213,299,3279,692,1,0,,1,,,544
152027,JG22.2_E-229,30,Sq. Yards,3194,280,3200,686,1,0,,1,,,544
153313,RW36A_E-135,30,Sq. Yards,3205,291,3252,699,1,0,,1,,,544
153538,GO16_E-179,30,Sq. Yards,3199,285,3221,682,1,0,,1,,,544
153842,PW21_281,30,Sq. Yards,3212,298,3276,683,1,0,,1,,,544
153931,RK21.2_E-286,30,Sq. Yards,3205,291,3252,686,1,0,,1,,,544
155110,SSPIII20_E-113,30,Sq. Yards,3202,288,3238,863,1,0,,1,,,544
156014,PWAP_E-409,30,Sq. Yards,3212,298,3276,705,1,0,,1,,,544
156882,JG23_512,30,Sq. Yards,3194,280,3200,699,1,0,,1,,,544
157082,JR6_E-444,30,Sq. Yards,3206,292,3257,694,1,0,,1,,,544
157457,RW18.2-3697,30,Sq. Yards,3208,294,3264,684,1,0,,1,,,544
158293,SD8_E-4,30,Sq. Yards,3200,286,3230,684,1,0,,1,,,544
159022,CD9_E-383,30,Sq. Yards,3213,299,3279,694,1,0,,1,,,544
159047,PW21_502,30,Sq. Yards,3212,298,3276,696,1,0,,1,,,544
160158,PWAP_E-475,30,Sq. Yards,3212,298,3276,688,1,0,,1,,,544
160601,JG22.2_E-746,30,Sq. Yards,3194,280,3200,689,1,0,,1,,,544
160851,MG9.10.3_E-203,30,Sq. Yards,3207,293,3259,689,1,0,,1,,,544
161094,RK21.2_E-170,30,Sq. Yards,3205,291,3252,697,1,0,,1,,,544
162516,RW19.1_E-102,30,Sq. Yards,3208,294,3264,683,1,0,,1,,,544
147705,RW18.2-3512,30,Sq. Yards,3208,294,3264,692,1,0,,1,,,544
148684,RW19.1_E-59,30,Sq. Yards,3208,294,3264,700,1,0,,1,,,544
149454,RK21.2_E-119,30,Sq. Yards,3205,291,3252,681,1,0,,1,,,544
149686,RW27.28.26PII_E-249,30,Sq. Yards,3205,291,3252,683,1,0,,1,,,544
149845,PJ28.1_E-45,30,Sq. Yards,3192,278,3193,1028,1,0,,1,,,544
150254,JAJ_E-29,30,Sq. Yards,3200,286,3229,684,1,0,,1,,,544
151383,JG23_1829,30,Sq. Yards,3194,280,3200,683,1,0,,1,,,544
152196,RW18.1_E-75,30,Sq. Yards,3208,294,3264,682,1,0,,1,,,544
152630,CD9_E-243,30,Sq. Yards,3213,299,3279,694,1,0,,1,,,544
153432,PJ28.1_E-155,30,Sq. Yards,3192,278,3193,683,1,0,,1,,,544
154034,SD8_E-10,30,Sq. Yards,3200,286,3230,687,1,0,,1,,,544
154502,RW18.2-2607,30,Sq. Yards,3208,294,3264,710,1,0,,1,,,544
154761,RW27.28.26PII_E-496,30,Sq. Yards,3205,291,3252,696,1,0,,1,,,544
155702,GO16_E-68,30,Sq. Yards,3199,285,3221,693,1,0,,1,,,544
156372,JG23_775,30,Sq. Yards,3194,280,3200,698,1,0,,1,,,544
157308,CD9_E-272,30,Sq. Yards,3213,299,3279,682,1,0,,1,,,544
159507,PJ28.3_E-57,30,Sq. Yards,3192,278,3193,944,1,0,,1,,,544
159714,PJ28.1_E-98,30,Sq. Yards,3192,278,3193,944,1,0,,1,,,544
160450,SSPIII20_E-456,30,Sq. Yards,3202,288,3238,705,1,0,,1,,,544
160516,JG23_1246,30,Sq. Yards,3194,280,3200,699,1,0,,1,,,544
147651,SSPIII20_E-70,30,Sq. Yards,3202,288,3238,682,1,0,,1,,,544
149491,PW21_850,30,Sq. Yards,3212,298,3276,691,1,0,,1,,,544
149908,JG23_289,30,Sq. Yards,3194,280,3200,692,1,0,,1,,,544
150795,SSPIII20_E-95,30,Sq. Yards,3202,288,3238,681,1,0,,1,,,544
150893,RW18.2-2592,30,Sq. Yards,3208,294,3264,688,1,0,,1,,,544
151463,JG23_2282,30,Sq. Yards,3194,280,3200,693,1,0,,1,,,544
151529,RW27.28.26PII_E-216,30,Sq. Yards,3205,291,3252,700,1,0,,1,,,544
152582,RW18.2-3242,30,Sq. Yards,3208,294,3264,689,1,0,,1,,,544
153403,JG22.2_E-750,30,Sq. Yards,3194,280,3200,694,1,0,,1,,,544
153452,RW18.2-3701,30,Sq. Yards,3208,294,3264,688,1,0,,1,,,544
154003,RW18.2-3342,30,Sq. Yards,3208,294,3264,683,1,0,,1,,,544
154152,RW27.28.26PII_E-1155,30,Sq. Yards,3205,291,3252,682,1,0,,1,,,544
154837,JG23_1814,30,Sq. Yards,3194,280,3200,696,1,0,,1,,,544
155205,RW18.2-3629,30,Sq. Yards,3208,294,3264,698,1,0,,1,,,544
155775,PJ28.1_E-148,30,Sq. Yards,3192,278,3193,935,1,0,,1,,,544
155875,RW18.2-3131,30,Sq. Yards,3208,294,3264,686,1,0,,1,,,544
156275,PJ28.2_E-37,30,Sq. Yards,3192,278,3193,944,1,0,,1,,,544
156660,GO13.14_117,30,Sq. Yards,3199,285,3221,684,1,0,,1,,,544
157279,SSPIII20_E-155,30,Sq. Yards,3202,288,3238,693,1,0,,1,,,544
158213,RW27.28.26PII_E-847,30,Sq. Yards,3205,291,3252,690,1,0,,1,,,544
158617,JR6_E-54,30,Sq. Yards,3206,292,3257,688,1,0,,1,,,544
159500,PW21_75,30,Sq. Yards,3212,298,3276,685,1,0,,1,,,544
160687,PW21_480,30,Sq. Yards,3212,298,3276,706,1,0,,1,,,544
160887,MG9.10.3_E-68,30,Sq. Yards,3207,293,3259,693,1,0,,1,,,544
161257,KN32_347,30,Sq. Yards,3197,283,3215,694,1,0,,1,,,544
161342,SD8_E-177,30,Sq. Yards,3200,286,3230,688,1,0,,1,,,544
161357,JR6_E-102,30,Sq. Yards,3206,292,3257,689,1,0,,1,,,544
161589,RW18.2-3037,30,Sq. Yards,3208,294,3264,685,1,0,,1,,,544
161840,JG23_1383,30,Sq. Yards,3194,280,3200,701,1,0,,1,,,544
148076,RW18.2-3452,30,Sq. Yards,3208,294,3264,711,1,0,,1,,,544
149237,SD8_E-212,30,Sq. Yards,3200,286,3230,681,1,0,,1,,,544
149394,SSPIII20_E-816,30,Sq. Yards,3202,288,3238,690,1,0,,1,,,544
150809,RW18.2-3245,30,Sq. Yards,3208,294,3264,691,1,0,,1,,,544
151995,PJ28.3_E-150,30,Sq. Yards,3192,278,3193,699,1,0,,1,,,544
152527,SD8_E-19,30,Sq. Yards,3200,286,3230,692,1,0,,1,,,544
152702,RW18.2-3522,30,Sq. Yards,3208,294,3264,689,1,0,,1,,,544
153088,SSPIII20_E-460,30,Sq. Yards,3202,288,3238,703,1,0,,1,,,544
153163,CD9_E-432,30,Sq. Yards,3213,299,3279,690,1,0,,1,,,544
154049,RW27.28.26PII_E-870,30,Sq. Yards,3205,291,3252,702,1,0,,1,,,544
154299,RW27.28.26PII_E-1223,30,Sq. Yards,3205,291,3252,682,1,0,,1,,,544
154792,SSPIII20_E-260,30,Sq. Yards,3202,288,3238,682,1,0,,1,,,544
155028,PWAP_E-509,30,Sq. Yards,3212,298,3276,708,1,0,,1,,,544
155178,KN9.32_E-20,30,Sq. Yards,3197,283,3215,681,1,0,,1,,,544
155378,RW27.28.26PII_E-1347,30,Sq. Yards,3205,291,3252,683,1,0,,1,,,544
155410,PWAP_E-399,30,Sq. Yards,3212,298,3276,695,1,0,,1,,,544
155428,JG23_2192,30,Sq. Yards,3194,280,3200,681,1,0,,1,,,544
155460,PWAP_E-328,30,Sq. Yards,3212,298,3276,768,1,0,,1,,,544
155653,PWAP_E-374,30,Sq. Yards,3212,298,3276,768,1,0,,1,,,544
155921,RW27.28.26PII_E-5,30,Sq. Yards,3205,291,3252,702,1,0,,1,,,544
156321,RW18.2-2306,30,Sq. Yards,3208,294,3264,681,1,0,,1,,,544
156621,JG22.2_E-157,30,Sq. Yards,3194,280,3200,697,1,0,,1,,,544
156682,RW18.2-3571,30,Sq. Yards,3208,294,3264,687,1,0,,1,,,544
157014,RW36A_E-175,30,Sq. Yards,3205,291,3252,701,1,0,,1,,,544
157293,RW27.28.26PII_E-807,30,Sq. Yards,3205,291,3252,683,1,0,,1,,,544
159222,JG23_1321,30,Sq. Yards,3194,280,3200,696,1,0,,1,,,544
159447,PWAP_E-113,30,Sq. Yards,3212,298,3276,695,1,0,,1,,,544
160283,CD1B_E-56,30,Sq. Yards,3213,299,3279,691,1,0,,1,,,544
160308,SSPIII20_E-383,30,Sq. Yards,3202,288,3238,700,1,0,,1,,,544
161619,PW21_921,30,Sq. Yards,3212,298,3276,681,1,0,,1,,,544
161944,RK5_E-168,30,Sq. Yards,3205,291,3252,686,1,0,,1,,,544
147810,KN9.32_E-153,30,Sq. Yards,3197,283,3215,975,1,0,,1,,,544
147910,RW18.2-3359,30,Sq. Yards,3208,294,3264,704,1,0,,1,,,544
147978,JG23_2098,30,Sq. Yards,3194,280,3200,692,1,0,,1,,,544
149264,RW27.28.26PII_E-1064,30,Sq. Yards,3205,291,3252,700,1,0,,1,,,544
149782,RW18.2-2291,30,Sq. Yards,3208,294,3264,708,1,0,,1,,,544
150135,PWAP_E-443,30,Sq. Yards,3212,298,3276,705,1,0,,1,,,544
150386,SSPIII20_E-156,30,Sq. Yards,3202,288,3238,701,1,0,,1,,,544
151103,RW19.2_E-59,30,Sq. Yards,3208,294,3264,681,1,0,,1,,,544
152157,RW27.28.26PII_E-1042,30,Sq. Yards,3205,291,3252,683,1,0,,1,,,544
152908,RW27.28.26PII_E-1464,30,Sq. Yards,3205,291,3252,684,1,0,,1,,,544
155933,GO13.14_206,30,Sq. Yards,3199,285,3221,695,1,0,,1,,,544
155952,CD9_E-305,30,Sq. Yards,3213,299,3279,691,1,0,,1,,,544
156702,RW27.28.26PII_E-404,30,Sq. Yards,3205,291,3252,690,1,0,,1,,,544
156820,RK21.2_E-135,30,Sq. Yards,3205,291,3252,681,1,0,,1,,,544
157119,RW18.2-2218,30,Sq. Yards,3208,294,3264,692,1,0,,1,,,544
157720,RW18.2-3684,30,Sq. Yards,3208,294,3264,705,1,0,,1,,,544
157805,SD8_E-178,30,Sq. Yards,3200,286,3230,694,1,0,,1,,,544
158173,MG9.10.3_E-133,30,Sq. Yards,3207,293,3259,692,1,0,,1,,,544
158641,JG22.1_E-83,30,Sq. Yards,3194,280,3200,696,1,0,,1,,,544
158960,RK5_E-356,30,Sq. Yards,3205,291,3252,682,1,0,,1,,,544
159392,PW21_471,30,Sq. Yards,3212,298,3276,686,1,0,,1,,,544
161131,JR9PII_E-257,30,Sq. Yards,3206,292,3257,693,1,0,,1,,,544
161146,JG22.2_E-51,30,Sq. Yards,3194,280,3200,691,1,0,,1,,,544
161900,RW27.28.26PII_E-510,30,Sq. Yards,3205,291,3252,694,1,0,,1,,,544
162100,RW27.28.26PII_E-864,30,Sq. Yards,3205,291,3252,690,1,0,,1,,,544
162403,RW27.28.26PII_E-1325,30,Sq. Yards,3205,291,3252,683,1,0,,1,,,544
162567,JG23_676,30,Sq. Yards,3194,280,3200,696,1,0,,1,,,544
148029,PW21_345,30,Sq. Yards,3212,298,3276,688,1,0,,1,,,544
148230,RW36A_E-254,30,Sq. Yards,3205,291,3252,690,1,0,,1,,,544
148244,RW27.28.26PII_E-796,30,Sq. Yards,3205,291,3252,683,1,0,,1,,,544
149366,PW21_940,30,Sq. Yards,3212,298,3276,691,1,0,,1,,,544
149515,RW18.2-2143,30,Sq. Yards,3208,294,3264,708,1,0,,1,,,544
150601,RW18.2-3227,30,Sq. Yards,3208,294,3264,700,1,0,,1,,,544
150687,RW27.28.26PII_E-1525,30,Sq. Yards,3205,291,3252,683,1,0,,1,,,544
151052,PW21_9,30,Sq. Yards,3212,298,3276,688,1,0,,1,,,544
151155,MG9.10.3_E-317,30,Sq. Yards,3207,293,3259,693,1,0,,1,,,544
151555,RW27.28.26PII_E-410,30,Sq. Yards,3205,291,3252,702,1,0,,1,,,544
151656,RW18.2-2774,30,Sq. Yards,3208,294,3264,697,1,0,,1,,,544
152273,CD9_E-303,30,Sq. Yards,3213,299,3279,701,1,0,,1,,,544
153059,RK21.2_E-237,30,Sq. Yards,3205,291,3252,689,1,0,,1,,,544
153860,JG23_461,30,Sq. Yards,3194,280,3200,689,1,0,,1,,,544
154478,RW18.2-2038,30,Sq. Yards,3208,294,3264,682,1,0,,1,,,544
156150,SSPIII20_E-3,30,Sq. Yards,3202,288,3238,684,1,0,,1,,,544
156853,CD9_E-148,30,Sq. Yards,3213,299,3279,697,1,0,,1,,,544
157321,JG23_1025,30,Sq. Yards,3194,280,3200,702,1,0,,1,,,544
157540,MG9.10.3_E-91,30,Sq. Yards,3207,293,3259,693,1,0,,1,,,544
158058,RW18.2-3261,30,Sq. Yards,3208,294,3264,703,1,0,,1,,,544
158407,JG23_2145,30,Sq. Yards,3194,280,3200,685,1,0,,1,,,544
158422,JG23_993,30,Sq. Yards,3194,280,3200,687,1,0,,1,,,544
158993,PW21_819,30,Sq. Yards,3212,298,3276,696,1,0,,1,,,544
159158,RK21.2_E-196,30,Sq. Yards,3205,291,3252,688,1,0,,1,,,544
159458,RW27.28.26PII_E-1671,30,Sq. Yards,3205,291,3252,695,1,0,,1,,,544
159729,FD9_E-2,30,Sq. Yards,3201,287,3233,701,1,0,,1,,,544
159912,SSPIII20_E-165,30,Sq. Yards,3202,288,3238,710,1,0,,1,,,544
160311,RW36A_E-150,30,Sq. Yards,3205,291,3252,699,1,0,,1,,,544
147579,MG9.10.3_E-173,30,Sq. Yards,3207,293,3259,693,1,0,,1,,,544
148562,RW27.28.26PII_E-128,30,Sq. Yards,3205,291,3252,695,1,0,,1,,,544
148729,RK5_E-306,30,Sq. Yards,3205,291,3252,690,1,0,,1,,,544
149248,JR6_E-330,30,Sq. Yards,3206,292,3257,695,1,0,,1,,,544
149966,SD8_E-38,30,Sq. Yards,3200,286,3230,684,1,0,,1,,,544
150151,KN32_162,30,Sq. Yards,3197,283,3215,681,1,0,,1,,,544
151187,JG24.2_E-141,30,Sq. Yards,3194,280,3200,700,1,0,,1,,,544
152073,RW18.2-3639,30,Sq. Yards,3208,294,3264,691,1,0,,1,,,544
152892,RW18.2-3534,30,Sq. Yards,3208,294,3264,701,1,0,,1,,,544
153142,RW27.28.26PII_E-785,30,Sq. Yards,3205,291,3252,685,1,0,,1,,,544
153477,RW18.2-2773,30,Sq. Yards,3208,294,3264,689,1,0,,1,,,544
154231,JG22.2_E-66,30,Sq. Yards,3194,280,3200,685,1,0,,1,,,544
155081,JR9_E-46,30,Sq. Yards,3206,292,3257,696,1,0,,1,,,544
155467,JG22.2_E-489,30,Sq. Yards,3194,280,3200,684,1,0,,1,,,544
147471,RW18.2-3626,30,Sq. Yards,3208,294,3264,682,1,0,,1,,,544
147850,RW18.2-3725,30,Sq. Yards,3208,294,3264,707,1,0,,1,,,544
148018,RW18.2-2170,30,Sq. Yards,3208,294,3264,710,1,0,,1,,,544
148416,RW18.2-2466,30,Sq. Yards,3208,294,3264,690,1,0,,1,,,544
149379,PW21_427,30,Sq. Yards,3212,298,3276,696,1,0,,1,,,544
150222,RW18.2-3557,30,Sq. Yards,3208,294,3264,694,1,0,,1,,,544
150454,RW18.2-3397,30,Sq. Yards,3208,294,3264,705,1,0,,1,,,544
151585,JG23_771,30,Sq. Yards,3194,280,3200,691,1,0,,1,,,544
152655,RW18.2-2886,30,Sq. Yards,3208,294,3264,689,1,0,,1,,,544
153423,JR6_E-374,30,Sq. Yards,3206,292,3257,692,1,0,,1,,,544
155561,JG23_2187,30,Sq. Yards,3194,280,3200,686,1,0,,1,,,544
155568,PWAP_E-126,30,Sq. Yards,3212,298,3276,768,1,0,,1,,,544
155663,JR6_E-367,30,Sq. Yards,3206,292,3257,696,1,0,,1,,,544
156329,KN32_115,30,Sq. Yards,3197,283,3215,975,1,0,,1,,,544
156338,KN32_270,30,Sq. Yards,3197,283,3215,681,1,0,,1,,,544
156431,PW21_1088,30,Sq. Yards,3212,298,3276,683,1,0,,1,,,544
156742,PW21_871,30,Sq. Yards,3212,298,3276,685,1,0,,1,,,544
157544,GO16_E-202,30,Sq. Yards,3199,285,3221,685,1,0,,1,,,544
157599,CD1B_E-51,30,Sq. Yards,3213,299,3279,699,1,0,,1,,,544
157835,RW27.28.26PII_E-1410,30,Sq. Yards,3205,291,3252,690,1,0,,1,,,544
158312,JG23_455,30,Sq. Yards,3194,280,3200,682,1,0,,1,,,544
158580,PW21_1063,30,Sq. Yards,3212,298,3276,692,1,0,,1,,,544
159171,JG23_1323,30,Sq. Yards,3194,280,3200,690,1,0,,1,,,544
159307,PWAP_E-313,30,Sq. Yards,3212,298,3276,696,1,0,,1,,,544
159373,PW21_491,30,Sq. Yards,3212,298,3276,691,1,0,,1,,,544
159546,JG23_772,30,Sq. Yards,3194,280,3200,692,1,0,,1,,,544
159673,RW18.2-3194,30,Sq. Yards,3208,294,3264,697,1,0,,1,,,544
159873,RW19.2_E-76,30,Sq. Yards,3208,294,3264,683,1,0,,1,,,544
160307,KN9.32_E-1,30,Sq. Yards,3197,283,3215,681,1,0,,1,,,544
160918,RW18.2-2801,30,Sq. Yards,3208,294,3264,706,1,0,,1,,,544
161077,SSPIII20_E-565,30,Sq. Yards,3202,288,3238,690,1,0,,1,,,544
148611,JG23_1849,30,Sq. Yards,3194,280,3200,697,1,0,,1,,,544
148686,JG22.2_E-400,30,Sq. Yards,3194,280,3200,701,1,0,,1,,,544
148875,SSPIII20_E-414,30,Sq. Yards,3202,288,3238,698,1,0,,1,,,544
149520,RW18.2-2339,30,Sq. Yards,3208,294,3264,708,1,0,,1,,,544
149956,JG22.2_E-312,30,Sq. Yards,3194,280,3200,685,1,0,,1,,,544
150090,RW27.28.26PII_E-808,30,Sq. Yards,3205,291,3252,692,1,0,,1,,,544
150256,PJ28.1_E-190,30,Sq. Yards,3192,278,3193,929,1,0,,1,,,544
151026,RW36A_E-111,30,Sq. Yards,3205,291,3252,683,1,0,,1,,,544
151192,CD1B_E-123,30,Sq. Yards,3213,299,3279,695,1,0,,1,,,544
152898,RW36A_E-190,30,Sq. Yards,3205,291,3252,684,1,0,,1,,,544
153030,PW21_400,30,Sq. Yards,3212,298,3276,710,1,0,,1,,,544
153557,KN32_217,30,Sq. Yards,3197,283,3215,681,1,0,,1,,,544
153732,RW18.2-3473,30,Sq. Yards,3208,294,3264,684,1,0,,1,,,544
154825,RW18.2-3366,30,Sq. Yards,3208,294,3264,704,1,0,,1,,,544
155068,PWAP_E-268,30,Sq. Yards,3212,298,3276,688,1,0,,1,,,544
155261,JR6_E-169,30,Sq. Yards,3206,292,3257,696,1,0,,1,,,544
155929,RW27.28.26PII_E-124,30,Sq. Yards,3205,291,3252,683,1,0,,1,,,544
156867,RW27.28.26PII_E-1558,30,Sq. Yards,3205,291,3252,681,1,0,,1,,,544
156976,RW36A_E-226,30,Sq. Yards,3205,291,3252,683,1,0,,1,,,544
157240,RW36A_E-144,30,Sq. Yards,3205,291,3252,684,1,0,,1,,,544
157333,RW18.2-3153,30,Sq. Yards,3208,294,3264,681,1,0,,1,,,544
157340,JG22.2_E-483,30,Sq. Yards,3194,280,3200,682,1,0,,1,,,544
158973,CD9_E-140,30,Sq. Yards,3213,299,3279,691,1,0,,1,,,544
159437,RW27.28.26PII_E-828,30,Sq. Yards,3205,291,3252,695,1,0,,1,,,544
161120,JG23_611,30,Sq. Yards,3194,280,3200,685,1,0,,1,,,544
161320,PWAP_E-348,30,Sq. Yards,3212,298,3276,708,1,0,,1,,,544
161947,PW21_429,30,Sq. Yards,3212,298,3276,682,1,0,,1,,,544
147800,SSPIII20_E-92,30,Sq. Yards,3202,288,3238,682,1,0,,1,,,544
148134,GO16_E-1,30,Sq. Yards,3199,285,3221,681,1,0,,1,,,544
148291,PW21_566,30,Sq. Yards,3212,298,3276,939,1,0,,1,,,544
148559,GO13.14_155,30,Sq. Yards,3199,285,3221,684,1,0,,1,,,544
148736,JG23_1322,30,Sq. Yards,3194,280,3200,695,1,0,,1,,,544
148936,PW21_588,30,Sq. Yards,3212,298,3276,695,1,0,,1,,,544
149002,RW27.28.26PII_E-423,30,Sq. Yards,3205,291,3252,699,1,0,,1,,,544
156756,RW27.28.26PII_E-1257,30,Sq. Yards,3205,291,3252,683,1,0,,1,,,544
156981,CD1B_E-12,30,Sq. Yards,3213,299,3279,699,1,0,,1,,,544
157324,PJ28.3_E-61,30,Sq. Yards,3192,278,3193,698,1,0,,1,,,544
157358,PJ28.1_E-134,30,Sq. Yards,3192,278,3193,692,1,0,,1,,,544
158555,JR6_E-237,30,Sq. Yards,3206,292,3257,682,1,0,,1,,,544
158953,JG23_906,30,Sq. Yards,3194,280,3200,696,1,0,,1,,,544
159053,RW18.2-2567,30,Sq. Yards,3208,294,3264,681,1,0,,1,,,544
159189,PW21_520,30,Sq. Yards,3212,298,3276,691,1,0,,1,,,544
159455,RW27.28.26PII_E-742,30,Sq. Yards,3205,291,3252,690,1,0,,1,,,544
159900,SSPIII20_E-778,30,Sq. Yards,3202,288,3238,682,1,0,,1,,,544
160502,RW18.2-2578,30,Sq. Yards,3208,294,3264,689,1,0,,1,,,544
160900,PW21_820,30,Sq. Yards,3212,298,3276,947,1,0,,1,,,544
161836,KN32_205,30,Sq. Yards,3197,283,3215,681,1,0,,1,,,544
161963,JG23_1481,30,Sq. Yards,3194,280,3200,700,1,0,,1,,,544
162331,RW36A_E-10,30,Sq. Yards,3205,291,3252,685,1,0,,1,,,544
148646,GO16_E-209,30,Sq. Yards,3199,285,3221,682,1,0,,1,,,544
148746,RW27.28.26PII_E-712,30,Sq. Yards,3205,291,3252,691,1,0,,1,,,544
149014,JG22.2_E-302,30,Sq. Yards,3194,280,3200,702,1,0,,1,,,544
149217,RW18.2-3538,30,Sq. Yards,3208,294,3264,689,1,0,,1,,,544
149317,RW36A_E-309,30,Sq. Yards,3205,291,3252,682,1,0,,1,,,544
149431,MG9.10.3_E-162,30,Sq. Yards,3207,293,3259,694,1,0,,1,,,544
150435,JR9PII_E-244,30,Sq. Yards,3206,292,3257,683,1,0,,1,,,544
150617,RW18.2-3013,30,Sq. Yards,3208,294,3264,689,1,0,,1,,,544
151022,RW18.2-3497,30,Sq. Yards,3208,294,3264,685,1,0,,1,,,544
151490,RW27.28.26PII_E-636,30,Sq. Yards,3205,291,3252,681,1,0,,1,,,544
151872,RW18.2-2347,30,Sq. Yards,3208,294,3264,705,1,0,,1,,,544
152307,SSPIII20_E-67,30,Sq. Yards,3202,288,3238,690,1,0,,1,,,544
152489,RW19.2_E-10,30,Sq. Yards,3208,294,3264,708,1,0,,1,,,544
152940,JR6_E-119,30,Sq. Yards,3206,292,3257,689,1,0,,1,,,544
156333,MG9.10.3_E-160,30,Sq. Yards,3207,293,3259,683,1,0,,1,,,544
156684,FD9_E-6,30,Sq. Yards,3201,287,3233,689,1,0,,1,,,544
157355,RW27.28.26PII_E-681,30,Sq. Yards,3205,291,3252,685,1,0,,1,,,544
157655,SSPIII20_E-830,30,Sq. Yards,3202,288,3238,684,1,0,,1,,,544
159174,RW18.2-3076,30,Sq. Yards,3208,294,3264,691,1,0,,1,,,544
159177,JG23_516,30,Sq. Yards,3194,280,3200,686,1,0,,1,,,544
159859,JG23_2162,30,Sq. Yards,3194,280,3200,697,1,0,,1,,,544
160296,RW18.2-3425,30,Sq. Yards,3208,294,3264,700,1,0,,1,,,544
160999,PW21_625,30,Sq. Yards,3212,298,3276,689,1,0,,1,,,544
161449,JG23_342,30,Sq. Yards,3194,280,3200,696,1,0,,1,,,544
161682,KN32_57,30,Sq. Yards,3197,283,3215,700,1,0,,1,,,544
161967,KN32_262,30,Sq. Yards,3197,283,3215,694,1,0,,1,,,544
162168,CD9_E-150,30,Sq. Yards,3213,299,3279,694,1,0,,1,,,544
147672,GO16_E-170,30,Sq. Yards,3199,285,3221,690,1,0,,1,,,544
148333,JG23_504,30,Sq. Yards,3194,280,3200,697,1,0,,1,,,544
148919,PJ28.3_E-18,30,Sq. Yards,3192,278,3193,689,1,0,,1,,,544
149312,SSPIII20_E-33,30,Sq. Yards,3202,288,3238,709,1,0,,1,,,544
149344,JG23_1817,30,Sq. Yards,3194,280,3200,695,1,0,,1,,,544
150698,PW21_116,30,Sq. Yards,3212,298,3276,709,1,0,,1,,,544
152370,JG23_833,30,Sq. Yards,3194,280,3200,683,1,0,,1,,,544
152870,JG22.2_E-621,30,Sq. Yards,3194,280,3200,681,1,0,,1,,,544
155485,JG23_1077,30,Sq. Yards,3194,280,3200,681,1,0,,1,,,544
155678,MG9.10.3_E-132,30,Sq. Yards,3207,293,3259,693,1,0,,1,,,544
156189,PJ28.2_E-31,30,Sq. Yards,3192,278,3193,902,1,0,,1,,,544
156246,RW27.28.26PII_E-1185,30,Sq. Yards,3205,291,3252,692,1,0,,1,,,544
157057,JR9PII_E-37,30,Sq. Yards,3206,292,3257,683,1,0,,1,,,544
157343,CD9_E-418,30,Sq. Yards,3213,299,3279,687,1,0,,1,,,544
158168,RW36A_E-238,30,Sq. Yards,3205,291,3252,696,1,0,,1,,,544
158279,RW27.28.26PII_E-1439,30,Sq. Yards,3205,291,3252,684,1,0,,1,,,544
158443,PWAP_E-4,30,Sq. Yards,3212,298,3276,696,1,0,,1,,,544
159329,PW21_342,30,Sq. Yards,3212,298,3276,774,1,0,,1,,,544
160151,KN9.32_E-42,30,Sq. Yards,3197,283,3215,685,1,0,,1,,,544
160458,GO13.14_9,30,Sq. Yards,3199,285,3221,682,1,0,,1,,,544
160540,CD9_E-28,30,Sq. Yards,3213,299,3279,686,1,0,,1,,,544
160701,RW18.2-2687,30,Sq. Yards,3208,294,3264,710,1,0,,1,,,544
160883,JG23_986,30,Sq. Yards,3194,280,3200,1053,1,0,,1,,,544
149302,CD9_E-386,30,Sq. Yards,3213,299,3279,700,1,0,,1,,,544
151033,RW36A_E-180,30,Sq. Yards,3205,291,3252,687,1,0,,1,,,544
151569,JG23_1394,30,Sq. Yards,3194,280,3200,702,1,0,,1,,,544
152146,JG23_452,30,Sq. Yards,3194,280,3200,695,1,0,,1,,,544
152369,PWAP_E-375,30,Sq. Yards,3212,298,3276,939,1,0,,1,,,544
153371,JG22.1_E-59,30,Sq. Yards,3194,280,3200,702,1,0,,1,,,544
153775,PJ28.2_E-82,30,Sq. Yards,3192,278,3193,684,1,0,,1,,,544
154552,RW18.2-2781,30,Sq. Yards,3208,294,3264,696,1,0,,1,,,544
154775,PW21_539,30,Sq. Yards,3212,298,3276,707,1,0,,1,,,544
155279,JG22.2_E-116,30,Sq. Yards,3194,280,3200,692,1,0,,1,,,544
155847,CD9_E-464,30,Sq. Yards,3213,299,3279,683,1,0,,1,,,544
156683,FD9_E-153,30,Sq. Yards,3201,287,3233,688,1,0,,1,,,544
156792,SSPIII20_E-13,30,Sq. Yards,3202,288,3238,705,1,0,,1,,,544
157090,GO13.14_67,30,Sq. Yards,3199,285,3221,701,1,0,,1,,,544
157749,RW18.2-2852,30,Sq. Yards,3208,294,3264,699,1,0,,1,,,544
158094,JG23_556,30,Sq. Yards,3194,280,3200,683,1,0,,1,,,544
158253,SSPIII20_E-15,30,Sq. Yards,3202,288,3238,694,1,0,,1,,,544
158560,KN32_196,30,Sq. Yards,3197,283,3215,683,1,0,,1,,,544
159489,RW36A_E-199,30,Sq. Yards,3205,291,3252,681,1,0,,1,,,544
160332,JR6_E-183,30,Sq. Yards,3206,292,3257,689,1,0,,1,,,544
160734,JG24.2_E-49,30,Sq. Yards,3194,280,3200,697,1,0,,1,,,544
161100,JG23_766,30,Sq. Yards,3194,280,3200,685,1,0,,1,,,544
147528,JR9PII_E-38,30,Sq. Yards,3206,292,3257,691,1,0,,1,,,544
148663,KN32_289,30,Sq. Yards,3197,283,3215,681,1,0,,1,,,544
149114,RW18.2-3115,30,Sq. Yards,3208,294,3264,692,1,0,,1,,,544
149799,KN9.32_E-96,30,Sq. Yards,3197,283,3215,687,1,0,,1,,,544
150553,SSPIII20_E-45,30,Sq. Yards,3202,288,3238,866,1,0,,1,,,544
151054,RW36A_E-279,30,Sq. Yards,3205,291,3252,684,1,0,,1,,,544
151922,JG23_1857,30,Sq. Yards,3194,280,3200,690,1,0,,1,,,544
152007,JG23_1665,30,Sq. Yards,3194,280,3200,695,1,0,,1,,,544
152526,JG22.2_E-314,30,Sq. Yards,3194,280,3200,697,1,0,,1,,,544
152643,RW27.28.26PII_E-1536,30,Sq. Yards,3205,291,3252,691,1,0,,1,,,544
153579,RW27.28.26PII_E-776,30,Sq. Yards,3205,291,3252,699,1,0,,1,,,544
154279,PJ28.3_E-193,30,Sq. Yards,3192,278,3193,935,1,0,,1,,,544
156083,CD9_E-349,30,Sq. Yards,3213,299,3279,690,1,0,,1,,,544
156451,RW27.28.26PII_E-1367,30,Sq. Yards,3205,291,3252,685,1,0,,1,,,544
156669,JAJ_E-24,30,Sq. Yards,3200,286,3229,682,1,0,,1,,,544
156901,JG24.2_E-30,30,Sq. Yards,3194,280,3200,700,1,0,,1,,,544
156937,FD9_E-25,30,Sq. Yards,3201,287,3233,683,1,0,,1,,,544
157369,CD9_E-444,30,Sq. Yards,3213,299,3279,692,1,0,,1,,,544
158355,RW19.1_E-97,30,Sq. Yards,3208,294,3264,687,1,0,,1,,,544
158409,RW18.2-3352,30,Sq. Yards,3208,294,3264,682,1,0,,1,,,544
158874,RW27.28.26PII_E-11,30,Sq. Yards,3205,291,3252,683,1,0,,1,,,544
159341,JG23_2151,30,Sq. Yards,3194,280,3200,695,1,0,,1,,,544
160864,PW21_1042,30,Sq. Yards,3212,298,3276,706,1,0,,1,,,544
161013,RW19.1_E-17,30,Sq. Yards,3208,294,3264,692,1,0,,1,,,544
162486,JG23_2061,30,Sq. Yards,3194,280,3200,689,1,0,,1,,,544
148458,CD1B_E-184,30,Sq. Yards,3213,299,3279,681,1,0,,1,,,544
149519,PW21_517,30,Sq. Yards,3212,298,3276,939,1,0,,1,,,544
152234,RW18.1_E-65,30,Sq. Yards,3208,294,3264,685,1,0,,1,,,544
152627,JG23_1702,30,Sq. Yards,3194,280,3200,696,1,0,,1,,,544
153031,JG23_1279,30,Sq. Yards,3194,280,3200,681,1,0,,1,,,544
154056,PW21_1001,30,Sq. Yards,3212,298,3276,704,1,0,,1,,,544
154978,PW21_954,30,Sq. Yards,3212,298,3276,705,1,0,,1,,,544
155185,PJ28.3_E-172,30,Sq. Yards,3192,278,3193,944,1,0,,1,,,544
157400,FD9_E-139,30,Sq. Yards,3201,287,3233,693,1,0,,1,,,544
158886,KN32_199,30,Sq. Yards,3197,283,3215,695,1,0,,1,,,544
159065,PW21_214,30,Sq. Yards,3212,298,3276,711,1,0,,1,,,544
159972,SD8_E-33,30,Sq. Yards,3200,286,3230,694,1,0,,1,,,544
160383,RK21.2_E-423,30,Sq. Yards,3205,291,3252,682,1,0,,1,,,544
160726,KN32_348,30,Sq. Yards,3197,283,3215,694,1,0,,1,,,544
160826,PJ28.3_E-180,30,Sq. Yards,3192,278,3193,684,1,0,,1,,,544
148316,PW21_355,30,Sq. Yards,3212,298,3276,708,1,0,,1,,,544
148452,JR9PII_E-235,30,Sq. Yards,3206,292,3257,687,1,0,,1,,,544
148609,PW21_1117,30,Sq. Yards,3212,298,3276,709,1,0,,1,,,544
147914,RK21.2_E-303,30,Sq. Yards,3205,291,3252,681,1,0,,1,,,544
148877,SSPIII20_E-722,30,Sq. Yards,3202,288,3238,686,1,0,,1,,,544
150015,RW27.28.26PII_E-215,30,Sq. Yards,3205,291,3252,682,1,0,,1,,,544
150290,RW36A_E-32,30,Sq. Yards,3205,291,3252,702,1,0,,1,,,544
150792,RW27.28.26PII_E-489,30,Sq. Yards,3205,291,3252,690,1,0,,1,,,544
151149,KN32_230,30,Sq. Yards,3197,283,3215,695,1,0,,1,,,544
151653,RW18.2-3203,30,Sq. Yards,3208,294,3264,708,1,0,,1,,,544
151862,JR6_E-38,30,Sq. Yards,3206,292,3257,692,1,0,,1,,,544
153155,RW18.2-2560,30,Sq. Yards,3208,294,3264,685,1,0,,1,,,544
153859,CD9_E-123,30,Sq. Yards,3213,299,3279,693,1,0,,1,,,544
154323,RW18.2-2376,30,Sq. Yards,3208,294,3264,704,1,0,,1,,,544
154368,SSPIII20_E-166,30,Sq. Yards,3202,288,3238,681,1,0,,1,,,544
154725,RK21.2_E-191,30,Sq. Yards,3205,291,3252,683,1,0,,1,,,544
155195,PW21_1116,30,Sq. Yards,3212,298,3276,710,1,0,,1,,,544
155536,JR6_E-277,30,Sq. Yards,3206,292,3257,684,1,0,,1,,,544
156631,RK21.2_E-264,30,Sq. Yards,3205,291,3252,696,1,0,,1,,,544
159516,RK5_E-198,30,Sq. Yards,3205,291,3252,700,1,0,,1,,,544
159905,RW18.2-3788,30,Sq. Yards,3208,294,3264,710,1,0,,1,,,544
160309,RW18.2-2211,30,Sq. Yards,3208,294,3264,689,1,0,,1,,,544
160709,JG22.2_E-268,30,Sq. Yards,3194,280,3200,689,1,0,,1,,,544
160777,PW21_899,30,Sq. Yards,3212,298,3276,709,1,0,,1,,,544
162658,RK21.2_E-273,30,Sq. Yards,3205,291,3252,696,1,0,,1,,,544
148511,RK21.2_E-620,30,Sq. Yards,3205,291,3252,682,1,0,,1,,,544
149077,RW18.2-2404,30,Sq. Yards,3208,294,3264,707,1,0,,1,,,544
149881,RK21.2_E-420,30,Sq. Yards,3205,291,3252,700,1,0,,1,,,544
150047,RK21.2_E-188,30,Sq. Yards,3205,291,3252,686,1,0,,1,,,544
150756,RW36A_E-80,30,Sq. Yards,3205,291,3252,685,1,0,,1,,,544
151851,RW27.28.26PII_E-1735,30,Sq. Yards,3205,291,3252,721,1,0,,1,,,544
152653,GO13.14_171,30,Sq. Yards,3199,285,3221,701,1,0,,1,,,544
152728,JR6_E-95,30,Sq. Yards,3206,292,3257,688,1,0,,1,,,544
153089,RW27.28.26PII_E-533,30,Sq. Yards,3205,291,3252,681,1,0,,1,,,544
154093,KN9.32_E-69,30,Sq. Yards,3197,283,3215,695,1,0,,1,,,544
154268,PWAP_E-365,30,Sq. Yards,3212,298,3276,708,1,0,,1,,,544
154434,RW27.28.26PII_E-1481,30,Sq. Yards,3205,291,3252,691,1,0,,1,,,544
154827,JG23_1104,30,Sq. Yards,3194,280,3200,686,1,0,,1,,,544
155295,JG22.2_E-709,30,Sq. Yards,3194,280,3200,697,1,0,,1,,,544
156204,PJ28.1_E-26,30,Sq. Yards,3192,278,3193,935,1,0,,1,,,544
156708,JG23_641,30,Sq. Yards,3194,280,3200,697,1,0,,1,,,544
158278,RW18.1_E-49,30,Sq. Yards,3208,294,3264,685,1,0,,1,,,544
160716,JG23_831,30,Sq. Yards,3194,280,3200,682,1,0,,1,,,544
162013,JR6_E-407,30,Sq. Yards,3206,292,3257,683,1,0,,1,,,544
162490,GO16_E-44,30,Sq. Yards,3199,285,3221,687,1,0,,1,,,544
147732,JR6_E-42,30,Sq. Yards,3206,292,3257,695,1,0,,1,,,544
147759,RW18.2-2388,30,Sq. Yards,3208,294,3264,706,1,0,,1,,,544
147991,RW36A_E-263,30,Sq. Yards,3205,291,3252,686,1,0,,1,,,544
149872,JG23_1064,30,Sq. Yards,3194,280,3200,686,1,0,,1,,,544
149895,PWAP_E-444,30,Sq. Yards,3212,298,3276,683,1,0,,1,,,544
149961,RW36A_E-188,30,Sq. Yards,3205,291,3252,683,1,0,,1,,,544
150406,RW18.2-2124,30,Sq. Yards,3208,294,3264,709,1,0,,1,,,544
150708,SSPIII20_E-417,30,Sq. Yards,3202,288,3238,682,1,0,,1,,,544
151242,RK21.2_E-189,30,Sq. Yards,3205,291,3252,687,1,0,,1,,,544
151610,KN32_315,30,Sq. Yards,3197,283,3215,695,1,0,,1,,,544
152337,GO13.14_63,30,Sq. Yards,3199,285,3221,686,1,0,,1,,,544
152578,JG22.2_E-542,30,Sq. Yards,3194,280,3200,682,1,0,,1,,,544
153112,JG23_657,30,Sq. Yards,3194,280,3200,682,1,0,,1,,,544
153346,JG23_2204,30,Sq. Yards,3194,280,3200,685,1,0,,1,,,544
153816,RK5_E-77,30,Sq. Yards,3205,291,3252,682,1,0,,1,,,544
154852,JR9PII_E-9,30,Sq. Yards,3206,292,3257,682,1,0,,1,,,544
155956,PWAP_E-314,30,Sq. Yards,3212,298,3276,710,1,0,,1,,,544
156658,KN32_252,30,Sq. Yards,3197,283,3215,681,1,0,,1,,,544
157022,KN32_151,30,Sq. Yards,3197,283,3215,686,1,0,,1,,,544
158151,JR9PII_E-157,30,Sq. Yards,3206,292,3257,696,1,0,,1,,,544
158419,RW27.28.26PII_E-163,30,Sq. Yards,3205,291,3252,681,1,0,,1,,,544
158753,SSPIII20_E-177,30,Sq. Yards,3202,288,3238,691,1,0,,1,,,544
147641,MG9.10.2_E-32,30,Sq. Yards,3207,293,3259,687,1,0,,1,,,544
147950,GO16_E-78,30,Sq. Yards,3199,285,3221,684,1,0,,1,,,544
149486,JG22.2_E-298,30,Sq. Yards,3194,280,3200,684,1,0,,1,,,544
150113,JG22.2_E-639,30,Sq. Yards,3194,280,3200,694,1,0,,1,,,544
150224,RK21.2_E-597,30,Sq. Yards,3205,291,3252,686,1,0,,1,,,544
150858,SSPIII20_E-98,30,Sq. Yards,3202,288,3238,691,1,0,,1,,,544
151628,JG22.2_E-227,30,Sq. Yards,3194,280,3200,689,1,0,,1,,,544
151717,PJ28.1_E-84,30,Sq. Yards,3192,278,3193,704,1,0,,1,,,544
153196,PW21_953,30,Sq. Yards,3212,298,3276,709,1,0,,1,,,544
153900,PW21_23,30,Sq. Yards,3212,298,3276,704,1,0,,1,,,544
154132,RW18.2-3070,30,Sq. Yards,3208,294,3264,684,1,0,,1,,,544
154302,RW27.28.26PII_E-65,30,Sq. Yards,3205,291,3252,692,1,0,,1,,,544
154466,RW18.2-2835,30,Sq. Yards,3208,294,3264,685,1,0,,1,,,544
154766,PW21_966,30,Sq. Yards,3212,298,3276,695,1,0,,1,,,544
154868,RK21.2_E-231,30,Sq. Yards,3205,291,3252,702,1,0,,1,,,544
157644,GO16_E-243,30,Sq. Yards,3199,285,3221,700,1,0,,1,,,544
157876,RW18.2-2969,30,Sq. Yards,3208,294,3264,692,1,0,,1,,,544
159103,CD9_E-498,30,Sq. Yards,3213,299,3279,701,1,0,,1,,,544
159246,JG22.2_E-286,30,Sq. Yards,3194,280,3200,701,1,0,,1,,,544
159816,RK21.2_E-200,30,Sq. Yards,3205,291,3252,681,1,0,,1,,,544
160014,KN9.32_E-28,30,Sq. Yards,3197,283,3215,681,1,0,,1,,,544
160207,RW18.2-2799,30,Sq. Yards,3208,294,3264,683,1,0,,1,,,544
160216,RK21.2_E-606,30,Sq. Yards,3205,291,3252,700,1,0,,1,,,544
160818,JG23_1822,30,Sq. Yards,3194,280,3200,692,1,0,,1,,,544
162381,JG22.2_E-63,30,Sq. Yards,3194,280,3200,682,1,0,,1,,,544
147482,SSPIII20_E-788,30,Sq. Yards,3202,288,3238,682,1,0,,1,,,544
147839,RW27.28.26PII_E-1035,30,Sq. Yards,3205,291,3252,690,1,0,,1,,,544
148552,PW21_766,30,Sq. Yards,3212,298,3276,696,1,0,,1,,,544
148977,JR6_E-400,30,Sq. Yards,3206,292,3257,691,1,0,,1,,,544
149052,PWAP_E-505,30,Sq. Yards,3212,298,3276,686,1,0,,1,,,544
149211,JG22.2_E-477,30,Sq. Yards,3194,280,3200,692,1,0,,1,,,544
149313,RW18.2-3059,30,Sq. Yards,3208,294,3264,704,1,0,,1,,,544
149388,FD9_E-113,30,Sq. Yards,3201,287,3233,688,1,0,,1,,,544
149443,JG23_2174,30,Sq. Yards,3194,280,3200,699,1,0,,1,,,544
150490,RW27.28.26PII_E-1479,30,Sq. Yards,3205,291,3252,686,1,0,,1,,,544
150658,SSPIII20_E-412,30,Sq. Yards,3202,288,3238,703,1,0,,1,,,544
152862,RW27.28.26PII_E-149,30,Sq. Yards,3205,291,3252,690,1,0,,1,,,544
153062,JG23_2053,30,Sq. Yards,3194,280,3200,691,1,0,,1,,,544
153298,FD9_E-7,30,Sq. Yards,3201,287,3233,701,1,0,,1,,,544
153464,KN32_233,30,Sq. Yards,3197,283,3215,685,1,0,,1,,,544
153857,JG22.2_E-39,30,Sq. Yards,3194,280,3200,687,1,0,,1,,,544
154627,JG22.1_E-86,30,Sq. Yards,3194,280,3200,686,1,0,,1,,,544
154702,RK21.2_E-625,30,Sq. Yards,3205,291,3252,692,1,0,,1,,,544
155338,RW27.28.26PII_E-167,30,Sq. Yards,3205,291,3252,702,1,0,,1,,,544
155468,JG22.2_E-420,30,Sq. Yards,3194,280,3200,701,1,0,,1,,,544
155931,RK21.2_E-439,30,Sq. Yards,3205,291,3252,684,1,0,,1,,,544
157265,JG23_828,30,Sq. Yards,3194,280,3200,684,1,0,,1,,,544
158112,RW27.28.26PII_E-153,30,Sq. Yards,3205,291,3252,684,1,0,,1,,,544
159875,FD9_E-152,30,Sq. Yards,3201,287,3233,700,1,0,,1,,,544
160114,RW27.28.26PII_E-574,30,Sq. Yards,3205,291,3252,688,1,0,,1,,,544
160139,PW21_1148,30,Sq. Yards,3212,298,3276,696,1,0,,1,,,544
160248,PJ28.1_E-92,30,Sq. Yards,3192,278,3193,935,1,0,,1,,,544
160909,RW18.2-3358,30,Sq. Yards,3208,294,3264,682,1,0,,1,,,544
160920,RW18.2-3272,30,Sq. Yards,3208,294,3264,685,1,0,,1,,,544
161184,KN9.32_E-95,30,Sq. Yards,3197,283,3215,683,1,0,,1,,,544
162113,JG23_1944,30,Sq. Yards,3194,280,3200,692,1,0,,1,,,544
148223,JG23_911,30,Sq. Yards,3194,280,3200,685,1,0,,1,,,544
148770,PJ28.3_E-168,30,Sq. Yards,3192,278,3193,944,1,0,,1,,,544
149104,PW21_1091,30,Sq. Yards,3212,298,3276,692,1,0,,1,,,544
149127,JR9PII_E-230,30,Sq. Yards,3206,292,3257,693,1,0,,1,,,544
149159,JG22.1_E-116,30,Sq. Yards,3194,280,3200,702,1,0,,1,,,544
149193,KN32_177,30,Sq. Yards,3197,283,3215,696,1,0,,1,,,544
149761,RW18.1_E-32,30,Sq. Yards,3208,294,3264,704,1,0,,1,,,544
150097,RK21.2_E-68,30,Sq. Yards,3205,291,3252,700,1,0,,1,,,544
147741,RW36A_E-68,30,Sq. Yards,3205,291,3252,688,1,0,,1,,,544
149179,RW18.2-2580,30,Sq. Yards,3208,294,3264,694,1,0,,1,,,544
149811,RW18.2-3346,30,Sq. Yards,3208,294,3264,685,1,0,,1,,,544
151283,PJ28.3_E-182,30,Sq. Yards,3192,278,3193,1008,1,0,,1,,,544
151315,JG23_493,30,Sq. Yards,3194,280,3200,691,1,0,,1,,,544
151826,FD9_E-183,30,Sq. Yards,3201,287,3233,688,1,0,,1,,,544
152753,RW18.2-3276,30,Sq. Yards,3208,294,3264,711,1,0,,1,,,544
153396,SSPIII20_E-12,30,Sq. Yards,3202,288,3238,694,1,0,,1,,,544
153823,PJ28.3_E-45,30,Sq. Yards,3192,278,3193,902,1,0,,1,,,544
154257,JG23_996,30,Sq. Yards,3194,280,3200,691,1,0,,1,,,544
154500,JG22.2_E-100,30,Sq. Yards,3194,280,3200,1020,1,0,,1,,,544
154661,JG23_438,30,Sq. Yards,3194,280,3200,692,1,0,,1,,,544
155804,SSPIII20_E-118,30,Sq. Yards,3202,288,3238,693,1,0,,1,,,544
155938,JR9PII_E-169,30,Sq. Yards,3206,292,3257,698,1,0,,1,,,544
157601,RW27.28.26PII_E-178,30,Sq. Yards,3205,291,3252,684,1,0,,1,,,544
157801,JG22.2_E-603,30,Sq. Yards,3194,280,3200,691,1,0,,1,,,544
157910,RW18.2-2134,30,Sq. Yards,3208,294,3264,704,1,0,,1,,,544
158144,RW27.28.26PII_E-861,30,Sq. Yards,3205,291,3252,681,1,0,,1,,,544
158869,JAJ_E-110,30,Sq. Yards,3200,286,3229,692,1,0,,1,,,544
160575,RW18.2-3296,30,Sq. Yards,3208,294,3264,703,1,0,,1,,,544
160582,RW27.28.26PII_E-716,30,Sq. Yards,3205,291,3252,687,1,0,,1,,,544
160652,RW27.28.26PII_E-1503,30,Sq. Yards,3205,291,3252,683,1,0,,1,,,544
160784,JG23_561,30,Sq. Yards,3194,280,3200,691,1,0,,1,,,544
161254,RW27.28.26PII_E-55,30,Sq. Yards,3205,291,3252,690,1,0,,1,,,544
161377,FD9_E-175,30,Sq. Yards,3201,287,3233,691,1,0,,1,,,544
147473,RW18.2-2808,30,Sq. Yards,3208,294,3264,681,1,0,,1,,,544
147909,RW18.1_E-125,30,Sq. Yards,3208,294,3264,705,1,0,,1,,,544
147939,MG9.10.3_E-148,30,Sq. Yards,3207,293,3259,693,1,0,,1,,,544
149145,RK21.2_E-96,30,Sq. Yards,3205,291,3252,699,1,0,,1,,,544
149245,JG23_1803,30,Sq. Yards,3194,280,3200,686,1,0,,1,,,544
149677,RK21.2_E-577,30,Sq. Yards,3205,291,3252,700,1,0,,1,,,544
150422,PW21_977,30,Sq. Yards,3212,298,3276,698,1,0,,1,,,544
152419,SSPIII20_E-269,30,Sq. Yards,3202,288,3238,689,1,0,,1,,,544
152962,RK5_E-97,30,Sq. Yards,3205,291,3252,686,1,0,,1,,,544
155193,PW21_71,30,Sq. Yards,3212,298,3276,705,1,0,,1,,,544
155736,RW27.28.26PII_E-314,30,Sq. Yards,3205,291,3252,690,1,0,,1,,,544
156040,JG23_2246,30,Sq. Yards,3194,280,3200,691,1,0,,1,,,544
156429,SSPIII20_E-54,30,Sq. Yards,3202,288,3238,863,1,0,,1,,,544
156499,RW18.2-2903,30,Sq. Yards,3208,294,3264,695,1,0,,1,,,544
157510,RW27.28.26PII_E-672,30,Sq. Yards,3205,291,3252,696,1,0,,1,,,544
157878,RW27.28.26PII_E-1148,30,Sq. Yards,3205,291,3252,683,1,0,,1,,,544
158244,RW27.28.26PII_E-1724,30,Sq. Yards,3205,291,3252,682,1,0,,1,,,544
158378,GO16_E-28,30,Sq. Yards,3199,285,3221,681,1,0,,1,,,544
160173,JR6_E-160,30,Sq. Yards,3206,292,3257,688,1,0,,1,,,544
160273,RK21.2_E-400,30,Sq. Yards,3205,291,3252,701,1,0,,1,,,544
160543,JG23_2250,30,Sq. Yards,3194,280,3200,697,1,0,,1,,,544
160986,RW27.28.26PII_E-1511,30,Sq. Yards,3205,291,3252,686,1,0,,1,,,544
162088,PW21_643,30,Sq. Yards,3212,298,3276,689,1,0,,1,,,544
162615,PW21_684,30,Sq. Yards,3212,298,3276,706,1,0,,1,,,544
147564,RK21.2_E-140,30,Sq. Yards,3205,291,3252,687,1,0,,1,,,544
148536,JR9_E-16,30,Sq. Yards,3206,292,3257,692,1,0,,1,,,544
149361,MG9.10.3_E-285,30,Sq. Yards,3207,293,3259,693,1,0,,1,,,544
150197,RW36A_E-98,30,Sq. Yards,3205,291,3252,686,1,0,,1,,,544
150231,PWAP_E-13,30,Sq. Yards,3212,298,3276,684,1,0,,1,,,544
150806,PJ28.1_E-70,30,Sq. Yards,3192,278,3193,704,1,0,,1,,,544
150808,PJ28.1_E-147,30,Sq. Yards,3192,278,3193,944,1,0,,1,,,544
152346,RW18.2-2487,30,Sq. Yards,3208,294,3264,683,1,0,,1,,,544
152371,RW18.2-3414,30,Sq. Yards,3208,294,3264,683,1,0,,1,,,544
152380,SSPIII20_E-51,30,Sq. Yards,3202,288,3238,696,1,0,,1,,,544
152878,PWAP_E-148,30,Sq. Yards,3212,298,3276,687,1,0,,1,,,544
153071,RW27.28.26PII_E-322,30,Sq. Yards,3205,291,3252,696,1,0,,1,,,544
154075,RW27.28.26PII_E-666,30,Sq. Yards,3205,291,3252,682,1,0,,1,,,544
154173,RW18.2-3483,30,Sq. Yards,3208,294,3264,692,1,0,,1,,,544
160919,RW36A_E-24,30,Sq. Yards,3205,291,3252,685,1,0,,1,,,544
161719,GO16_E-350,30,Sq. Yards,3199,285,3221,684,1,0,,1,,,544
162255,RK21.2_E-203,30,Sq. Yards,3205,291,3252,683,1,0,,1,,,544
148141,JG23_845,30,Sq. Yards,3194,280,3200,681,1,0,,1,,,544
150088,KN32_40,30,Sq. Yards,3197,283,3215,693,1,0,,1,,,544
151081,PW21_463,30,Sq. Yards,3212,298,3276,682,1,0,,1,,,544
151092,JR6_E-320,30,Sq. Yards,3206,292,3257,695,1,0,,1,,,544
152428,RW27.28.26PII_E-655,30,Sq. Yards,3205,291,3252,684,1,0,,1,,,544
152628,JG24.2_E-101,30,Sq. Yards,3194,280,3200,697,1,0,,1,,,544
152687,JG23_1236,30,Sq. Yards,3194,280,3200,685,1,0,,1,,,544
154700,JG23_1312,30,Sq. Yards,3194,280,3200,685,1,0,,1,,,544
155104,PJ28.2_E-94,30,Sq. Yards,3192,278,3193,935,1,0,,1,,,544
156972,JG23_954,30,Sq. Yards,3194,280,3200,687,1,0,,1,,,544
157542,JG23_357,30,Sq. Yards,3194,280,3200,697,1,0,,1,,,544
158337,RK5_E-289,30,Sq. Yards,3205,291,3252,692,1,0,,1,,,544
158346,JG23_615,30,Sq. Yards,3194,280,3200,682,1,0,,1,,,544
158644,JR6_E-327,30,Sq. Yards,3206,292,3257,682,1,0,,1,,,544
159237,KN32_56,30,Sq. Yards,3197,283,3215,975,1,0,,1,,,544
160384,RW18.1_E-170,30,Sq. Yards,3208,294,3264,697,1,0,,1,,,544
160741,RW18.2-3542,30,Sq. Yards,3208,294,3264,692,1,0,,1,,,544
161611,RW27.28.26PII_E-754,30,Sq. Yards,3205,291,3252,690,1,0,,1,,,544
162247,PW21_145,30,Sq. Yards,3212,298,3276,708,1,0,,1,,,544
162390,JG23_1710,30,Sq. Yards,3194,280,3200,697,1,0,,1,,,544
162456,RW18.2-2470,30,Sq. Yards,3208,294,3264,691,1,0,,1,,,544
162479,RK5_E-19,30,Sq. Yards,3205,291,3252,685,1,0,,1,,,544
147790,RW18.2-3681,30,Sq. Yards,3208,294,3264,681,1,0,,1,,,544
149512,JAJ_E-72,30,Sq. Yards,3200,286,3229,691,1,0,,1,,,544
150391,JR6_E-248,30,Sq. Yards,3206,292,3257,684,1,0,,1,,,544
150655,PWAP_E-183,30,Sq. Yards,3212,298,3276,682,1,0,,1,,,544
150891,JG23_1133,30,Sq. Yards,3194,280,3200,681,1,0,,1,,,544
151952,PWAP_E-120,30,Sq. Yards,3212,298,3276,706,1,0,,1,,,544
152152,JG23_2054,30,Sq. Yards,3194,280,3200,699,1,0,,1,,,544
153556,JG23_2173,30,Sq. Yards,3194,280,3200,686,1,0,,1,,,544
153656,RW27.28.26PII_E-1594,30,Sq. Yards,3205,291,3252,686,1,0,,1,,,544
154392,PWAP_E-222,30,Sq. Yards,3212,298,3276,689,1,0,,1,,,544
154835,MG9.10.3_E-198,30,Sq. Yards,3207,293,3259,683,1,0,,1,,,544
155346,PW21_290,30,Sq. Yards,3212,298,3276,684,1,0,,1,,,544
156739,MG9.10.3_E-186,30,Sq. Yards,3207,293,3259,693,1,0,,1,,,544
156775,RW18.2-2219,30,Sq. Yards,3208,294,3264,704,1,0,,1,,,544
157325,RW27.28.26PII_E-484,30,Sq. Yards,3205,291,3252,694,1,0,,1,,,544
158036,JG23_1477,30,Sq. Yards,3194,280,3200,693,1,0,,1,,,544
158786,PW21_761,30,Sq. Yards,3212,298,3276,708,1,0,,1,,,544
159154,PW21_501,30,Sq. Yards,3212,298,3276,682,1,0,,1,,,544
160569,RW18.2-3790,30,Sq. Yards,3208,294,3264,704,1,0,,1,,,544
161087,RW27.28.26PII_E-1534,30,Sq. Yards,3205,291,3252,681,1,0,,1,,,544
161194,JR9PII_E-161,30,Sq. Yards,3206,292,3257,690,1,0,,1,,,544
162498,RW36A_E-157,30,Sq. Yards,3205,291,3252,694,1,0,,1,,,544
162505,JG22.1_E-135,30,Sq. Yards,3194,280,3200,702,1,0,,1,,,544
148231,JG23_678,30,Sq. Yards,3194,280,3200,685,1,0,,1,,,544
149582,CD9_E-212,30,Sq. Yards,3213,299,3279,684,1,0,,1,,,544
149817,JG24.2_E-146,30,Sq. Yards,3194,280,3200,695,1,0,,1,,,544
150218,RK21.2_E-372,30,Sq. Yards,3205,291,3252,698,1,0,,1,,,544
151121,PJ28.1_E-212,30,Sq. Yards,3192,278,3193,944,1,0,,1,,,544
151189,JG22.2_E-204,30,Sq. Yards,3194,280,3200,683,1,0,,1,,,544
151639,JR9PII_E-132,30,Sq. Yards,3206,292,3257,684,1,0,,1,,,544
153225,JG22.2_E-699,30,Sq. Yards,3194,280,3200,694,1,0,,1,,,544
153594,JG23_753,30,Sq. Yards,3194,280,3200,690,1,0,,1,,,544
153893,RW27.28.26PII_E-832,30,Sq. Yards,3205,291,3252,693,1,0,,1,,,544
154212,PJ28.1_E-150,30,Sq. Yards,3192,278,3193,693,1,0,,1,,,544
155283,JG23_1024,30,Sq. Yards,3194,280,3200,684,1,0,,1,,,544
156951,PWAP_E-306,30,Sq. Yards,3212,298,3276,705,1,0,,1,,,544
157138,RW18.2-2564,30,Sq. Yards,3208,294,3264,684,1,0,,1,,,544
158405,PWAP_E-472,30,Sq. Yards,3212,298,3276,711,1,0,,1,,,544
158623,RW18.2-3162,30,Sq. Yards,3208,294,3264,683,1,0,,1,,,544
159560,RW27.28.26PII_E-1641,30,Sq. Yards,3205,291,3252,697,1,0,,1,,,544
148775,JG23_1844,30,Sq. Yards,3194,280,3200,684,1,0,,1,,,544
148911,PJ28.1_E-173,30,Sq. Yards,3192,278,3193,682,1,0,,1,,,544
149988,RW36A_E-39,30,Sq. Yards,3205,291,3252,693,1,0,,1,,,544
150079,CD9_E-173,30,Sq. Yards,3213,299,3279,692,1,0,,1,,,544
150354,RW18.1_E-22,30,Sq. Yards,3208,294,3264,685,1,0,,1,,,544
150747,RK21.2_E-269,30,Sq. Yards,3205,291,3252,690,1,0,,1,,,544
150915,JG23_303,30,Sq. Yards,3194,280,3200,682,1,0,,1,,,544
151251,SD8_E-245,30,Sq. Yards,3200,286,3230,691,1,0,,1,,,544
151517,JG23_1461,30,Sq. Yards,3194,280,3200,682,1,0,,1,,,544
152126,RW27.28.26PII_E-1174,30,Sq. Yards,3205,291,3252,698,1,0,,1,,,544
153132,PJ28.1_E-101,30,Sq. Yards,3192,278,3193,935,1,0,,1,,,544
154234,RK21.2_E-522,30,Sq. Yards,3205,291,3252,690,1,0,,1,,,544
154359,JG23_1591,30,Sq. Yards,3194,280,3200,681,1,0,,1,,,544
154536,PWAP_E-117,30,Sq. Yards,3212,298,3276,690,1,0,,1,,,544
157276,PWAP_E-484,30,Sq. Yards,3212,298,3276,686,1,0,,1,,,544
157374,JG23_1772,30,Sq. Yards,3194,280,3200,696,1,0,,1,,,544
158076,PW21_122,30,Sq. Yards,3212,298,3276,706,1,0,,1,,,544
158242,CD9_E-331,30,Sq. Yards,3213,299,3279,692,1,0,,1,,,544
158301,RW27.28.26PII_E-662,30,Sq. Yards,3205,291,3252,696,1,0,,1,,,544
158571,JG23_1902,30,Sq. Yards,3194,280,3200,692,1,0,,1,,,544
158610,PW21_849,30,Sq. Yards,3212,298,3276,696,1,0,,1,,,544
158769,JG22.2_E-471,30,Sq. Yards,3194,280,3200,697,1,0,,1,,,544
159775,RK21.2_E-318,30,Sq. Yards,3205,291,3252,698,1,0,,1,,,544
159807,MG9.10.3_E-221,30,Sq. Yards,3207,293,3259,687,1,0,,1,,,544
159975,RW27.28.26PII_E-1601,30,Sq. Yards,3205,291,3252,685,1,0,,1,,,544
160073,RW27.28.26PII_E-166,30,Sq. Yards,3205,291,3252,700,1,0,,1,,,544
160477,JG23_2224,30,Sq. Yards,3194,280,3200,686,1,0,,1,,,544
160886,JG22.2_E-166,30,Sq. Yards,3194,280,3200,699,1,0,,1,,,544
161052,RW19.1_E-101,30,Sq. Yards,3208,294,3264,696,1,0,,1,,,544
161211,RW27.28.26PII_E-475,30,Sq. Yards,3205,291,3252,694,1,0,,1,,,544
162447,RW27.28.26PII_E-1195,30,Sq. Yards,3205,291,3252,685,1,0,,1,,,544
162481,JG22.2_E-186,30,Sq. Yards,3194,280,3200,694,1,0,,1,,,544
149057,PW21_308,30,Sq. Yards,3212,298,3276,682,1,0,,1,,,544
149323,SD8_E-226,30,Sq. Yards,3200,286,3230,684,1,0,,1,,,544
149610,SSPIII20_E-175,30,Sq. Yards,3202,288,3238,709,1,0,,1,,,544
149925,RK21.2_E-327,30,Sq. Yards,3205,291,3252,694,1,0,,1,,,544
150074,RW27.28.26PII_E-433,30,Sq. Yards,3205,291,3252,681,1,0,,1,,,544
150659,RW27.28.26PII_E-1486,30,Sq. Yards,3205,291,3252,690,1,0,,1,,,544
150678,JG23_1406,30,Sq. Yards,3194,280,3200,695,1,0,,1,,,544
151144,JG22.2_E-223,30,Sq. Yards,3194,280,3200,682,1,0,,1,,,544
153484,CD9_E-454,30,Sq. Yards,3213,299,3279,692,1,0,,1,,,544
153552,SSPIII20_E-539,30,Sq. Yards,3202,288,3238,710,1,0,,1,,,544
153718,GO16_E-365,30,Sq. Yards,3199,285,3221,697,1,0,,1,,,544
154439,SSPIII20_E-533,30,Sq. Yards,3202,288,3238,681,1,0,,1,,,544
156226,JG22.2_E-536,30,Sq. Yards,3194,280,3200,681,1,0,,1,,,544
156494,GO13.14_238,30,Sq. Yards,3199,285,3221,685,1,0,,1,,,544
156643,PWAP_E-333,30,Sq. Yards,3212,298,3276,768,1,0,,1,,,544
156696,PW21_407,30,Sq. Yards,3212,298,3276,699,1,0,,1,,,544
156811,JG23_1056,30,Sq. Yards,3194,280,3200,687,1,0,,1,,,544
157379,JG23_630,30,Sq. Yards,3194,280,3200,682,1,0,,1,,,544
157998,PW21_1079,30,Sq. Yards,3212,298,3276,685,1,0,,1,,,544
158600,RW36A_E-42,30,Sq. Yards,3205,291,3252,686,1,0,,1,,,544
159136,MG9.10.2_E-46,30,Sq. Yards,3207,293,3259,693,1,0,,1,,,544
159719,JG23_683,30,Sq. Yards,3194,280,3200,684,1,0,,1,,,544
159734,RW18.2-2859,30,Sq. Yards,3208,294,3264,685,1,0,,1,,,544
159968,RW18.2-3361,30,Sq. Yards,3208,294,3264,699,1,0,,1,,,544
160506,MG9.10.3_E-137,30,Sq. Yards,3207,293,3259,690,1,0,,1,,,544
160606,SD8_E-98,30,Sq. Yards,3200,286,3230,687,1,0,,1,,,544
161340,RW27.28.26PII_E-1089,30,Sq. Yards,3205,291,3252,701,1,0,,1,,,544
161825,RW18.2-2386,30,Sq. Yards,3208,294,3264,696,1,0,,1,,,544
162076,JG23_528,30,Sq. Yards,3194,280,3200,696,1,0,,1,,,544
147665,JR6_E-394,30,Sq. Yards,3206,292,3257,689,1,0,,1,,,544
147926,SD8_E-144,30,Sq. Yards,3200,286,3230,690,1,0,,1,,,544
147990,RW18.2-2955,30,Sq. Yards,3208,294,3264,685,1,0,,1,,,544
159398,SSPIII20_E-546,30,Sq. Yards,3202,288,3238,707,1,0,,1,,,544
161870,CD9_E-396,30,Sq. Yards,3213,299,3279,695,1,0,,1,,,544
162129,JG23_351,30,Sq. Yards,3194,280,3200,681,1,0,,1,,,544
148263,JG22.1_E-7,30,Sq. Yards,3194,280,3200,700,1,0,,1,,,544
148264,JG23_610,30,Sq. Yards,3194,280,3200,683,1,0,,1,,,544
148564,CD9_E-176,30,Sq. Yards,3213,299,3279,684,1,0,,1,,,544
148632,KN32_314,30,Sq. Yards,3197,283,3215,681,1,0,,1,,,544
148731,RK5_E-104,30,Sq. Yards,3205,291,3252,696,1,0,,1,,,544
148899,CD9_E-318,30,Sq. Yards,3213,299,3279,695,1,0,,1,,,544
149400,JG23_1895,30,Sq. Yards,3194,280,3200,689,1,0,,1,,,544
150450,RW36A_E-159,30,Sq. Yards,3205,291,3252,684,1,0,,1,,,544
150818,RW36A_E-324,30,Sq. Yards,3205,291,3252,683,1,0,,1,,,544
151204,PW21_288,30,Sq. Yards,3212,298,3276,709,1,0,,1,,,544
153576,KN32_227,30,Sq. Yards,3197,283,3215,683,1,0,,1,,,544
153643,JG23_312,30,Sq. Yards,3194,280,3200,702,1,0,,1,,,544
153812,RW27.28.26PII_E-1305,30,Sq. Yards,3205,291,3252,698,1,0,,1,,,544
154712,RW27.28.26PII_E-1270,30,Sq. Yards,3205,291,3252,696,1,0,,1,,,544
155434,RW18.2-3728,30,Sq. Yards,3208,294,3264,697,1,0,,1,,,544
156316,RW18.2-2704,30,Sq. Yards,3208,294,3264,710,1,0,,1,,,544
156452,RW27.28.26PII_E-1306,30,Sq. Yards,3205,291,3252,690,1,0,,1,,,544
158156,RW18.2-2015,30,Sq. Yards,3208,294,3264,685,1,0,,1,,,544
158692,KN9.32_E-63,30,Sq. Yards,3197,283,3215,682,1,0,,1,,,544
159074,JR6_E-453,30,Sq. Yards,3206,292,3257,688,1,0,,1,,,544
159778,RW18.2-2554,30,Sq. Yards,3208,294,3264,704,1,0,,1,,,544
159896,JG23_1439,30,Sq. Yards,3194,280,3200,1047,1,0,,1,,,544
160263,PJ28.3_E-184,30,Sq. Yards,3192,278,3193,974,1,0,,1,,,544
161063,RW18.2-2473,30,Sq. Yards,3208,294,3264,699,1,0,,1,,,544
161467,SD8_E-223,30,Sq. Yards,3200,286,3230,686,1,0,,1,,,544
147715,JR9_E-59,30,Sq. Yards,3206,292,3257,693,1,0,,1,,,544
147772,RW18.1_E-95,30,Sq. Yards,3208,294,3264,697,1,0,,1,,,544
147897,PW21_980,30,Sq. Yards,3212,298,3276,704,1,0,,1,,,544
148240,RW18.1_E-94,30,Sq. Yards,3208,294,3264,710,1,0,,1,,,544
149294,MG9.10.3_E-176,30,Sq. Yards,3207,293,3259,689,1,0,,1,,,544
149694,JG23_598,30,Sq. Yards,3194,280,3200,695,1,0,,1,,,544
150816,RW19.2_E-43,30,Sq. Yards,3208,294,3264,692,1,0,,1,,,544
151752,JR9PII_E-177,30,Sq. Yards,3206,292,3257,696,1,0,,1,,,544
151970,RW18.2-3429,30,Sq. Yards,3208,294,3264,684,1,0,,1,,,544
152652,PW21_583,30,Sq. Yards,3212,298,3276,709,1,0,,1,,,544
152752,SSPIII20_E-758,30,Sq. Yards,3202,288,3238,681,1,0,,1,,,544
153613,PJ28.3_E-14,30,Sq. Yards,3192,278,3193,944,1,0,,1,,,544
154235,JG23_2195,30,Sq. Yards,3194,280,3200,691,1,0,,1,,,544
155035,RW27.28.26PII_E-1129,30,Sq. Yards,3205,291,3252,685,1,0,,1,,,544
155203,JG22.2_E-285,30,Sq. Yards,3194,280,3200,702,1,0,,1,,,544
155946,JG22.2_E-644,30,Sq. Yards,3194,280,3200,681,1,0,,1,,,544
156607,RK21.2_E-36,30,Sq. Yards,3205,291,3252,701,1,0,,1,,,544
156939,RW18.2-3077,30,Sq. Yards,3208,294,3264,709,1,0,,1,,,544
157143,RW18.2-3331,30,Sq. Yards,3208,294,3264,691,1,0,,1,,,544
157168,CD9_E-70,30,Sq. Yards,3213,299,3279,694,1,0,,1,,,544
157382,RW18.2-3096,30,Sq. Yards,3208,294,3264,708,1,0,,1,,,544
157625,RW27.28.26PII_E-894,30,Sq. Yards,3205,291,3252,690,1,0,,1,,,544
158436,KN32_254,30,Sq. Yards,3197,283,3215,681,1,0,,1,,,544
158661,SD8_E-78,30,Sq. Yards,3200,286,3230,694,1,0,,1,,,544
159315,RW27.28.26PII_E-256,30,Sq. Yards,3205,291,3252,681,1,0,,1,,,544
159622,JG23_1316,30,Sq. Yards,3194,280,3200,903,1,0,,1,,,544
160047,SSPIII20_E-228,30,Sq. Yards,3202,288,3238,711,1,0,,1,,,544
160340,MG9.10.3_E-287,30,Sq. Yards,3207,293,3259,695,1,0,,1,,,544
160901,KN32_166,30,Sq. Yards,3197,283,3215,684,1,0,,1,,,544
160951,SSPIII20_E-49,30,Sq. Yards,3202,288,3238,710,1,0,,1,,,544
162037,KN9.32_E-89,30,Sq. Yards,3197,283,3215,695,1,0,,1,,,544
147507,JG23_1831,30,Sq. Yards,3194,280,3200,686,1,0,,1,,,544
147639,RW27.28.26PII_E-1203,30,Sq. Yards,3205,291,3252,702,1,0,,1,,,544
147648,RW18.2-2910,30,Sq. Yards,3208,294,3264,707,1,0,,1,,,544
147673,PW21_140,30,Sq. Yards,3212,298,3276,708,1,0,,1,,,544
148009,CD1B_E-64,30,Sq. Yards,3213,299,3279,691,1,0,,1,,,544
148107,PWAP_E-493,30,Sq. Yards,3212,298,3276,705,1,0,,1,,,544
150399,KN32_73,30,Sq. Yards,3197,283,3215,687,1,0,,1,,,544
150499,PJ28.3_E-99,30,Sq. Yards,3192,278,3193,935,1,0,,1,,,544
150940,JR6_E-267,30,Sq. Yards,3206,292,3257,681,1,0,,1,,,544
151131,CD1B_E-76,30,Sq. Yards,3213,299,3279,692,1,0,,1,,,544
151876,RW27.28.26PII_E-1719,30,Sq. Yards,3205,291,3252,700,1,0,,1,,,544
152405,JR9PII_E-192,30,Sq. Yards,3206,292,3257,698,1,0,,1,,,544
152744,JG23_1355,30,Sq. Yards,3194,280,3200,696,1,0,,1,,,544
153407,RW27.28.26PII_E-1216,30,Sq. Yards,3205,291,3252,686,1,0,,1,,,544
153614,SSPIII20_E-194,30,Sq. Yards,3202,288,3238,685,1,0,,1,,,544
153675,RW27.28.26PII_E-675,30,Sq. Yards,3205,291,3252,684,1,0,,1,,,544
153782,JG22.2_E-1,30,Sq. Yards,3194,280,3200,692,1,0,,1,,,544
154184,JG24.2_E-134,30,Sq. Yards,3194,280,3200,685,1,0,,1,,,544
156213,MG9.10.2_E-43,30,Sq. Yards,3207,293,3259,694,1,0,,1,,,544
156758,JG23_503,30,Sq. Yards,3194,280,3200,686,1,0,,1,,,544
156847,PWAP_E-478,30,Sq. Yards,3212,298,3276,707,1,0,,1,,,544
156883,MG9.10.2_E-51,30,Sq. Yards,3207,293,3259,684,1,0,,1,,,544
158160,PW21_264,30,Sq. Yards,3212,298,3276,710,1,0,,1,,,544
158226,SSPIII20_E-353,30,Sq. Yards,3202,288,3238,690,1,0,,1,,,544
158921,SSPIII20_E-103,30,Sq. Yards,3202,288,3238,866,1,0,,1,,,544
159257,JR9PII_E-43,30,Sq. Yards,3206,292,3257,684,1,0,,1,,,544
160193,JG22.2_E-436,30,Sq. Yards,3194,280,3200,684,1,0,,1,,,544
160968,CD9_E-58,30,Sq. Yards,3213,299,3279,691,1,0,,1,,,544
161334,RW18.2-3465,30,Sq. Yards,3208,294,3264,681,1,0,,1,,,544
161797,RK21.2_E-60,30,Sq. Yards,3205,291,3252,697,1,0,,1,,,544
162206,GO16_E-143,30,Sq. Yards,3199,285,3221,691,1,0,,1,,,544
148178,JG23_1872,30,Sq. Yards,3194,280,3200,695,1,0,,1,,,544
149063,RK5_E-228,30,Sq. Yards,3205,291,3252,688,1,0,,1,,,544
150353,KN32_172,30,Sq. Yards,3197,283,3215,681,1,0,,1,,,544
150518,PW21_903,30,Sq. Yards,3212,298,3276,928,1,0,,1,,,544
151439,JR9_E-15,30,Sq. Yards,3206,292,3257,684,1,0,,1,,,544
152008,RW19.1_E-91,30,Sq. Yards,3208,294,3264,695,1,0,,1,,,544
152190,SSPIII20_E-133,30,Sq. Yards,3202,288,3238,691,1,0,,1,,,544
153208,SSPIII20_E-281,30,Sq. Yards,3202,288,3238,688,1,0,,1,,,544
153843,GO16_E-2,30,Sq. Yards,3199,285,3221,703,1,0,,1,,,544
153930,RW18.2-3167,30,Sq. Yards,3208,294,3264,691,1,0,,1,,,544
154311,JG23_1664,30,Sq. Yards,3194,280,3200,697,1,0,,1,,,544
154480,JG23_333,30,Sq. Yards,3194,280,3200,688,1,0,,1,,,544
154779,RW27.28.26PII_E-235,30,Sq. Yards,3205,291,3252,682,1,0,,1,,,544
155183,RW19.1_E-119,30,Sq. Yards,3208,294,3264,684,1,0,,1,,,544
155197,CD9_E-297,30,Sq. Yards,3213,299,3279,693,1,0,,1,,,544
155666,PWAP_E-329,30,Sq. Yards,3212,298,3276,706,1,0,,1,,,544
156184,JG23_1447,30,Sq. Yards,3194,280,3200,700,1,0,,1,,,544
156233,MG9.10.3_E-141,30,Sq. Yards,3207,293,3259,681,1,0,,1,,,544
157220,JR9_E-69,30,Sq. Yards,3206,292,3257,687,1,0,,1,,,544
157456,RW18.2-3613,30,Sq. Yards,3208,294,3264,684,1,0,,1,,,544
158056,PW21_357,30,Sq. Yards,3212,298,3276,695,1,0,,1,,,544
159042,RK5_E-326,30,Sq. Yards,3205,291,3252,682,1,0,,1,,,544
159927,KN32_200,30,Sq. Yards,3197,283,3215,681,1,0,,1,,,544
160849,GO13.14_101,30,Sq. Yards,3199,285,3221,703,1,0,,1,,,544
161082,CD1B_E-137,30,Sq. Yards,3213,299,3279,682,1,0,,1,,,544
162303,MG9.10.3_E-143,30,Sq. Yards,3207,293,3259,689,1,0,,1,,,544
148008,RW18.2-3766,30,Sq. Yards,3208,294,3264,693,1,0,,1,,,544
148533,RW18.2-3708,30,Sq. Yards,3208,294,3264,694,1,0,,1,,,544
148644,RW18.2-2648,30,Sq. Yards,3208,294,3264,707,1,0,,1,,,544
149101,PWAP_E-164,30,Sq. Yards,3212,298,3276,690,1,0,,1,,,544
151316,KN9.32_E-81,30,Sq. Yards,3197,283,3215,693,1,0,,1,,,544
151384,RW27.28.26PII_E-488,30,Sq. Yards,3205,291,3252,688,1,0,,1,,,544
151541,RW27.28.26PII_E-1118,30,Sq. Yards,3205,291,3252,682,1,0,,1,,,544
151584,RW18.2-2821,30,Sq. Yards,3208,294,3264,685,1,0,,1,,,544
151641,CD9_E-449,30,Sq. Yards,3213,299,3279,685,1,0,,1,,,544
152545,KN32_133,30,Sq. Yards,3197,283,3215,692,1,0,,1,,,544
153013,SSPIII20_E-464,30,Sq. Yards,3202,288,3238,681,1,0,,1,,,544
153363,CD1B_E-191,30,Sq. Yards,3213,299,3279,686,1,0,,1,,,544
154167,JR9PII_E-188,30,Sq. Yards,3206,292,3257,684,1,0,,1,,,544
154686,JG22.2_E-674,30,Sq. Yards,3194,280,3200,693,1,0,,1,,,544
157226,SSPIII20_E-84,30,Sq. Yards,3202,288,3238,687,1,0,,1,,,544
158019,JG23_1516,30,Sq. Yards,3194,280,3200,684,1,0,,1,,,544
158394,JR6_E-140,30,Sq. Yards,3206,292,3257,688,1,0,,1,,,544
158830,JG22.2_E-81,30,Sq. Yards,3194,280,3200,683,1,0,,1,,,544
159387,JG22.2_E-550,30,Sq. Yards,3194,280,3200,690,1,0,,1,,,544
160400,RW18.2-3491,30,Sq. Yards,3208,294,3264,703,1,0,,1,,,544
160725,RW36A_E-163,30,Sq. Yards,3205,291,3252,696,1,0,,1,,,544
161002,RW27.28.26PII_E-913,30,Sq. Yards,3205,291,3252,690,1,0,,1,,,544
161463,SSPIII20_E-62,30,Sq. Yards,3202,288,3238,683,1,0,,1,,,544
162131,RW27.28.26PII_E-1528,30,Sq. Yards,3205,291,3252,682,1,0,,1,,,544
162365,RW18.2-3327,30,Sq. Yards,3208,294,3264,690,1,0,,1,,,544
147527,RW18.2-2731,30,Sq. Yards,3208,294,3264,692,1,0,,1,,,544
147828,JG23_288,30,Sq. Yards,3194,280,3200,681,1,0,,1,,,544
148364,JG23_2146,30,Sq. Yards,3194,280,3200,689,1,0,,1,,,544
149049,RW36A_E-260,30,Sq. Yards,3205,291,3252,682,1,0,,1,,,544
149481,JG22.2_E-729,30,Sq. Yards,3194,280,3200,697,1,0,,1,,,544
149668,RW27.28.26PII_E-760,30,Sq. Yards,3205,291,3252,689,1,0,,1,,,544
150149,PWAP_E-506,30,Sq. Yards,3212,298,3276,708,1,0,,1,,,544
150286,CD9_E-121,30,Sq. Yards,3213,299,3279,690,1,0,,1,,,544
150972,PW21_939,30,Sq. Yards,3212,298,3276,921,1,0,,1,,,544
151353,JG22.2_E-376,30,Sq. Yards,3194,280,3200,682,1,0,,1,,,544
152708,JG23_1715,30,Sq. Yards,3194,280,3200,698,1,0,,1,,,544
152894,JAJ_E-2,30,Sq. Yards,3200,286,3229,683,1,0,,1,,,544
153111,JG22.2_E-20,30,Sq. Yards,3194,280,3200,691,1,0,,1,,,544
153193,JR6_E-360,30,Sq. Yards,3206,292,3257,690,1,0,,1,,,544
153561,RK21.2_E-37,30,Sq. Yards,3205,291,3252,685,1,0,,1,,,544
154565,JR6_E-65,30,Sq. Yards,3206,292,3257,684,1,0,,1,,,544
154865,RW18.2-2023,30,Sq. Yards,3208,294,3264,700,1,0,,1,,,544
155266,RW18.1_E-36,30,Sq. Yards,3208,294,3264,705,1,0,,1,,,544
156384,JG23_953,30,Sq. Yards,3194,280,3200,691,1,0,,1,,,544
157773,JG23_1317,30,Sq. Yards,3194,280,3200,683,1,0,,1,,,544
158423,JG23_306,30,Sq. Yards,3194,280,3200,692,1,0,,1,,,544
159410,PJ28.1_E-174,30,Sq. Yards,3192,278,3193,974,1,0,,1,,,544
160146,JG23_1588,30,Sq. Yards,3194,280,3200,684,1,0,,1,,,544
160596,PW21_270,30,Sq. Yards,3212,298,3276,696,1,0,,1,,,544
161882,RK5_E-238,30,Sq. Yards,3205,291,3252,684,1,0,,1,,,544
147583,PJ28.1_E-208,30,Sq. Yards,3192,278,3193,703,1,0,,1,,,544
148340,PW21_86,30,Sq. Yards,3212,298,3276,685,1,0,,1,,,544
148608,CD9_E-467,30,Sq. Yards,3213,299,3279,685,1,0,,1,,,544
148912,GO16_E-75,30,Sq. Yards,3199,285,3221,697,1,0,,1,,,544
149644,SSPIII20_E-585,30,Sq. Yards,3202,288,3238,690,1,0,,1,,,544
149755,RW18.2-3575,30,Sq. Yards,3208,294,3264,692,1,0,,1,,,544
150262,JR6_E-284,30,Sq. Yards,3206,292,3257,683,1,0,,1,,,544
150273,SSPIII20_E-747,30,Sq. Yards,3202,288,3238,687,1,0,,1,,,544
152813,JR6_E-81,30,Sq. Yards,3206,292,3257,688,1,0,,1,,,544
153263,JG23_2215,30,Sq. Yards,3194,280,3200,695,1,0,,1,,,544
154249,RW27.28.26PII_E-118,30,Sq. Yards,3205,291,3252,685,1,0,,1,,,544
154678,PW21_999,30,Sq. Yards,3212,298,3276,898,1,0,,1,,,544
154867,PW21_689,30,Sq. Yards,3212,298,3276,707,1,0,,1,,,544
155135,RW18.2-3786,30,Sq. Yards,3208,294,3264,688,1,0,,1,,,544
155878,RK21.2_E-641,30,Sq. Yards,3205,291,3252,701,1,0,,1,,,544
157075,PW21_1022,30,Sq. Yards,3212,298,3276,684,1,0,,1,,,544
157775,SD8_E-233,30,Sq. Yards,3200,286,3230,687,1,0,,1,,,544
158161,PW21_414,30,Sq. Yards,3212,298,3276,695,1,0,,1,,,544
158286,PWAP_E-130,30,Sq. Yards,3212,298,3276,696,1,0,,1,,,544
158622,GO13.14_254,30,Sq. Yards,3199,285,3221,701,1,0,,1,,,544
158822,RK21.2_E-339,30,Sq. Yards,3205,291,3252,693,1,0,,1,,,544
159554,JG22.2_E-335,30,Sq. Yards,3194,280,3200,699,1,0,,1,,,544
159597,RW18.2-2686,30,Sq. Yards,3208,294,3264,683,1,0,,1,,,544
159697,JG23_603,30,Sq. Yards,3194,280,3200,686,1,0,,1,,,544
160183,RW27.28.26PII_E-1457,30,Sq. Yards,3205,291,3252,702,1,0,,1,,,544
160558,FD9_E-189,30,Sq. Yards,3201,287,3233,688,1,0,,1,,,544
160608,MG9.10.3_E-200,30,Sq. Yards,3207,293,3259,689,1,0,,1,,,544
160794,RW18.2-2035,30,Sq. Yards,3208,294,3264,697,1,0,,1,,,544
159627,JG23_1867,30,Sq. Yards,3194,280,3200,690,1,0,,1,,,544
161064,MG9.10.3_E-64,30,Sq. Yards,3207,293,3259,690,1,0,,1,,,544
161650,RW27.28.26PII_E-347,30,Sq. Yards,3205,291,3252,682,1,0,,1,,,544
161850,RW27.28.26PII_E-1539,30,Sq. Yards,3205,291,3252,691,1,0,,1,,,544
147838,JG23_2230,30,Sq. Yards,3194,280,3200,684,1,0,,1,,,544
147955,RW36A_E-179,30,Sq. Yards,3205,291,3252,684,1,0,,1,,,544
148540,KN9.32_E-106,30,Sq. Yards,3197,283,3215,684,1,0,,1,,,544
148789,RW27.28.26PII_E-524,30,Sq. Yards,3205,291,3252,686,1,0,,1,,,544
148791,PW21_1037,30,Sq. Yards,3212,298,3276,691,1,0,,1,,,544
148821,SSPIII20_E-227,30,Sq. Yards,3202,288,3238,681,1,0,,1,,,544
149191,JG23_1901,30,Sq. Yards,3194,280,3200,686,1,0,,1,,,544
149840,PJ28.2_E-38,30,Sq. Yards,3192,278,3193,940,1,0,,1,,,544
150393,KN32_35,30,Sq. Yards,3197,283,3215,683,1,0,,1,,,544
150829,PW21_1112,30,Sq. Yards,3212,298,3276,688,1,0,,1,,,544
151497,RW18.2-3426,30,Sq. Yards,3208,294,3264,703,1,0,,1,,,544
155073,KN9.32_E-154,30,Sq. Yards,3197,283,3215,694,1,0,,1,,,544
155224,RW19.2_E-70,30,Sq. Yards,3208,294,3264,689,1,0,,1,,,544
157194,PJ28.3_E-71,30,Sq. Yards,3192,278,3193,707,1,0,,1,,,544
157428,SSPIII20_E-60,30,Sq. Yards,3202,288,3238,704,1,0,,1,,,544
158447,RW18.1_E-10,30,Sq. Yards,3208,294,3264,704,1,0,,1,,,544
158766,RK21.2_E-283,30,Sq. Yards,3205,291,3252,700,1,0,,1,,,544
159600,PW21_1041,30,Sq. Yards,3212,298,3276,706,1,0,,1,,,544
159851,PJ28.3_E-213,30,Sq. Yards,3192,278,3193,944,1,0,,1,,,544
161089,RW19.2_E-18,30,Sq. Yards,3208,294,3264,709,1,0,,1,,,544
162661,RW27.28.26PII_E-979,30,Sq. Yards,3205,291,3252,688,1,0,,1,,,544
147812,JG22.2_E-515,30,Sq. Yards,3194,280,3200,685,1,0,,1,,,544
148347,JG22.2_E-533,30,Sq. Yards,3194,280,3200,696,1,0,,1,,,544
150819,RW18.2-3595,30,Sq. Yards,3208,294,3264,689,1,0,,1,,,544
150888,PJ28.3_E-107,30,Sq. Yards,3192,278,3193,935,1,0,,1,,,544
151773,RW19.2_E-34,30,Sq. Yards,3208,294,3264,708,1,0,,1,,,544
152055,JAJ_E-80,30,Sq. Yards,3200,286,3229,690,1,0,,1,,,544
152406,PW21_234,30,Sq. Yards,3212,298,3276,696,1,0,,1,,,544
154513,PWAP_E-272,30,Sq. Yards,3212,298,3276,697,1,0,,1,,,544
154814,JR6_E-391,30,Sq. Yards,3206,292,3257,694,1,0,,1,,,544
154832,GO16_E-300,30,Sq. Yards,3199,285,3221,681,1,0,,1,,,544
156149,CD9_E-128,30,Sq. Yards,3213,299,3279,683,1,0,,1,,,544
156685,CD9_E-72,30,Sq. Yards,3213,299,3279,688,1,0,,1,,,544
156904,RK5_E-274,30,Sq. Yards,3205,291,3252,701,1,0,,1,,,544
156968,JG23_447,30,Sq. Yards,3194,280,3200,1047,1,0,,1,,,544
157353,JG23_1411,30,Sq. Yards,3194,280,3200,682,1,0,,1,,,544
157571,PW21_492,30,Sq. Yards,3212,298,3276,696,1,0,,1,,,544
158289,JG23_1259,30,Sq. Yards,3194,280,3200,683,1,0,,1,,,544
159144,PW21_550,30,Sq. Yards,3212,298,3276,684,1,0,,1,,,544
159779,PW21_368,30,Sq. Yards,3212,298,3276,688,1,0,,1,,,544
161783,RW18.1_E-69,30,Sq. Yards,3208,294,3264,684,1,0,,1,,,544
161865,RW19.2_E-17,30,Sq. Yards,3208,294,3264,685,1,0,,1,,,544
161883,JG23_703,30,Sq. Yards,3194,280,3200,692,1,0,,1,,,544
147611,JG23_711,30,Sq. Yards,3194,280,3200,681,1,0,,1,,,544
150216,PWAP_E-186,30,Sq. Yards,3212,298,3276,939,1,0,,1,,,544
150333,JR6_E-410,30,Sq. Yards,3206,292,3257,688,1,0,,1,,,544
151070,JR6_E-12,30,Sq. Yards,3206,292,3257,694,1,0,,1,,,544
151623,RW27.28.26PII_E-1673,30,Sq. Yards,3205,291,3252,700,1,0,,1,,,544
151906,KN32_106,30,Sq. Yards,3197,283,3215,682,1,0,,1,,,544
152305,KN9.32_E-147,30,Sq. Yards,3197,283,3215,694,1,0,,1,,,544
152524,RW27.28.26PII_E-465,30,Sq. Yards,3205,291,3252,682,1,0,,1,,,544
152841,RW18.2-2818,30,Sq. Yards,3208,294,3264,686,1,0,,1,,,544
153492,RW18.2-2638,30,Sq. Yards,3208,294,3264,683,1,0,,1,,,544
154546,RW27.28.26PII_E-469,30,Sq. Yards,3205,291,3252,683,1,0,,1,,,544
154781,RW18.2-3808,30,Sq. Yards,3208,294,3264,684,1,0,,1,,,544
154963,RW18.2-3740,30,Sq. Yards,3208,294,3264,707,1,0,,1,,,544
155013,JG23_855,30,Sq. Yards,3194,280,3200,690,1,0,,1,,,544
155317,RW18.2-2055,30,Sq. Yards,3208,294,3264,696,1,0,,1,,,544
155735,MG9.10.3_E-3,30,Sq. Yards,3207,293,3259,689,1,0,,1,,,544
157018,RK5_E-177,30,Sq. Yards,3205,291,3252,684,1,0,,1,,,544
157939,PW21_1080,30,Sq. Yards,3212,298,3276,699,1,0,,1,,,544
148476,RK21.2_E-465,30,Sq. Yards,3205,291,3252,682,1,0,,1,,,544
149019,JG23_440,30,Sq. Yards,3194,280,3200,683,1,0,,1,,,544
149437,JG22.2_E-13,30,Sq. Yards,3194,280,3200,687,1,0,,1,,,544
149569,RK5_E-121,30,Sq. Yards,3205,291,3252,689,1,0,,1,,,544
150073,RW18.2-3150,30,Sq. Yards,3208,294,3264,701,1,0,,1,,,544
150473,PW21_172,30,Sq. Yards,3212,298,3276,686,1,0,,1,,,544
150791,SSPIII20_E-317,30,Sq. Yards,3202,288,3238,681,1,0,,1,,,544
150805,GO16_E-324,30,Sq. Yards,3199,285,3221,696,1,0,,1,,,544
151791,RW18.2-2558,30,Sq. Yards,3208,294,3264,704,1,0,,1,,,544
152134,RW36A_E-240,30,Sq. Yards,3205,291,3252,682,1,0,,1,,,544
152402,JAJ_E-15,30,Sq. Yards,3200,286,3229,682,1,0,,1,,,544
152463,RK21.2_E-31,30,Sq. Yards,3205,291,3252,684,1,0,,1,,,544
153056,RW27.28.26PII_E-466,30,Sq. Yards,3205,291,3252,698,1,0,,1,,,544
153681,JG23_2033,30,Sq. Yards,3194,280,3200,684,1,0,,1,,,544
153756,CD9_E-382,30,Sq. Yards,3213,299,3279,695,1,0,,1,,,544
154081,JG23_1658,30,Sq. Yards,3194,280,3200,701,1,0,,1,,,544
155017,RW19.1_E-57,30,Sq. Yards,3208,294,3264,683,1,0,,1,,,544
155085,RW18.2-3515,30,Sq. Yards,3208,294,3264,687,1,0,,1,,,544
155446,RK21.2_E-321,30,Sq. Yards,3205,291,3252,700,1,0,,1,,,544
155510,PJ28.3_E-194,30,Sq. Yards,3192,278,3193,703,1,0,,1,,,544
156532,RK21.2_E-146,30,Sq. Yards,3205,291,3252,683,1,0,,1,,,544
156639,PW21_431,30,Sq. Yards,3212,298,3276,684,1,0,,1,,,544
156850,GO13.14_61,30,Sq. Yards,3199,285,3221,703,1,0,,1,,,544
157500,PWAP_E-317,30,Sq. Yards,3212,298,3276,696,1,0,,1,,,544
158511,JR9PII_E-20,30,Sq. Yards,3206,292,3257,696,1,0,,1,,,544
159090,JG23_434,30,Sq. Yards,3194,280,3200,689,1,0,,1,,,544
160022,RK21.2_E-395,30,Sq. Yards,3205,291,3252,683,1,0,,1,,,544
161544,PW21_898,30,Sq. Yards,3212,298,3276,684,1,0,,1,,,544
162641,JG22.1_E-51,30,Sq. Yards,3194,280,3200,701,1,0,,1,,,544
147542,JG23_1224,30,Sq. Yards,3194,280,3200,684,1,0,,1,,,544
148514,RW18.1_E-45,30,Sq. Yards,3208,294,3264,687,1,0,,1,,,544
148664,PW21_79,30,Sq. Yards,3212,298,3276,688,1,0,,1,,,544
148699,KN32_201,30,Sq. Yards,3197,283,3215,681,1,0,,1,,,544
149214,RW19.1_E-116,30,Sq. Yards,3208,294,3264,690,1,0,,1,,,544
149482,CD9_E-82,30,Sq. Yards,3213,299,3279,682,1,0,,1,,,544
149700,JG23_2019,30,Sq. Yards,3194,280,3200,697,1,0,,1,,,544
149849,GO13.14_96,30,Sq. Yards,3199,285,3221,686,1,0,,1,,,544
149935,RW18.2-3086,30,Sq. Yards,3208,294,3264,710,1,0,,1,,,544
150871,GO16_E-183,30,Sq. Yards,3199,285,3221,684,1,0,,1,,,544
151222,KN9.32_E-139,30,Sq. Yards,3197,283,3215,681,1,0,,1,,,544
153879,MG9.10.3_E-328,30,Sq. Yards,3207,293,3259,683,1,0,,1,,,544
154080,PW21_746,30,Sq. Yards,3212,298,3276,691,1,0,,1,,,544
154147,JR6_E-105,30,Sq. Yards,3206,292,3257,684,1,0,,1,,,544
156001,RW18.2-2310,30,Sq. Yards,3208,294,3264,685,1,0,,1,,,544
156119,SSPIII20_E-267,30,Sq. Yards,3202,288,3238,766,1,0,,1,,,544
156234,PJ28.3_E-214,30,Sq. Yards,3192,278,3193,944,1,0,,1,,,544
156770,RW18.2-3723,30,Sq. Yards,3208,294,3264,696,1,0,,1,,,544
156952,RK21.2_E-76,30,Sq. Yards,3205,291,3252,686,1,0,,1,,,544
157638,JG23_1562,30,Sq. Yards,3194,280,3200,701,1,0,,1,,,544
158673,MG9.10.3_E-338,30,Sq. Yards,3207,293,3259,685,1,0,,1,,,544
158823,JG22.1_E-35,30,Sq. Yards,3194,280,3200,691,1,0,,1,,,544
159259,PW21_475,30,Sq. Yards,3212,298,3276,691,1,0,,1,,,544
159509,CD1B_E-55,30,Sq. Yards,3213,299,3279,695,1,0,,1,,,544
160113,RW18.1_E-6,30,Sq. Yards,3208,294,3264,700,1,0,,1,,,544
160364,JG23_2050,30,Sq. Yards,3194,280,3200,684,1,0,,1,,,544
160681,JR9PII_E-158,30,Sq. Yards,3206,292,3257,687,1,0,,1,,,544
160746,JG22.2_E-58,30,Sq. Yards,3194,280,3200,691,1,0,,1,,,544
161732,JG22.2_E-126,30,Sq. Yards,3194,280,3200,697,1,0,,1,,,544
162085,RW18.2-2632,30,Sq. Yards,3208,294,3264,684,1,0,,1,,,544
148062,RW27.28.26PII_E-1396,30,Sq. Yards,3205,291,3252,688,1,0,,1,,,544
150537,JG23_2143,30,Sq. Yards,3194,280,3200,687,1,0,,1,,,544
150988,RK21.2_E-452,30,Sq. Yards,3205,291,3252,690,1,0,,1,,,544
151670,PJ28.1_E-82,30,Sq. Yards,3192,278,3193,924,1,0,,1,,,544
152542,JG22.2_E-387,30,Sq. Yards,3194,280,3200,692,1,0,,1,,,544
152909,SSPIII20_E-403,30,Sq. Yards,3202,288,3238,709,1,0,,1,,,544
148741,RW18.2-3637,30,Sq. Yards,3208,294,3264,711,1,0,,1,,,544
149177,RW27.28.26PII_E-321,30,Sq. Yards,3205,291,3252,690,1,0,,1,,,544
149954,KN32_152,30,Sq. Yards,3197,283,3215,681,1,0,,1,,,544
150313,RW18.2-2393,30,Sq. Yards,3208,294,3264,711,1,0,,1,,,544
150847,RK5_E-268,30,Sq. Yards,3205,291,3252,690,1,0,,1,,,544
150856,JG22.2_E-600,30,Sq. Yards,3194,280,3200,681,1,0,,1,,,544
151962,JG23_1502,30,Sq. Yards,3194,280,3200,690,1,0,,1,,,544
153925,JG22.2_E-551,30,Sq. Yards,3194,280,3200,682,1,0,,1,,,544
154223,KN9.32_E-9,30,Sq. Yards,3197,283,3215,685,1,0,,1,,,544
154425,JG23_1003,30,Sq. Yards,3194,280,3200,685,1,0,,1,,,544
155897,RW18.2-2938,30,Sq. Yards,3208,294,3264,698,1,0,,1,,,544
158437,JR6_E-274,30,Sq. Yards,3206,292,3257,683,1,0,,1,,,544
158510,RK21.2_E-351,30,Sq. Yards,3205,291,3252,681,1,0,,1,,,544
158669,RK21.2_E-181,30,Sq. Yards,3205,291,3252,685,1,0,,1,,,544
158714,SSPIII20_E-216,30,Sq. Yards,3202,288,3238,866,1,0,,1,,,544
159207,RW18.2-2117,30,Sq. Yards,3208,294,3264,694,1,0,,1,,,544
160607,RW18.2-3048,30,Sq. Yards,3208,294,3264,682,1,0,,1,,,544
161352,RW19.2_E-63,30,Sq. Yards,3208,294,3264,685,1,0,,1,,,544
148155,RW36A_E-23,30,Sq. Yards,3205,291,3252,683,1,0,,1,,,544
148221,KN9.32_E-2,30,Sq. Yards,3197,283,3215,687,1,0,,1,,,544
148370,RK21.2_E-160,30,Sq. Yards,3205,291,3252,684,1,0,,1,,,544
148674,GO16_E-138,30,Sq. Yards,3199,285,3221,692,1,0,,1,,,544
149708,GO16_E-65,30,Sq. Yards,3199,285,3221,703,1,0,,1,,,544
150091,RK21.2_E-180,30,Sq. Yards,3205,291,3252,685,1,0,,1,,,544
150427,RW18.2-2103,30,Sq. Yards,3208,294,3264,699,1,0,,1,,,544
150476,RW18.1_E-129,30,Sq. Yards,3208,294,3264,692,1,0,,1,,,544
150712,JG23_1628,30,Sq. Yards,3194,280,3200,688,1,0,,1,,,544
151914,RW19.1_E-35,30,Sq. Yards,3208,294,3264,698,1,0,,1,,,544
152214,RW27.28.26PII_E-398,30,Sq. Yards,3205,291,3252,701,1,0,,1,,,544
152748,PW21_61,30,Sq. Yards,3212,298,3276,710,1,0,,1,,,544
153384,KN32_117,30,Sq. Yards,3197,283,3215,937,1,0,,1,,,544
154454,JG23_404,30,Sq. Yards,3194,280,3200,683,1,0,,1,,,544
154824,SSPIII20_E-768,30,Sq. Yards,3202,288,3238,704,1,0,,1,,,544
155190,RW18.2-2183,30,Sq. Yards,3208,294,3264,708,1,0,,1,,,544
155558,JG23_449,30,Sq. Yards,3194,280,3200,689,1,0,,1,,,544
155675,PW21_320,30,Sq. Yards,3212,298,3276,704,1,0,,1,,,544
158547,JG22.2_E-305,30,Sq. Yards,3194,280,3200,702,1,0,,1,,,544
159585,PW21_637,30,Sq. Yards,3212,298,3276,708,1,0,,1,,,544
160406,GO13.14_39,30,Sq. Yards,3199,285,3221,693,1,0,,1,,,544
161140,RW36A_E-108,30,Sq. Yards,3205,291,3252,686,1,0,,1,,,544
161272,JG22.2_E-85,30,Sq. Yards,3194,280,3200,694,1,0,,1,,,544
161406,RW27.28.26PII_E-1573,30,Sq. Yards,3205,291,3252,699,1,0,,1,,,544
161425,RW27.28.26PII_E-1215,30,Sq. Yards,3205,291,3252,690,1,0,,1,,,544
161457,SSPIII20_E-364,30,Sq. Yards,3202,288,3238,705,1,0,,1,,,544
161808,JG23_734,30,Sq. Yards,3194,280,3200,691,1,0,,1,,,544
161927,JG22.2_E-349,30,Sq. Yards,3194,280,3200,697,1,0,,1,,,544
148658,FD9_E-137,30,Sq. Yards,3201,287,3233,686,1,0,,1,,,544
148826,JG23_337,30,Sq. Yards,3194,280,3200,684,1,0,,1,,,544
148887,RW36A_E-83,30,Sq. Yards,3205,291,3252,694,1,0,,1,,,544
148962,KN32_350,30,Sq. Yards,3197,283,3215,693,1,0,,1,,,544
150080,PW21_979,30,Sq. Yards,3212,298,3276,683,1,0,,1,,,544
150516,RW18.2-3266,30,Sq. Yards,3208,294,3264,686,1,0,,1,,,544
151109,JG23_733,30,Sq. Yards,3194,280,3200,681,1,0,,1,,,544
152059,GO13.14_15,30,Sq. Yards,3199,285,3221,681,1,0,,1,,,544
152084,JR6_E-174,30,Sq. Yards,3206,292,3257,694,1,0,,1,,,544
152102,MG9.10.2_E-27,30,Sq. Yards,3207,293,3259,692,1,0,,1,,,544
153131,RW27.28.26PII_E-1508,30,Sq. Yards,3205,291,3252,681,1,0,,1,,,544
153206,RW18.2-3690,30,Sq. Yards,3208,294,3264,696,1,0,,1,,,544
153649,GO13.14_222,30,Sq. Yards,3199,285,3221,695,1,0,,1,,,544
153767,RW18.2-2586,30,Sq. Yards,3208,294,3264,685,1,0,,1,,,544
154142,JG23_350,30,Sq. Yards,3194,280,3200,692,1,0,,1,,,544
154892,JG22.2_E-474,30,Sq. Yards,3194,280,3200,694,1,0,,1,,,544
154942,JR6_E-246,30,Sq. Yards,3206,292,3257,681,1,0,,1,,,544
155696,RW18.2-3310,30,Sq. Yards,3208,294,3264,684,1,0,,1,,,544
155978,JG23_1256,30,Sq. Yards,3194,280,3200,701,1,0,,1,,,544
155403,RW18.2-2101,30,Sq. Yards,3208,294,3264,697,1,0,,1,,,544
155471,RW18.2-3025,30,Sq. Yards,3208,294,3264,705,1,0,,1,,,544
155578,RW27.28.26PII_E-722,30,Sq. Yards,3205,291,3252,685,1,0,,1,,,544
155610,JG23_1019,30,Sq. Yards,3194,280,3200,700,1,0,,1,,,544
156064,JG23_1763,30,Sq. Yards,3194,280,3200,697,1,0,,1,,,544
156471,JR6_E-117,30,Sq. Yards,3206,292,3257,695,1,0,,1,,,544
157393,RW36A_E-49,30,Sq. Yards,3205,291,3252,683,1,0,,1,,,544
158361,RK21.2_E-489,30,Sq. Yards,3205,291,3252,682,1,0,,1,,,544
159379,JAJ_E-59,30,Sq. Yards,3200,286,3229,689,1,0,,1,,,544
159472,RK21.2_E-94,30,Sq. Yards,3205,291,3252,694,1,0,,1,,,544
159840,RW18.2-3577,30,Sq. Yards,3208,294,3264,683,1,0,,1,,,544
160315,RW36A_E-8,30,Sq. Yards,3205,291,3252,699,1,0,,1,,,544
160326,RK5_E-288,30,Sq. Yards,3205,291,3252,683,1,0,,1,,,544
160365,GO16_E-19,30,Sq. Yards,3199,285,3221,689,1,0,,1,,,544
161169,PWAP_E-41,30,Sq. Yards,3212,298,3276,682,1,0,,1,,,544
161526,JG23_1596,30,Sq. Yards,3194,280,3200,681,1,0,,1,,,544
161955,CD9_E-204,30,Sq. Yards,3213,299,3279,691,1,0,,1,,,544
162055,RW27.28.26PII_E-130,30,Sq. Yards,3205,291,3252,699,1,0,,1,,,544
162123,RW27.28.26PII_E-1006,30,Sq. Yards,3205,291,3252,685,1,0,,1,,,544
147680,JG23_472,30,Sq. Yards,3194,280,3200,682,1,0,,1,,,544
148075,JG22.2_E-290,30,Sq. Yards,3194,280,3200,693,1,0,,1,,,544
150449,JR9PII_E-193,30,Sq. Yards,3206,292,3257,681,1,0,,1,,,544
150556,JG23_802,30,Sq. Yards,3194,280,3200,694,1,0,,1,,,544
150647,MG9.10.3_E-150,30,Sq. Yards,3207,293,3259,688,1,0,,1,,,544
150692,RW27.28.26PII_E-985,30,Sq. Yards,3205,291,3252,686,1,0,,1,,,544
151258,RW18.2-3627,30,Sq. Yards,3208,294,3264,692,1,0,,1,,,544
152485,JG23_941,30,Sq. Yards,3194,280,3200,686,1,0,,1,,,544
152930,PJ28.1_E-50,30,Sq. Yards,3192,278,3193,706,1,0,,1,,,544
152964,RK21.2_E-406,30,Sq. Yards,3205,291,3252,690,1,0,,1,,,544
152987,RK5_E-284,30,Sq. Yards,3205,291,3252,695,1,0,,1,,,544
153332,SSPIII20_E-371,30,Sq. Yards,3202,288,3238,700,1,0,,1,,,544
153898,RW36A_E-55,30,Sq. Yards,3205,291,3252,686,1,0,,1,,,544
155168,CD9_E-507,30,Sq. Yards,3213,299,3279,691,1,0,,1,,,544
155602,JR9PII_E-167,30,Sq. Yards,3206,292,3257,694,1,0,,1,,,544
155672,GO16_E-369,30,Sq. Yards,3199,285,3221,693,1,0,,1,,,544
157942,PW21_7,30,Sq. Yards,3212,298,3276,697,1,0,,1,,,544
160743,SSPIII20_E-224,30,Sq. Yards,3202,288,3238,688,1,0,,1,,,544
160816,PW21_1045,30,Sq. Yards,3212,298,3276,687,1,0,,1,,,544
161613,RW36A_E-310,30,Sq. Yards,3205,291,3252,686,1,0,,1,,,544
148202,RW18.2-2673,30,Sq. Yards,3208,294,3264,710,1,0,,1,,,544
148555,JR6_E-462,30,Sq. Yards,3206,292,3257,695,1,0,,1,,,544
149391,GO16_E-64,30,Sq. Yards,3199,285,3221,689,1,0,,1,,,544
150761,RK21.2_E-476,30,Sq. Yards,3205,291,3252,684,1,0,,1,,,544
152933,RW19.1_E-132,30,Sq. Yards,3208,294,3264,707,1,0,,1,,,544
153118,RW18.2-2610,30,Sq. Yards,3208,294,3264,707,1,0,,1,,,544
153250,RW27.28.26PII_E-1152,30,Sq. Yards,3205,291,3252,693,1,0,,1,,,544
153569,PW21_84,30,Sq. Yards,3212,298,3276,709,1,0,,1,,,544
153854,RK21.2_E-375,30,Sq. Yards,3205,291,3252,701,1,0,,1,,,544
154071,PW21_494,30,Sq. Yards,3212,298,3276,710,1,0,,1,,,544
155039,JR9_E-11,30,Sq. Yards,3206,292,3257,691,1,0,,1,,,544
155975,RW18.1_E-168,30,Sq. Yards,3208,294,3264,706,1,0,,1,,,544
156160,GO16_E-164,30,Sq. Yards,3199,285,3221,691,1,0,,1,,,544
156728,PW21_889,30,Sq. Yards,3212,298,3276,710,1,0,,1,,,544
157030,MG9.10.3_E-298,30,Sq. Yards,3207,293,3259,689,1,0,,1,,,544
157230,JG23_658,30,Sq. Yards,3194,280,3200,682,1,0,,1,,,544
160238,RW18.2-3738,30,Sq. Yards,3208,294,3264,686,1,0,,1,,,544
162378,JG23_443,30,Sq. Yards,3194,280,3200,689,1,0,,1,,,544
148358,MG9.10.3_E-146,30,Sq. Yards,3207,293,3259,686,1,0,,1,,,544
148426,RW27.28.26PII_E-1101,30,Sq. Yards,3205,291,3252,685,1,0,,1,,,544
149144,RW27.28.26PII_E-419,30,Sq. Yards,3205,291,3252,694,1,0,,1,,,544
150148,JR9PII_E-189,30,Sq. Yards,3206,292,3257,683,1,0,,1,,,544
150598,SSPIII20_E-726,30,Sq. Yards,3202,288,3238,688,1,0,,1,,,544
150973,JR9PII_E-93,30,Sq. Yards,3206,292,3257,690,1,0,,1,,,544
151066,RW27.28.26PII_E-854,30,Sq. Yards,3205,291,3252,696,1,0,,1,,,544
162212,JG23_393,30,Sq. Yards,3194,280,3200,687,1,0,,1,,,544
162230,PW21_908,30,Sq. Yards,3212,298,3276,685,1,0,,1,,,544
148518,PWAP_E-297,30,Sq. Yards,3212,298,3276,682,1,0,,1,,,544
148954,CD9_E-187,30,Sq. Yards,3213,299,3279,683,1,0,,1,,,544
149645,RW36A_E-138,30,Sq. Yards,3205,291,3252,690,1,0,,1,,,544
149681,JG22.2_E-774,30,Sq. Yards,3194,280,3200,701,1,0,,1,,,544
149813,RK21.2_E-628,30,Sq. Yards,3205,291,3252,682,1,0,,1,,,544
150613,JG23_1824,30,Sq. Yards,3194,280,3200,691,1,0,,1,,,544
151290,RW27.28.26PII_E-247,30,Sq. Yards,3205,291,3252,692,1,0,,1,,,544
151792,JG23_2218,30,Sq. Yards,3194,280,3200,695,1,0,,1,,,544
152026,RW27.28.26PII_E-381,30,Sq. Yards,3205,291,3252,681,1,0,,1,,,544
152287,RW18.2-2158,30,Sq. Yards,3208,294,3264,691,1,0,,1,,,544
154200,JG23_1464,30,Sq. Yards,3194,280,3200,695,1,0,,1,,,544
155059,SSPIII20_E-136,30,Sq. Yards,3202,288,3238,692,1,0,,1,,,544
155293,JG23_2046,30,Sq. Yards,3194,280,3200,682,1,0,,1,,,544
155395,PW21_876,30,Sq. Yards,3212,298,3276,688,1,0,,1,,,544
155627,PW21_217,30,Sq. Yards,3212,298,3276,689,1,0,,1,,,544
156706,SSPIII20_E-597,30,Sq. Yards,3202,288,3238,689,1,0,,1,,,544
157833,JG24.2_E-37,30,Sq. Yards,3194,280,3200,682,1,0,,1,,,544
158169,PJ28.1_E-22,30,Sq. Yards,3192,278,3193,689,1,0,,1,,,544
158203,JR6_E-372,30,Sq. Yards,3206,292,3257,684,1,0,,1,,,544
158912,RW27.28.26PII_E-194,30,Sq. Yards,3205,291,3252,687,1,0,,1,,,544
159037,JG22.2_E-629,30,Sq. Yards,3194,280,3200,694,1,0,,1,,,544
159439,GO16_E-77,30,Sq. Yards,3199,285,3221,703,1,0,,1,,,544
160952,RW18.2-2239,30,Sq. Yards,3208,294,3264,694,1,0,,1,,,544
161284,RW18.2-2869,30,Sq. Yards,3208,294,3264,681,1,0,,1,,,544
161384,RK21.2_E-604,30,Sq. Yards,3205,291,3252,692,1,0,,1,,,544
161486,JR6_E-332,30,Sq. Yards,3206,292,3257,688,1,0,,1,,,544
161552,JG24.2_E-87,30,Sq. Yards,3194,280,3200,691,1,0,,1,,,544
162647,RW27.28.26PII_E-1003,30,Sq. Yards,3205,291,3252,700,1,0,,1,,,544
148146,JG23_839,30,Sq. Yards,3194,280,3200,690,1,0,,1,,,544
148228,PJ28.2_E-47,30,Sq. Yards,3192,278,3193,965,1,0,,1,,,544
148913,RW18.2-2655,30,Sq. Yards,3208,294,3264,698,1,0,,1,,,544
150735,RK5_E-232,30,Sq. Yards,3205,291,3252,695,1,0,,1,,,544
152021,JG23_1180,30,Sq. Yards,3194,280,3200,695,1,0,,1,,,544
152407,PW21_686,30,Sq. Yards,3212,298,3276,684,1,0,,1,,,544
153161,PW21_94,30,Sq. Yards,3212,298,3276,704,1,0,,1,,,544
153462,GO16_E-33,30,Sq. Yards,3199,285,3221,696,1,0,,1,,,544
153475,JR9PII_E-261,30,Sq. Yards,3206,292,3257,681,1,0,,1,,,544
153562,PWAP_E-92,30,Sq. Yards,3212,298,3276,706,1,0,,1,,,544
154680,SD8_E-73,30,Sq. Yards,3200,286,3230,692,1,0,,1,,,544
154798,PW21_72,30,Sq. Yards,3212,298,3276,685,1,0,,1,,,544
155215,PJ28.3_E-69,30,Sq. Yards,3192,278,3193,1052,1,0,,1,,,544
158506,PJ28.1_E-106,30,Sq. Yards,3192,278,3193,1046,1,0,,1,,,544
161868,JG22.2_E-91,30,Sq. Yards,3194,280,3200,681,1,0,,1,,,544
162336,RW36A_E-311,30,Sq. Yards,3205,291,3252,700,1,0,,1,,,544
147870,MG9.10.3_E-282,30,Sq. Yards,3207,293,3259,684,1,0,,1,,,544
148657,JG23_1956,30,Sq. Yards,3194,280,3200,700,1,0,,1,,,544
148772,SSPIII20_E-220,30,Sq. Yards,3202,288,3238,687,1,0,,1,,,544
149006,SSPIII20_E-291,30,Sq. Yards,3202,288,3238,692,1,0,,1,,,544
149008,PW21_706,30,Sq. Yards,3212,298,3276,706,1,0,,1,,,544
151027,RW27.28.26PII_E-310,30,Sq. Yards,3205,291,3252,688,1,0,,1,,,544
151665,JG24.2_E-109,30,Sq. Yards,3194,280,3200,683,1,0,,1,,,544
151897,SD8_E-72,30,Sq. Yards,3200,286,3230,686,1,0,,1,,,544
153016,CD9_E-363,30,Sq. Yards,3213,299,3279,692,1,0,,1,,,544
153084,CD9_E-378,30,Sq. Yards,3213,299,3279,697,1,0,,1,,,544
153233,RW18.2-3751,30,Sq. Yards,3208,294,3264,686,1,0,,1,,,544
154671,RK21.2_E-324,30,Sq. Yards,3205,291,3252,700,1,0,,1,,,544
155005,JG23_640,30,Sq. Yards,3194,280,3200,693,1,0,,1,,,544
156375,RW19.2_E-53,30,Sq. Yards,3208,294,3264,681,1,0,,1,,,544
156543,RW18.2-3362,30,Sq. Yards,3208,294,3264,686,1,0,,1,,,544
159166,CD1B_E-113,30,Sq. Yards,3213,299,3279,685,1,0,,1,,,544
160504,RW36A_E-217,30,Sq. Yards,3205,291,3252,690,1,0,,1,,,544
161572,CD1B_E-58,30,Sq. Yards,3213,299,3279,681,1,0,,1,,,544
161657,JR9PII_E-16,30,Sq. Yards,3206,292,3257,696,1,0,,1,,,544
158925,PW21_697,30,Sq. Yards,3212,298,3276,696,1,0,,1,,,544
159108,JG24.2_E-25,30,Sq. Yards,3194,280,3200,710,1,0,,1,,,544
160230,RW18.2-3155,30,Sq. Yards,3208,294,3264,695,1,0,,1,,,544
160498,PWAP_E-451,30,Sq. Yards,3212,298,3276,697,1,0,,1,,,544
161147,RW27.28.26PII_E-1318,30,Sq. Yards,3205,291,3252,686,1,0,,1,,,544
162634,SD8_E-184,30,Sq. Yards,3200,286,3230,695,1,0,,1,,,544
148079,JR6_E-426,30,Sq. Yards,3206,292,3257,693,1,0,,1,,,544
148512,PW21_476,30,Sq. Yards,3212,298,3276,690,1,0,,1,,,544
149216,GO13.14_148,30,Sq. Yards,3199,285,3221,697,1,0,,1,,,544
149901,JG22.1_E-71,30,Sq. Yards,3194,280,3200,692,1,0,,1,,,544
150802,GO16_E-3,30,Sq. Yards,3199,285,3221,699,1,0,,1,,,544
150869,RW27.28.26PII_E-1219,30,Sq. Yards,3205,291,3252,701,1,0,,1,,,544
150937,RW27.28.26PII_E-1069,30,Sq. Yards,3205,291,3252,687,1,0,,1,,,544
151605,PWAP_E-279,30,Sq. Yards,3212,298,3276,699,1,0,,1,,,544
155046,MG9.10.2_E-25,30,Sq. Yards,3207,293,3259,693,1,0,,1,,,544
155281,PW21_905,30,Sq. Yards,3212,298,3276,708,1,0,,1,,,544
156418,JG22.2_E-275,30,Sq. Yards,3194,280,3200,683,1,0,,1,,,544
156886,PW21_791,30,Sq. Yards,3212,298,3276,708,1,0,,1,,,544
157740,PW21_331,30,Sq. Yards,3212,298,3276,683,1,0,,1,,,544
157889,JG23_737,30,Sq. Yards,3194,280,3200,1047,1,0,,1,,,544
158726,SSPIII20_E-57,30,Sq. Yards,3202,288,3238,682,1,0,,1,,,544
159962,RW18.2-2712,30,Sq. Yards,3208,294,3264,681,1,0,,1,,,544
160029,JG24.1_E-25,30,Sq. Yards,3194,280,3200,693,1,0,,1,,,544
161716,PJ28.2_E-60,30,Sq. Yards,3192,278,3193,935,1,0,,1,,,544
161801,RW19.2_E-28,30,Sq. Yards,3208,294,3264,683,1,0,,1,,,544
147888,RW27.28.26PII_E-1032,30,Sq. Yards,3205,291,3252,699,1,0,,1,,,544
147971,JG23_388,30,Sq. Yards,3194,280,3200,700,1,0,,1,,,544
148405,RW27.28.26PII_E-506,30,Sq. Yards,3205,291,3252,700,1,0,,1,,,544
148522,RW27.28.26PII_E-865,30,Sq. Yards,3205,291,3252,690,1,0,,1,,,544
149924,JG23_330,30,Sq. Yards,3194,280,3200,693,1,0,,1,,,544
150177,RW27.28.26PII_E-1283,30,Sq. Yards,3205,291,3252,683,1,0,,1,,,544
151762,JG23_428,30,Sq. Yards,3194,280,3200,681,1,0,,1,,,544
152198,RW18.2-3270,30,Sq. Yards,3208,294,3264,689,1,0,,1,,,544
152598,PW21_852,30,Sq. Yards,3212,298,3276,706,1,0,,1,,,544
153336,PW21_260,30,Sq. Yards,3212,298,3276,696,1,0,,1,,,544
154957,JG23_1869,30,Sq. Yards,3194,280,3200,685,1,0,,1,,,544
155255,JR6_E-118,30,Sq. Yards,3206,292,3257,695,1,0,,1,,,544
155825,RW18.2-3556,30,Sq. Yards,3208,294,3264,696,1,0,,1,,,544
156359,CD9_E-153,30,Sq. Yards,3213,299,3279,683,1,0,,1,,,544
157697,JG23_963,30,Sq. Yards,3194,280,3200,683,1,0,,1,,,544
158114,RW36A_E-221,30,Sq. Yards,3205,291,3252,682,1,0,,1,,,544
158148,JR6_E-271,30,Sq. Yards,3206,292,3257,684,1,0,,1,,,544
159018,RW18.2-2227,30,Sq. Yards,3208,294,3264,694,1,0,,1,,,544
159167,RW18.2-3647,30,Sq. Yards,3208,294,3264,709,1,0,,1,,,544
159301,RW18.2-2679,30,Sq. Yards,3208,294,3264,685,1,0,,1,,,544
159854,JG22.2_E-344,30,Sq. Yards,3194,280,3200,682,1,0,,1,,,544
160722,MG9.10.3_E-58,30,Sq. Yards,3207,293,3259,683,1,0,,1,,,544
161960,RW18.2-3333,30,Sq. Yards,3208,294,3264,705,1,0,,1,,,544
162360,CD1B_E-108,30,Sq. Yards,3213,299,3279,692,1,0,,1,,,544
147657,GO13.14_73,30,Sq. Yards,3199,285,3221,693,1,0,,1,,,544
147789,PJ28.1_E-61,30,Sq. Yards,3192,278,3193,919,1,0,,1,,,544
147959,RW18.2-2776,30,Sq. Yards,3208,294,3264,684,1,0,,1,,,544
149059,RW18.2-3050,30,Sq. Yards,3208,294,3264,695,1,0,,1,,,544
149497,JG23_1842,30,Sq. Yards,3194,280,3200,695,1,0,,1,,,544
149561,RW18.2-2879,30,Sq. Yards,3208,294,3264,685,1,0,,1,,,544
150029,CD9_E-61,30,Sq. Yards,3213,299,3279,692,1,0,,1,,,544
150408,JG22.2_E-366,30,Sq. Yards,3194,280,3200,695,1,0,,1,,,544
150999,RW27.28.26PII_E-1056,30,Sq. Yards,3205,291,3252,692,1,0,,1,,,544
151006,JG23_2279,30,Sq. Yards,3194,280,3200,696,1,0,,1,,,544
152644,JG22.2_E-128,30,Sq. Yards,3194,280,3200,686,1,0,,1,,,544
152803,CD9_E-203,30,Sq. Yards,3213,299,3279,691,1,0,,1,,,544
153014,SSPIII20_E-204,30,Sq. Yards,3202,288,3238,686,1,0,,1,,,544
153341,RW19.1_E-108,30,Sq. Yards,3208,294,3264,685,1,0,,1,,,544
154241,RW36A_E-151,30,Sq. Yards,3205,291,3252,696,1,0,,1,,,544
152910,PJ28.1_E-78,30,Sq. Yards,3192,278,3193,693,1,0,,1,,,544
152992,PW21_317,30,Sq. Yards,3212,298,3276,699,1,0,,1,,,544
153027,RW27.28.26PII_E-1403,30,Sq. Yards,3205,291,3252,685,1,0,,1,,,544
153428,RK5_E-124,30,Sq. Yards,3205,291,3252,681,1,0,,1,,,544
153628,JG23_2044,30,Sq. Yards,3194,280,3200,701,1,0,,1,,,544
154114,PJ28.3_E-122,30,Sq. Yards,3192,278,3193,693,1,0,,1,,,544
154128,RW18.2-2413,30,Sq. Yards,3208,294,3264,681,1,0,,1,,,544
154160,JAJ_E-27,30,Sq. Yards,3200,286,3229,693,1,0,,1,,,544
155599,JG23_1863,30,Sq. Yards,3194,280,3200,697,1,0,,1,,,544
157572,RW27.28.26PII_E-1002,30,Sq. Yards,3205,291,3252,683,1,0,,1,,,544
158340,RW36A_E-52,30,Sq. Yards,3205,291,3252,699,1,0,,1,,,544
159076,SSPIII20_E-692,30,Sq. Yards,3202,288,3238,709,1,0,,1,,,544
159829,PWAP_E-479,30,Sq. Yards,3212,298,3276,942,1,0,,1,,,544
159980,RW27.28.26PII_E-1665,30,Sq. Yards,3205,291,3252,698,1,0,,1,,,544
160297,JG22.2_E-26,30,Sq. Yards,3194,280,3200,691,1,0,,1,,,544
160597,GO13.14_90,30,Sq. Yards,3199,285,3221,681,1,0,,1,,,544
161015,CD9_E-335,30,Sq. Yards,3213,299,3279,684,1,0,,1,,,544
148197,PW21_1073,30,Sq. Yards,3212,298,3276,688,1,0,,1,,,544
148679,RW18.2-3110,30,Sq. Yards,3208,294,3264,694,1,0,,1,,,544
150002,JG22.1_E-9,30,Sq. Yards,3194,280,3200,683,1,0,,1,,,544
150252,RW18.2-2697,30,Sq. Yards,3208,294,3264,698,1,0,,1,,,544
151119,RW18.2-2253,30,Sq. Yards,3208,294,3264,689,1,0,,1,,,544
151437,RW27.28.26PII_E-1656,30,Sq. Yards,3205,291,3252,690,1,0,,1,,,544
151673,FD9_E-179,30,Sq. Yards,3201,287,3233,688,1,0,,1,,,544
152188,RW27.28.26PII_E-281,30,Sq. Yards,3205,291,3252,698,1,0,,1,,,544
152192,SSPIII20_E-111,30,Sq. Yards,3202,288,3238,701,1,0,,1,,,544
152309,JG23_1947,30,Sq. Yards,3194,280,3200,682,1,0,,1,,,544
152492,PWAP_E-446,30,Sq. Yards,3212,298,3276,696,1,0,,1,,,544
153427,JG22.2_E-183,30,Sq. Yards,3194,280,3200,701,1,0,,1,,,544
153460,JG22.2_E-307,30,Sq. Yards,3194,280,3200,684,1,0,,1,,,544
153495,SSPIII20_E-390,30,Sq. Yards,3202,288,3238,697,1,0,,1,,,544
153542,RW27.28.26PII_E-1117,30,Sq. Yards,3205,291,3252,777,1,0,,1,,,544
153960,RW18.2-3783,30,Sq. Yards,3208,294,3264,689,1,0,,1,,,544
154060,JG23_926,30,Sq. Yards,3194,280,3200,702,1,0,,1,,,544
154846,RW18.2-3461,30,Sq. Yards,3208,294,3264,683,1,0,,1,,,544
154964,RW36A_E-65,30,Sq. Yards,3205,291,3252,685,1,0,,1,,,544
155414,RW18.2-2761,30,Sq. Yards,3208,294,3264,684,1,0,,1,,,544
156818,JG23_1819,30,Sq. Yards,3194,280,3200,691,1,0,,1,,,544
156868,CD9_E-373,30,Sq. Yards,3213,299,3279,691,1,0,,1,,,544
157185,PW21_965,30,Sq. Yards,3212,298,3276,704,1,0,,1,,,544
158793,RW27.28.26PII_E-930,30,Sq. Yards,3205,291,3252,683,1,0,,1,,,544
159275,PWAP_E-236,30,Sq. Yards,3212,298,3276,707,1,0,,1,,,544
160079,RW27.28.26PII_E-17,30,Sq. Yards,3205,291,3252,702,1,0,,1,,,544
160144,JG23_977,30,Sq. Yards,3194,280,3200,701,1,0,,1,,,544
160529,PW21_402,30,Sq. Yards,3212,298,3276,699,1,0,,1,,,544
161551,PW21_545,30,Sq. Yards,3212,298,3276,696,1,0,,1,,,544
162351,FD9_E-36,30,Sq. Yards,3201,287,3233,693,1,0,,1,,,544
162601,CD9_E-275,30,Sq. Yards,3213,299,3279,687,1,0,,1,,,544
147543,PJ28.1_E-171,30,Sq. Yards,3192,278,3193,703,1,0,,1,,,544
148530,PJ28.3_E-233,30,Sq. Yards,3192,278,3193,935,1,0,,1,,,544
148766,PJ28.3_E-232,30,Sq. Yards,3192,278,3193,689,1,0,,1,,,544
149401,RW27.28.26PII_E-603,30,Sq. Yards,3205,291,3252,697,1,0,,1,,,544
150502,RW27.28.26PII_E-943,30,Sq. Yards,3205,291,3252,684,1,0,,1,,,544
150602,RW27.28.26PII_E-822,30,Sq. Yards,3205,291,3252,682,1,0,,1,,,544
150637,RW18.2-3106,30,Sq. Yards,3208,294,3264,709,1,0,,1,,,544
151087,KN32_304,30,Sq. Yards,3197,283,3215,681,1,0,,1,,,544
151269,RK5_E-88,30,Sq. Yards,3205,291,3252,681,1,0,,1,,,544
151488,RK21.2_E-528,30,Sq. Yards,3205,291,3252,697,1,0,,1,,,544
152155,JG23_736,30,Sq. Yards,3194,280,3200,682,1,0,,1,,,544
153527,JG23_1699,30,Sq. Yards,3194,280,3200,689,1,0,,1,,,544
153592,RK5_E-161,30,Sq. Yards,3205,291,3252,686,1,0,,1,,,544
154027,SSPIII20_E-574,30,Sq. Yards,3202,288,3238,703,1,0,,1,,,544
154078,MG9.10.3_E-175,30,Sq. Yards,3207,293,3259,694,1,0,,1,,,544
154463,RW18.2-2160,30,Sq. Yards,3208,294,3264,706,1,0,,1,,,544
156539,JR6_E-141,30,Sq. Yards,3206,292,3257,682,1,0,,1,,,544
157007,RW18.2-3024,30,Sq. Yards,3208,294,3264,689,1,0,,1,,,544
157064,RW27.28.26PII_E-1694,30,Sq. Yards,3205,291,3252,683,1,0,,1,,,544
157893,CD9_E-377,30,Sq. Yards,3213,299,3279,683,1,0,,1,,,544
157961,SSPIII20_E-600,30,Sq. Yards,3202,288,3238,866,1,0,,1,,,544
159122,PW21_384,30,Sq. Yards,3212,298,3276,699,1,0,,1,,,544
159465,PJ28.3_E-8,30,Sq. Yards,3192,278,3193,699,1,0,,1,,,544
159504,JG23_1585,30,Sq. Yards,3194,280,3200,689,1,0,,1,,,544
159529,CD9_E-506,30,Sq. Yards,3213,299,3279,691,1,0,,1,,,544
160833,JG23_323,30,Sq. Yards,3194,280,3200,688,1,0,,1,,,544
161026,JR6_E-255,30,Sq. Yards,3206,292,3257,694,1,0,,1,,,544
161494,CD9_E-439,30,Sq. Yards,3213,299,3279,699,1,0,,1,,,544
162380,SD8_E-149,30,Sq. Yards,3200,286,3230,684,1,0,,1,,,544
147927,RK5_E-98,30,Sq. Yards,3205,291,3252,694,1,0,,1,,,544
148532,SSPIII20_E-686,30,Sq. Yards,3202,288,3238,710,1,0,,1,,,544
148799,JG22.2_E-435,30,Sq. Yards,3194,280,3200,691,1,0,,1,,,544
149785,JG23_1655,30,Sq. Yards,3194,280,3200,683,1,0,,1,,,544
150118,RW18.2-3474,30,Sq. Yards,3208,294,3264,684,1,0,,1,,,544
150253,SSPIII20_E-187,30,Sq. Yards,3202,288,3238,682,1,0,,1,,,544
150785,GO13.14_265,30,Sq. Yards,3199,285,3221,685,1,0,,1,,,544
151104,MG9.10.3_E-117,30,Sq. Yards,3207,293,3259,684,1,0,,1,,,544
151790,PW21_1060,30,Sq. Yards,3212,298,3276,684,1,0,,1,,,544
152090,JG23_1431,30,Sq. Yards,3194,280,3200,683,1,0,,1,,,544
152207,JR9PII_E-290,30,Sq. Yards,3206,292,3257,681,1,0,,1,,,544
152607,JG22.2_E-412,30,Sq. Yards,3194,280,3200,681,1,0,,1,,,544
152776,JR9PII_E-50,30,Sq. Yards,3206,292,3257,690,1,0,,1,,,544
152975,RW27.28.26PII_E-563,30,Sq. Yards,3205,291,3252,690,1,0,,1,,,544
153793,RW27.28.26PII_E-409,30,Sq. Yards,3205,291,3252,686,1,0,,1,,,544
154079,JR9PII_E-165,30,Sq. Yards,3206,292,3257,694,1,0,,1,,,544
154197,CD9_E-494,30,Sq. Yards,3213,299,3279,687,1,0,,1,,,544
155801,PW21_907,30,Sq. Yards,3212,298,3276,682,1,0,,1,,,544
156570,RK21.2_E-585,30,Sq. Yards,3205,291,3252,683,1,0,,1,,,544
156970,RW18.2-3003,30,Sq. Yards,3208,294,3264,688,1,0,,1,,,544
157087,RW27.28.26PII_E-862,30,Sq. Yards,3205,291,3252,684,1,0,,1,,,544
157537,RW18.2-2257,30,Sq. Yards,3208,294,3264,688,1,0,,1,,,544
158323,JG22.2_E-173,30,Sq. Yards,3194,280,3200,688,1,0,,1,,,544
158473,JG23_1017,30,Sq. Yards,3194,280,3200,1020,1,0,,1,,,544
158592,JG22.2_E-334,30,Sq. Yards,3194,280,3200,1045,1,0,,1,,,544
158760,RW36A_E-60,30,Sq. Yards,3205,291,3252,688,1,0,,1,,,544
158942,KN32_1,30,Sq. Yards,3197,283,3215,693,1,0,,1,,,544
159224,FD9_E-31,30,Sq. Yards,3201,287,3233,701,1,0,,1,,,544
159242,RW18.2-3226,30,Sq. Yards,3208,294,3264,703,1,0,,1,,,544
159577,JAJ_E-38,30,Sq. Yards,3200,286,3229,684,1,0,,1,,,544
159977,SSPIII20_E-308,30,Sq. Yards,3202,288,3238,701,1,0,,1,,,544
160464,RW27.28.26PII_E-549,30,Sq. Yards,3205,291,3252,691,1,0,,1,,,544
161481,RW18.2-2721,30,Sq. Yards,3208,294,3264,684,1,0,,1,,,544
162603,SD8_E-126,30,Sq. Yards,3200,286,3230,693,1,0,,1,,,544
147662,JG22.2_E-396,30,Sq. Yards,3194,280,3200,699,1,0,,1,,,544
148129,JR6_E-66,30,Sq. Yards,3206,292,3257,682,1,0,,1,,,544
148162,PJ28.3_E-60,30,Sq. Yards,3192,278,3193,684,1,0,,1,,,544
148330,KN9.32_E-128,30,Sq. Yards,3197,283,3215,975,1,0,,1,,,544
149116,RW36A_E-47,30,Sq. Yards,3205,291,3252,687,1,0,,1,,,544
149498,JG24.2_E-14,30,Sq. Yards,3194,280,3200,685,1,0,,1,,,544
149952,RW27.28.26PII_E-86,30,Sq. Yards,3205,291,3252,700,1,0,,1,,,544
149983,JG23_1252,30,Sq. Yards,3194,280,3200,682,1,0,,1,,,544
151219,JG22.1_E-118,30,Sq. Yards,3194,280,3200,681,1,0,,1,,,544
151506,JR6_E-214,30,Sq. Yards,3206,292,3257,686,1,0,,1,,,544
152760,SSPIII20_E-406,30,Sq. Yards,3202,288,3238,689,1,0,,1,,,544
154228,RW18.2-2728,30,Sq. Yards,3208,294,3264,696,1,0,,1,,,544
155650,RK21.2_E-619,30,Sq. Yards,3205,291,3252,682,1,0,,1,,,544
156353,JG23_334,30,Sq. Yards,3194,280,3200,696,1,0,,1,,,544
157104,SSPIII20_E-134,30,Sq. Yards,3202,288,3238,693,1,0,,1,,,544
157189,RW18.1_E-3,30,Sq. Yards,3208,294,3264,701,1,0,,1,,,544
158039,RW18.2-3716,30,Sq. Yards,3208,294,3264,691,1,0,,1,,,544
153145,RK21.2_E-498,30,Sq. Yards,3205,291,3252,686,1,0,,1,,,544
153256,CD9_E-234,30,Sq. Yards,3213,299,3279,692,1,0,,1,,,544
153949,JG22.1_E-32,30,Sq. Yards,3194,280,3200,695,1,0,,1,,,544
154192,RW27.28.26PII_E-1623,30,Sq. Yards,3205,291,3252,682,1,0,,1,,,544
154474,SD8_E-92,30,Sq. Yards,3200,286,3230,688,1,0,,1,,,544
154903,RW18.2-3248,30,Sq. Yards,3208,294,3264,704,1,0,,1,,,544
155796,RK21.2_E-157,30,Sq. Yards,3205,291,3252,690,1,0,,1,,,544
156053,RW18.2-2443,30,Sq. Yards,3208,294,3264,683,1,0,,1,,,544
156664,GO13.14_244,30,Sq. Yards,3199,285,3221,691,1,0,,1,,,544
156825,RW27.28.26PII_E-551,30,Sq. Yards,3205,291,3252,701,1,0,,1,,,544
158647,RW19.1_E-120,30,Sq. Yards,3208,294,3264,684,1,0,,1,,,544
158779,CD9_E-456,30,Sq. Yards,3213,299,3279,689,1,0,,1,,,544
160926,PW21_824,30,Sq. Yards,3212,298,3276,696,1,0,,1,,,544
162437,CD1B_E-131,30,Sq. Yards,3213,299,3279,695,1,0,,1,,,544
147778,MG9.10.3_E-258,30,Sq. Yards,3207,293,3259,690,1,0,,1,,,544
148163,SD8_E-208,30,Sq. Yards,3200,286,3230,685,1,0,,1,,,544
148278,PW21_207,30,Sq. Yards,3212,298,3276,698,1,0,,1,,,544
148346,JAJ_E-126,30,Sq. Yards,3200,286,3229,691,1,0,,1,,,544
148395,JG23_524,30,Sq. Yards,3194,280,3200,691,1,0,,1,,,544
148464,JR9PII_E-145,30,Sq. Yards,3206,292,3257,681,1,0,,1,,,544
148513,RW27.28.26PII_E-212,30,Sq. Yards,3205,291,3252,682,1,0,,1,,,544
148696,JG22.2_E-95,30,Sq. Yards,3194,280,3200,699,1,0,,1,,,544
149350,RW18.2-3213,30,Sq. Yards,3208,294,3264,700,1,0,,1,,,544
150968,SSPIII20_E-157,30,Sq. Yards,3202,288,3238,707,1,0,,1,,,544
152475,PWAP_E-143,30,Sq. Yards,3212,298,3276,685,1,0,,1,,,544
153194,RW27.28.26PII_E-1636,30,Sq. Yards,3205,291,3252,688,1,0,,1,,,544
153244,PWAP_E-124,30,Sq. Yards,3212,298,3276,709,1,0,,1,,,544
153293,JG24.2_E-145,30,Sq. Yards,3194,280,3200,684,1,0,,1,,,544
153811,RW18.2-2526,30,Sq. Yards,3208,294,3264,704,1,0,,1,,,544
154094,JG23_646,30,Sq. Yards,3194,280,3200,692,1,0,,1,,,544
154579,SD8_E-227,30,Sq. Yards,3200,286,3230,686,1,0,,1,,,544
154780,SSPIII20_E-149,30,Sq. Yards,3202,288,3238,692,1,0,,1,,,544
155448,RW18.2-3485,30,Sq. Yards,3208,294,3264,684,1,0,,1,,,544
155684,RW36A_E-283,30,Sq. Yards,3205,291,3252,690,1,0,,1,,,544
156152,RW18.2-2069,30,Sq. Yards,3208,294,3264,691,1,0,,1,,,544
156751,RW19.1_E-117,30,Sq. Yards,3208,294,3264,689,1,0,,1,,,544
156769,JG22.2_E-47,30,Sq. Yards,3194,280,3200,690,1,0,,1,,,544
156788,RW27.28.26PII_E-632,30,Sq. Yards,3205,291,3252,682,1,0,,1,,,544
157688,JG22.2_E-493,30,Sq. Yards,3194,280,3200,691,1,0,,1,,,544
157823,JG22.2_E-264,30,Sq. Yards,3194,280,3200,702,1,0,,1,,,544
159559,CD1B_E-104,30,Sq. Yards,3213,299,3279,681,1,0,,1,,,544
159592,JG22.2_E-193,30,Sq. Yards,3194,280,3200,696,1,0,,1,,,544
159777,JG23_1871,30,Sq. Yards,3194,280,3200,699,1,0,,1,,,544
159809,GO13.14_136,30,Sq. Yards,3199,285,3221,682,1,0,,1,,,544
159913,GO16_E-25,30,Sq. Yards,3199,285,3221,699,1,0,,1,,,544
160327,GO16_E-367,30,Sq. Yards,3199,285,3221,684,1,0,,1,,,544
160446,RW18.2-3706,30,Sq. Yards,3208,294,3264,684,1,0,,1,,,544
160514,JG23_1409,30,Sq. Yards,3194,280,3200,696,1,0,,1,,,544
161214,JG23_1377,30,Sq. Yards,3194,280,3200,1020,1,0,,1,,,544
161717,JG23_1794,30,Sq. Yards,3194,280,3200,686,1,0,,1,,,544
161818,RW18.1_E-120,30,Sq. Yards,3208,294,3264,688,1,0,,1,,,544
161949,RK21.2_E-483,30,Sq. Yards,3205,291,3252,691,1,0,,1,,,544
162317,CD1B_E-127,30,Sq. Yards,3213,299,3279,681,1,0,,1,,,544
162450,PWAP_E-284,30,Sq. Yards,3212,298,3276,702,1,0,,1,,,544
147979,JG23_319,30,Sq. Yards,3194,280,3200,690,1,0,,1,,,544
150734,KN32_65,30,Sq. Yards,3197,283,3215,681,1,0,,1,,,544
151170,RW36A_E-33,30,Sq. Yards,3205,291,3252,688,1,0,,1,,,544
151706,PW21_1052,30,Sq. Yards,3212,298,3276,685,1,0,,1,,,544
153595,GO13.14_263,30,Sq. Yards,3199,285,3221,685,1,0,,1,,,544
154396,JR6_E-125,30,Sq. Yards,3206,292,3257,685,1,0,,1,,,544
155150,JG23_1783,30,Sq. Yards,3194,280,3200,682,1,0,,1,,,544
155982,PW21_1006,30,Sq. Yards,3212,298,3276,708,1,0,,1,,,544
157553,RK21.2_E-534,30,Sq. Yards,3205,291,3252,685,1,0,,1,,,544
157672,JG23_304,30,Sq. Yards,3194,280,3200,696,1,0,,1,,,544
158458,PW21_534,30,Sq. Yards,3212,298,3276,706,1,0,,1,,,544
162161,RW27.28.26PII_E-1654,30,Sq. Yards,3205,291,3252,684,1,0,,1,,,544
162261,PJ28.3_E-152,30,Sq. Yards,3192,278,3193,704,1,0,,1,,,544
162308,RW27.28.26PII_E-1112,30,Sq. Yards,3205,291,3252,682,1,0,,1,,,544
147815,GO13.14_251,30,Sq. Yards,3199,285,3221,682,1,0,,1,,,544
148726,JG23_1915,30,Sq. Yards,3194,280,3200,695,1,0,,1,,,544
149151,RW27.28.26PII_E-1050,30,Sq. Yards,3205,291,3252,682,1,0,,1,,,544
149769,JG22.2_E-277,30,Sq. Yards,3194,280,3200,1020,1,0,,1,,,544
149905,JG23_1369,30,Sq. Yards,3194,280,3200,685,1,0,,1,,,544
150062,JG23_2070,30,Sq. Yards,3194,280,3200,701,1,0,,1,,,544
150784,PW21_768,30,Sq. Yards,3212,298,3276,774,1,0,,1,,,544
151784,JG24.2_E-119,30,Sq. Yards,3194,280,3200,701,1,0,,1,,,544
151827,RW27.28.26PII_E-141,30,Sq. Yards,3205,291,3252,682,1,0,,1,,,544
152227,JR9_E-10,30,Sq. Yards,3206,292,3257,695,1,0,,1,,,544
152638,JG23_2083,30,Sq. Yards,3194,280,3200,688,1,0,,1,,,544
152970,JG23_1711,30,Sq. Yards,3194,280,3200,683,1,0,,1,,,544
153199,JG22.2_E-148,30,Sq. Yards,3194,280,3200,684,1,0,,1,,,544
153588,SSPIII20_E-266,30,Sq. Yards,3202,288,3238,691,1,0,,1,,,544
153856,PW21_669,30,Sq. Yards,3212,298,3276,687,1,0,,1,,,544
154181,PW21_91,30,Sq. Yards,3212,298,3276,942,1,0,,1,,,544
154342,JG23_634,30,Sq. Yards,3194,280,3200,685,1,0,,1,,,544
155335,RW27.28.26PII_E-173,30,Sq. Yards,3205,291,3252,683,1,0,,1,,,544
155478,RW27.28.26PII_E-657,30,Sq. Yards,3205,291,3252,688,1,0,,1,,,544
156389,JG23_675,30,Sq. Yards,3194,280,3200,1051,1,0,,1,,,544
156482,FD9_E-138,30,Sq. Yards,3201,287,3233,701,1,0,,1,,,544
156646,RW27.28.26PII_E-502,30,Sq. Yards,3205,291,3252,688,1,0,,1,,,544
156757,RW27.28.26PII_E-635,30,Sq. Yards,3205,291,3252,690,1,0,,1,,,544
157636,JG23_1161,30,Sq. Yards,3194,280,3200,691,1,0,,1,,,544
157700,PW21_420,30,Sq. Yards,3212,298,3276,710,1,0,,1,,,544
157743,RK21.2_E-129,30,Sq. Yards,3205,291,3252,684,1,0,,1,,,544
158025,RW18.2-3611,30,Sq. Yards,3208,294,3264,686,1,0,,1,,,544
158418,MG9.10.2_E-63,30,Sq. Yards,3207,293,3259,689,1,0,,1,,,544
159297,RW18.2-2081,30,Sq. Yards,3208,294,3264,686,1,0,,1,,,544
159958,RW27.28.26PII_E-685,30,Sq. Yards,3205,291,3252,686,1,0,,1,,,544
160708,JG23_344,30,Sq. Yards,3194,280,3200,689,1,0,,1,,,544
161505,PWAP_E-402,30,Sq. Yards,3212,298,3276,686,1,0,,1,,,544
161973,JG23_1592,30,Sq. Yards,3194,280,3200,697,1,0,,1,,,544
162337,RW18.2-2216,30,Sq. Yards,3208,294,3264,686,1,0,,1,,,544
149751,PWAP_E-138,30,Sq. Yards,3212,298,3276,691,1,0,,1,,,544
149766,RK21.2_E-608,30,Sq. Yards,3205,291,3252,685,1,0,,1,,,544
150019,PW21_614,30,Sq. Yards,3212,298,3276,684,1,0,,1,,,544
150384,PW21_551,30,Sq. Yards,3212,298,3276,703,1,0,,1,,,544
151620,JG23_1335,30,Sq. Yards,3194,280,3200,681,1,0,,1,,,544
152242,RK5_E-72,30,Sq. Yards,3205,291,3252,688,1,0,,1,,,544
152827,GO16_E-295,30,Sq. Yards,3199,285,3221,685,1,0,,1,,,544
153696,SSPIII20_E-475,30,Sq. Yards,3202,288,3238,693,1,0,,1,,,544
154982,PJ28.1_E-126,30,Sq. Yards,3192,278,3193,693,1,0,,1,,,544
156935,RW27.28.26PII_E-214,30,Sq. Yards,3205,291,3252,699,1,0,,1,,,544
157554,RW18.2-2904,30,Sq. Yards,3208,294,3264,685,1,0,,1,,,544
158807,JG22.1_E-55,30,Sq. Yards,3194,280,3200,690,1,0,,1,,,544
159375,RW18.2-2998,30,Sq. Yards,3208,294,3264,708,1,0,,1,,,544
159911,JR6_E-155,30,Sq. Yards,3206,292,3257,696,1,0,,1,,,544
160112,PW21_868,30,Sq. Yards,3212,298,3276,707,1,0,,1,,,544
160361,KN9.32_E-75,30,Sq. Yards,3197,283,3215,700,1,0,,1,,,544
160630,SSPIII20_E-774,30,Sq. Yards,3202,288,3238,711,1,0,,1,,,544
160962,JG24.2_E-58,30,Sq. Yards,3194,280,3200,696,1,0,,1,,,544
161016,SSPIII20_E-511,30,Sq. Yards,3202,288,3238,705,1,0,,1,,,544
161434,GO16_E-136,30,Sq. Yards,3199,285,3221,697,1,0,,1,,,544
161898,JG22.1_E-48,30,Sq. Yards,3194,280,3200,697,1,0,,1,,,544
162016,JG23_837,30,Sq. Yards,3194,280,3200,685,1,0,,1,,,544
162069,SSPIII20_E-577,30,Sq. Yards,3202,288,3238,681,1,0,,1,,,544
162501,PW21_433,30,Sq. Yards,3212,298,3276,711,1,0,,1,,,544
148361,RW19.2_E-72,30,Sq. Yards,3208,294,3264,698,1,0,,1,,,544
148762,PW21_348,30,Sq. Yards,3212,298,3276,708,1,0,,1,,,544
149266,GO16_E-230,30,Sq. Yards,3199,285,3221,685,1,0,,1,,,544
154495,MG9.10.3_E-336,30,Sq. Yards,3207,293,3259,684,1,0,,1,,,544
154696,JG24.1_E-49,30,Sq. Yards,3194,280,3200,685,1,0,,1,,,544
154713,JR9PII_E-149,30,Sq. Yards,3206,292,3257,687,1,0,,1,,,544
156168,SD8_E-197,30,Sq. Yards,3200,286,3230,696,1,0,,1,,,544
156318,RW27.28.26PII_E-1268,30,Sq. Yards,3205,291,3252,683,1,0,,1,,,544
157486,RW18.1_E-131,30,Sq. Yards,3208,294,3264,711,1,0,,1,,,544
157689,KN32_89,30,Sq. Yards,3197,283,3215,695,1,0,,1,,,544
159376,PW21_30,30,Sq. Yards,3212,298,3276,681,1,0,,1,,,544
159593,JG22.2_E-385,30,Sq. Yards,3194,280,3200,685,1,0,,1,,,544
160480,RW27.28.26PII_E-559,30,Sq. Yards,3205,291,3252,685,1,0,,1,,,544
160898,PWAP_E-388,30,Sq. Yards,3212,298,3276,696,1,0,,1,,,544
160997,RW27.28.26PII_E-1204,30,Sq. Yards,3205,291,3252,684,1,0,,1,,,544
161465,RW18.2-3378,30,Sq. Yards,3208,294,3264,704,1,0,,1,,,544
161983,RW27.28.26PII_E-1224,30,Sq. Yards,3205,291,3252,688,1,0,,1,,,544
162084,RW27.28.26PII_E-29,30,Sq. Yards,3205,291,3252,700,1,0,,1,,,544
147469,JG23_1530,30,Sq. Yards,3194,280,3200,691,1,0,,1,,,544
147752,RW18.2-2860,30,Sq. Yards,3208,294,3264,698,1,0,,1,,,544
147854,KN32_240,30,Sq. Yards,3197,283,3215,692,1,0,,1,,,544
148473,JG24.1_E-30,30,Sq. Yards,3194,280,3200,686,1,0,,1,,,544
148854,RW27.28.26PII_E-853,30,Sq. Yards,3205,291,3252,702,1,0,,1,,,544
149258,RW18.2-2381,30,Sq. Yards,3208,294,3264,684,1,0,,1,,,544
149439,RK5_E-213,30,Sq. Yards,3205,291,3252,696,1,0,,1,,,544
149541,RW18.2-3409,30,Sq. Yards,3208,294,3264,704,1,0,,1,,,544
149877,RW18.2-2046,30,Sq. Yards,3208,294,3264,688,1,0,,1,,,544
149975,RW18.1_E-5,30,Sq. Yards,3208,294,3264,688,1,0,,1,,,544
151530,RK21.2_E-345,30,Sq. Yards,3205,291,3252,683,1,0,,1,,,544
151732,RW27.28.26PII_E-1350,30,Sq. Yards,3205,291,3252,700,1,0,,1,,,544
152100,PWAP_E-263,30,Sq. Yards,3212,298,3276,683,1,0,,1,,,544
152266,RW36A_E-267,30,Sq. Yards,3205,291,3252,692,1,0,,1,,,544
153134,RK21.2_E-444,30,Sq. Yards,3205,291,3252,688,1,0,,1,,,544
153753,SSPIII20_E-243,30,Sq. Yards,3202,288,3238,682,1,0,,1,,,544
154087,JG23_1342,30,Sq. Yards,3194,280,3200,696,1,0,,1,,,544
154253,JR9PII_E-217,30,Sq. Yards,3206,292,3257,685,1,0,,1,,,544
155623,PWAP_E-240,30,Sq. Yards,3212,298,3276,706,1,0,,1,,,544
156612,PWAP_E-498,30,Sq. Yards,3212,298,3276,692,1,0,,1,,,544
156678,RK21.2_E-293,30,Sq. Yards,3205,291,3252,693,1,0,,1,,,544
156844,CD9_E-33,30,Sq. Yards,3213,299,3279,696,1,0,,1,,,544
157331,PWAP_E-251,30,Sq. Yards,3212,298,3276,698,1,0,,1,,,544
157461,CD9_E-292,30,Sq. Yards,3213,299,3279,692,1,0,,1,,,544
158399,RW27.28.26PII_E-973,30,Sq. Yards,3205,291,3252,702,1,0,,1,,,544
158565,JG24.1_E-55,30,Sq. Yards,3194,280,3200,688,1,0,,1,,,544
158882,RW19.2_E-39,30,Sq. Yards,3208,294,3264,694,1,0,,1,,,544
159584,PW21_1075,30,Sq. Yards,3212,298,3276,686,1,0,,1,,,544
160405,RW27.28.26PII_E-1631,30,Sq. Yards,3205,291,3252,688,1,0,,1,,,544
160905,JG23_430,30,Sq. Yards,3194,280,3200,686,1,0,,1,,,544
161222,JG22.2_E-624,30,Sq. Yards,3194,280,3200,692,1,0,,1,,,544
162492,SSPIII20_E-47,30,Sq. Yards,3202,288,3238,689,1,0,,1,,,544
147798,PW21_771,30,Sq. Yards,3212,298,3276,706,1,0,,1,,,544
149102,PW21_499,30,Sq. Yards,3212,298,3276,701,1,0,,1,,,544
150608,RW27.28.26PII_E-1247,30,Sq. Yards,3205,291,3252,696,1,0,,1,,,544
150897,JG22.1_E-49,30,Sq. Yards,3194,280,3200,697,1,0,,1,,,544
151099,JG24.2_E-127,30,Sq. Yards,3194,280,3200,690,1,0,,1,,,544
151742,PW21_173,30,Sq. Yards,3212,298,3276,699,1,0,,1,,,544
152012,GO16_E-144,30,Sq. Yards,3199,285,3221,700,1,0,,1,,,544
152914,SSPIII20_E-739,30,Sq. Yards,3202,288,3238,684,1,0,,1,,,544
154443,RW18.1_E-164,30,Sq. Yards,3208,294,3264,692,1,0,,1,,,544
154482,JG23_1888,30,Sq. Yards,3194,280,3200,691,1,0,,1,,,544
154584,KN9.32_E-135,30,Sq. Yards,3197,283,3215,694,1,0,,1,,,544
154818,JG23_1071,30,Sq. Yards,3194,280,3200,696,1,0,,1,,,544
154911,JG22.2_E-419,30,Sq. Yards,3194,280,3200,686,1,0,,1,,,544
156422,JR6_E-130,30,Sq. Yards,3206,292,3257,694,1,0,,1,,,544
157426,PWAP_E-235,30,Sq. Yards,3212,298,3276,703,1,0,,1,,,544
157926,RW18.2-3455,30,Sq. Yards,3208,294,3264,685,1,0,,1,,,544
158026,PW21_987,30,Sq. Yards,3212,298,3276,696,1,0,,1,,,544
158121,JR9PII_E-128,30,Sq. Yards,3206,292,3257,686,1,0,,1,,,544
159408,JG24.1_E-51,30,Sq. Yards,3194,280,3200,684,1,0,,1,,,544
159475,PW21_313,30,Sq. Yards,3212,298,3276,696,1,0,,1,,,544
159511,RW27.28.26PII_E-160,30,Sq. Yards,3205,291,3252,696,1,0,,1,,,544
159843,JR9PII_E-74,30,Sq. Yards,3206,292,3257,691,1,0,,1,,,544
160280,SSPIII20_E-751,30,Sq. Yards,3202,288,3238,685,1,0,,1,,,544
162502,RW27.28.26PII_E-1018,30,Sq. Yards,3205,291,3252,695,1,0,,1,,,544
148430,SD8_E-7,30,Sq. Yards,3200,286,3230,694,1,0,,1,,,544
149583,RW27.28.26PII_E-270,30,Sq. Yards,3205,291,3252,682,1,0,,1,,,544
149716,KN32_148,30,Sq. Yards,3197,283,3215,700,1,0,,1,,,544
150266,RW36A_E-27,30,Sq. Yards,3205,291,3252,700,1,0,,1,,,544
151255,RW18.2-3189,30,Sq. Yards,3208,294,3264,704,1,0,,1,,,544
151387,RW27.28.26PII_E-324,30,Sq. Yards,3205,291,3252,697,1,0,,1,,,544
152173,RW18.1_E-24,30,Sq. Yards,3208,294,3264,683,1,0,,1,,,544
152606,RK21.2_E-421,30,Sq. Yards,3205,291,3252,690,1,0,,1,,,544
152692,RW18.2-2816,30,Sq. Yards,3208,294,3264,693,1,0,,1,,,544
152724,RK21.2_E-251,30,Sq. Yards,3205,291,3252,691,1,0,,1,,,544
152773,SSPIII20_E-672,30,Sq. Yards,3202,288,3238,685,1,0,,1,,,544
153642,PW21_353,30,Sq. Yards,3212,298,3276,687,1,0,,1,,,544
153763,KN9.32_E-4,30,Sq. Yards,3197,283,3215,681,1,0,,1,,,544
154245,RW18.2-2400,30,Sq. Yards,3208,294,3264,692,1,0,,1,,,544
154381,JR9PII_E-179,30,Sq. Yards,3206,292,3257,692,1,0,,1,,,544
154646,JG22.2_E-506,30,Sq. Yards,3194,280,3200,691,1,0,,1,,,544
155231,JG23_407,30,Sq. Yards,3194,280,3200,682,1,0,,1,,,544
155681,RW18.2-2366,30,Sq. Yards,3208,294,3264,710,1,0,,1,,,544
157236,SSPIII20_E-814,30,Sq. Yards,3202,288,3238,690,1,0,,1,,,544
157754,JG23_2010,30,Sq. Yards,3194,280,3200,701,1,0,,1,,,544
158608,PW21_226,30,Sq. Yards,3212,298,3276,682,1,0,,1,,,544
159575,JG22.2_E-345,30,Sq. Yards,3194,280,3200,691,1,0,,1,,,544
159612,RW27.28.26PII_E-331,30,Sq. Yards,3205,291,3252,700,1,0,,1,,,544
159926,JG23_1225,30,Sq. Yards,3194,280,3200,685,1,0,,1,,,544
160130,GO16_E-364,30,Sq. Yards,3199,285,3221,685,1,0,,1,,,544
161080,CD9_E-54,30,Sq. Yards,3213,299,3279,688,1,0,,1,,,544
162116,RW27.28.26PII_E-400,30,Sq. Yards,3205,291,3252,684,1,0,,1,,,544
162702,CD9_E-408,30,Sq. Yards,3213,299,3279,694,1,0,,1,,,544
147526,PW21_801,30,Sq. Yards,3212,298,3276,688,1,0,,1,,,544
147593,JAJ_E-7,30,Sq. Yards,3200,286,3229,681,1,0,,1,,,544
147679,PWAP_E-159,30,Sq. Yards,3212,298,3276,685,1,0,,1,,,544
147879,RK21.2_E-102,30,Sq. Yards,3205,291,3252,698,1,0,,1,,,544
148147,MG9.10.2_E-56,30,Sq. Yards,3207,293,3259,688,1,0,,1,,,544
148379,RW36A_E-186,30,Sq. Yards,3205,291,3252,684,1,0,,1,,,544
148830,JG22.2_E-240,30,Sq. Yards,3194,280,3200,698,1,0,,1,,,544
148980,RW36A_E-272,30,Sq. Yards,3205,291,3252,702,1,0,,1,,,544
148983,JR6_E-239,30,Sq. Yards,3206,292,3257,682,1,0,,1,,,544
149083,PWAP_E-54,30,Sq. Yards,3212,298,3276,685,1,0,,1,,,544
149215,JG23_366,30,Sq. Yards,3194,280,3200,701,1,0,,1,,,544
149333,JG23_490,30,Sq. Yards,3194,280,3200,691,1,0,,1,,,544
149534,JG22.2_E-293,30,Sq. Yards,3194,280,3200,696,1,0,,1,,,544
150101,RK21.2_E-229,30,Sq. Yards,3205,291,3252,690,1,0,,1,,,544
151319,JG23_826,30,Sq. Yards,3194,280,3200,689,1,0,,1,,,544
151587,JG22.2_E-492,30,Sq. Yards,3194,280,3200,684,1,0,,1,,,544
151941,RW27.28.26PII_E-399,30,Sq. Yards,3205,291,3252,681,1,0,,1,,,544
153041,RK21.2_E-128,30,Sq. Yards,3205,291,3252,696,1,0,,1,,,544
153360,JG23_1386,30,Sq. Yards,3194,280,3200,681,1,0,,1,,,544
153745,PWAP_E-109,30,Sq. Yards,3212,298,3276,707,1,0,,1,,,544
153963,RW36A_E-5,30,Sq. Yards,3205,291,3252,684,1,0,,1,,,544
154095,RW18.2-2552,30,Sq. Yards,3208,294,3264,704,1,0,,1,,,544
154110,JG23_2013,30,Sq. Yards,3194,280,3200,686,1,0,,1,,,544
154314,RW36A_E-257,30,Sq. Yards,3205,291,3252,695,1,0,,1,,,544
155282,JG22.2_E-447,30,Sq. Yards,3194,280,3200,700,1,0,,1,,,544
155868,JG23_1679,30,Sq. Yards,3194,280,3200,686,1,0,,1,,,544
155968,GO16_E-121,30,Sq. Yards,3199,285,3221,697,1,0,,1,,,544
157603,KN32_140,30,Sq. Yards,3197,283,3215,695,1,0,,1,,,544
157890,PW21_166,30,Sq. Yards,3212,298,3276,705,1,0,,1,,,544
158508,RW27.28.26PII_E-1359,30,Sq. Yards,3205,291,3252,681,1,0,,1,,,544
158676,RW18.2-2760,30,Sq. Yards,3208,294,3264,709,1,0,,1,,,544
159211,JG24.2_E-96,30,Sq. Yards,3194,280,3200,702,1,0,,1,,,544
160129,PW21_769,30,Sq. Yards,3212,298,3276,702,1,0,,1,,,544
160479,RK21.2_E-169,30,Sq. Yards,3205,291,3252,699,1,0,,1,,,544
160965,RW27.28.26PII_E-604,30,Sq. Yards,3205,291,3252,681,1,0,,1,,,544
160998,PW21_249,30,Sq. Yards,3212,298,3276,710,1,0,,1,,,544
161866,RW36A_E-136,30,Sq. Yards,3205,291,3252,683,1,0,,1,,,544
162284,KN9.32_E-48,30,Sq. Yards,3197,283,3215,688,1,0,,1,,,544
147829,RW27.28.26PII_E-1285,30,Sq. Yards,3205,291,3252,690,1,0,,1,,,544
147893,RW18.2-2375,30,Sq. Yards,3208,294,3264,686,1,0,,1,,,544
148011,RW27.28.26PII_E-220,30,Sq. Yards,3205,291,3252,687,1,0,,1,,,544
149634,RW27.28.26PII_E-738,30,Sq. Yards,3205,291,3252,692,1,0,,1,,,544
149951,RW27.28.26PII_E-732,30,Sq. Yards,3205,291,3252,688,1,0,,1,,,544
150184,RW19.1_E-12,30,Sq. Yards,3208,294,3264,681,1,0,,1,,,544
151873,PJ28.1_E-152,30,Sq. Yards,3192,278,3193,935,1,0,,1,,,544
151955,PJ28.2_E-93,30,Sq. Yards,3192,278,3193,944,1,0,,1,,,544
152091,GO16_E-180,30,Sq. Yards,3199,285,3221,684,1,0,,1,,,544
152456,JG23_1370,30,Sq. Yards,3194,280,3200,690,1,0,,1,,,544
153545,PWAP_E-76,30,Sq. Yards,3212,298,3276,835,1,0,,1,,,544
153577,RW36A_E-325,30,Sq. Yards,3205,291,3252,686,1,0,,1,,,544
154346,PW21_97,30,Sq. Yards,3212,298,3276,689,1,0,,1,,,544
154364,JR6_E-423,30,Sq. Yards,3206,292,3257,689,1,0,,1,,,544
155099,PJ28.3_E-199,30,Sq. Yards,3192,278,3193,974,1,0,,1,,,544
156500,JR6_E-109,30,Sq. Yards,3206,292,3257,682,1,0,,1,,,544
158539,RW27.28.26PII_E-660,30,Sq. Yards,3205,291,3252,683,1,0,,1,,,544
159057,RW18.2-2751,30,Sq. Yards,3208,294,3264,695,1,0,,1,,,544
159161,SSPIII20_E-609,30,Sq. Yards,3202,288,3238,694,1,0,,1,,,544
159461,PWAP_E-88,30,Sq. Yards,3212,298,3276,683,1,0,,1,,,544
159644,JG23_2245,30,Sq. Yards,3194,280,3200,685,1,0,,1,,,544
160312,JR9PII_E-105,30,Sq. Yards,3206,292,3257,691,1,0,,1,,,544
160548,JG23_848,30,Sq. Yards,3194,280,3200,690,1,0,,1,,,544
161030,RW27.28.26PII_E-1138,30,Sq. Yards,3205,291,3252,682,1,0,,1,,,544
161130,JR9PII_E-228,30,Sq. Yards,3206,292,3257,686,1,0,,1,,,544
161265,JAJ_E-49,30,Sq. Yards,3200,286,3229,684,1,0,,1,,,544
161316,JG24.2_E-70,30,Sq. Yards,3194,280,3200,684,1,0,,1,,,544
161934,MG9.10.3_E-72,30,Sq. Yards,3207,293,3259,686,1,0,,1,,,544
162384,JG23_901,30,Sq. Yards,3194,280,3200,683,1,0,,1,,,544
162669,RW27.28.26PII_E-949,30,Sq. Yards,3205,291,3252,684,1,0,,1,,,544
148094,CD9_E-202,30,Sq. Yards,3213,299,3279,682,1,0,,1,,,544
148097,JG23_1806,30,Sq. Yards,3194,280,3200,684,1,0,,1,,,544
149834,SSPIII20_E-641,30,Sq. Yards,3202,288,3238,690,1,0,,1,,,544
150069,JG23_696,30,Sq. Yards,3194,280,3200,702,1,0,,1,,,544
150905,SD8_E-14,30,Sq. Yards,3200,286,3230,682,1,0,,1,,,544
151406,RW27.28.26PII_E-1716,30,Sq. Yards,3205,291,3252,701,1,0,,1,,,544
151537,KN32_88,30,Sq. Yards,3197,283,3215,681,1,0,,1,,,544
152691,RW18.2-3624,30,Sq. Yards,3208,294,3264,681,1,0,,1,,,544
152941,SSPIII20_E-839,30,Sq. Yards,3202,288,3238,711,1,0,,1,,,544
153660,RW18.2-3676,30,Sq. Yards,3208,294,3264,684,1,0,,1,,,544
154481,JG23_383,30,Sq. Yards,3194,280,3200,690,1,0,,1,,,544
154999,PW21_900,30,Sq. Yards,3212,298,3276,688,1,0,,1,,,544
155364,PW21_374,30,Sq. Yards,3212,298,3276,709,1,0,,1,,,544
156536,RK5_E-37,30,Sq. Yards,3205,291,3252,691,1,0,,1,,,544
157122,RW27.28.26PII_E-246,30,Sq. Yards,3205,291,3252,702,1,0,,1,,,544
157389,JG22.2_E-604,30,Sq. Yards,3194,280,3200,686,1,0,,1,,,544
158207,JG22.2_E-625,30,Sq. Yards,3194,280,3200,681,1,0,,1,,,544
158976,PW21_338,30,Sq. Yards,3212,298,3276,696,1,0,,1,,,544
159008,CD9_E-94,30,Sq. Yards,3213,299,3279,692,1,0,,1,,,544
159258,GO16_E-359,30,Sq. Yards,3199,285,3221,695,1,0,,1,,,544
160780,GO13.14_120,30,Sq. Yards,3199,285,3221,696,1,0,,1,,,544
160815,JR6_E-252,30,Sq. Yards,3206,292,3257,696,1,0,,1,,,544
161766,JG23_1602,30,Sq. Yards,3194,280,3200,696,1,0,,1,,,544
162052,JG23_484,30,Sq. Yards,3194,280,3200,702,1,0,,1,,,544
162333,PW21_571,30,Sq. Yards,3212,298,3276,705,1,0,,1,,,544
148073,RW18.2-3576,30,Sq. Yards,3208,294,3264,703,1,0,,1,,,544
148082,PJ28.1_E-170,30,Sq. Yards,3192,278,3193,935,1,0,,1,,,544
148577,PJ28.2_E-32,30,Sq. Yards,3192,278,3193,944,1,0,,1,,,544
149947,PW21_816,30,Sq. Yards,3212,298,3276,707,1,0,,1,,,544
151024,PW21_541,30,Sq. Yards,3212,298,3276,708,1,0,,1,,,544
151151,RW18.2-3168,30,Sq. Yards,3208,294,3264,690,1,0,,1,,,544
151617,FD9_E-150,30,Sq. Yards,3201,287,3233,683,1,0,,1,,,544
151828,RW27.28.26PII_E-1153,30,Sq. Yards,3205,291,3252,696,1,0,,1,,,544
153666,GO16_E-118,30,Sq. Yards,3199,285,3221,698,1,0,,1,,,544
153757,MG9.10.3_E-51,30,Sq. Yards,3207,293,3259,681,1,0,,1,,,544
153832,RW36A_E-104,30,Sq. Yards,3205,291,3252,688,1,0,,1,,,544
154091,RW27.28.26PII_E-75,30,Sq. Yards,3205,291,3252,690,1,0,,1,,,544
154993,JG22.2_E-228,30,Sq. Yards,3194,280,3200,699,1,0,,1,,,544
155502,PJ28.2_E-8,30,Sq. Yards,3192,278,3193,691,1,0,,1,,,544
155961,PWAP_E-334,30,Sq. Yards,3212,298,3276,687,1,0,,1,,,544
156306,RW18.2-2140,30,Sq. Yards,3208,294,3264,684,1,0,,1,,,544
157167,CD1B_E-85,30,Sq. Yards,3213,299,3279,692,1,0,,1,,,544
158167,PW21_495,30,Sq. Yards,3212,298,3276,691,1,0,,1,,,544
158746,RW18.2-2750,30,Sq. Yards,3208,294,3264,681,1,0,,1,,,544
159339,RW18.2-3087,30,Sq. Yards,3208,294,3264,687,1,0,,1,,,544
159805,PJ28.2_E-42,30,Sq. Yards,3192,278,3193,935,1,0,,1,,,544
161045,RW27.28.26PII_E-843,30,Sq. Yards,3205,291,3252,697,1,0,,1,,,544
161722,GO16_E-241,30,Sq. Yards,3199,285,3221,697,1,0,,1,,,544
148184,KN32_296,30,Sq. Yards,3197,283,3215,693,1,0,,1,,,544
148777,PW21_187,30,Sq. Yards,3212,298,3276,683,1,0,,1,,,544
149184,JG23_971,30,Sq. Yards,3194,280,3200,697,1,0,,1,,,544
149445,JG23_1886,30,Sq. Yards,3194,280,3200,684,1,0,,1,,,544
149979,SSPIII20_E-16,30,Sq. Yards,3202,288,3238,683,1,0,,1,,,544
150992,JG23_2084,30,Sq. Yards,3194,280,3200,686,1,0,,1,,,544
151185,JG22.2_E-43,30,Sq. Yards,3194,280,3200,681,1,0,,1,,,544
151249,JG22.2_E-523,30,Sq. Yards,3194,280,3200,681,1,0,,1,,,544
151726,PW21_1151,30,Sq. Yards,3212,298,3276,691,1,0,,1,,,544
151960,JG23_1293,30,Sq. Yards,3194,280,3200,685,1,0,,1,,,544
152321,FD9_E-190,30,Sq. Yards,3201,287,3233,702,1,0,,1,,,544
152755,RW18.2-3745,30,Sq. Yards,3208,294,3264,696,1,0,,1,,,544
153187,RW18.1_E-96,30,Sq. Yards,3208,294,3264,698,1,0,,1,,,544
156572,RW27.28.26PII_E-511,30,Sq. Yards,3205,291,3252,682,1,0,,1,,,544
157301,JR6_E-388,30,Sq. Yards,3206,292,3257,682,1,0,,1,,,544
158937,KN32_192,30,Sq. Yards,3197,283,3215,975,1,0,,1,,,544
159182,RW27.28.26PII_E-395,30,Sq. Yards,3205,291,3252,683,1,0,,1,,,544
160209,JR6_E-461,30,Sq. Yards,3206,292,3257,682,1,0,,1,,,544
160284,JG22.2_E-626,30,Sq. Yards,3194,280,3200,693,1,0,,1,,,544
160577,FD9_E-187,30,Sq. Yards,3201,287,3233,684,1,0,,1,,,544
160750,PJ28.3_E-220,30,Sq. Yards,3192,278,3193,962,1,0,,1,,,544
162513,PW21_733,30,Sq. Yards,3212,298,3276,708,1,0,,1,,,544
162590,SD8_E-44,30,Sq. Yards,3200,286,3230,682,1,0,,1,,,544
147600,CD9_E-397,30,Sq. Yards,3213,299,3279,695,1,0,,1,,,544
147734,GO16_E-292,30,Sq. Yards,3199,285,3221,703,1,0,,1,,,544
148759,GO13.14_240,30,Sq. Yards,3199,285,3221,698,1,0,,1,,,544
148902,FD9_E-157,30,Sq. Yards,3201,287,3233,685,1,0,,1,,,544
149327,RW27.28.26PII_E-1196,30,Sq. Yards,3205,291,3252,688,1,0,,1,,,544
149804,RW18.2-3011,30,Sq. Yards,3208,294,3264,709,1,0,,1,,,544
149936,RW18.2-3419,30,Sq. Yards,3208,294,3264,681,1,0,,1,,,544
150095,PW21_598,30,Sq. Yards,3212,298,3276,696,1,0,,1,,,544
150374,RW27.28.26PII_E-1452,30,Sq. Yards,3205,291,3252,702,1,0,,1,,,544
150697,SSPIII20_E-623,30,Sq. Yards,3202,288,3238,702,1,0,,1,,,544
151165,PW21_66,30,Sq. Yards,3212,298,3276,928,1,0,,1,,,544
151678,JR9PII_E-24,30,Sq. Yards,3206,292,3257,690,1,0,,1,,,544
151835,GO13.14_35,30,Sq. Yards,3199,285,3221,694,1,0,,1,,,544
152469,PJ28.2_E-53,30,Sq. Yards,3192,278,3193,935,1,0,,1,,,544
153716,RW27.28.26PII_E-161,30,Sq. Yards,3205,291,3252,690,1,0,,1,,,544
153839,RW19.1_E-79,30,Sq. Yards,3208,294,3264,696,1,0,,1,,,544
154216,CD9_E-391,30,Sq. Yards,3213,299,3279,692,1,0,,1,,,544
154273,RW27.28.26PII_E-1143,30,Sq. Yards,3205,291,3252,681,1,0,,1,,,544
149886,RW18.2-2405,30,Sq. Yards,3208,294,3264,708,1,0,,1,,,544
152017,PWAP_E-189,30,Sq. Yards,3212,298,3276,696,1,0,,1,,,544
152085,PW21_783,30,Sq. Yards,3212,298,3276,700,1,0,,1,,,544
152151,JG22.2_E-570,30,Sq. Yards,3194,280,3200,685,1,0,,1,,,544
152226,JG23_1274,30,Sq. Yards,3194,280,3200,686,1,0,,1,,,544
153255,RW27.28.26PII_E-1078,30,Sq. Yards,3205,291,3252,692,1,0,,1,,,544
156095,PWAP_E-154,30,Sq. Yards,3212,298,3276,691,1,0,,1,,,544
156438,PWAP_E-21,30,Sq. Yards,3212,298,3276,691,1,0,,1,,,544
156842,RK21.2_E-254,30,Sq. Yards,3205,291,3252,681,1,0,,1,,,544
157474,PW21_682,30,Sq. Yards,3212,298,3276,693,1,0,,1,,,544
158369,JG23_1276,30,Sq. Yards,3194,280,3200,1051,1,0,,1,,,544
158412,PJ28.3_E-203,30,Sq. Yards,3192,278,3193,1078,1,0,,1,,,544
158680,PW21_146,30,Sq. Yards,3212,298,3276,684,1,0,,1,,,544
158737,GO16_E-254,30,Sq. Yards,3199,285,3221,697,1,0,,1,,,544
159541,RW19.2_E-69,30,Sq. Yards,3208,294,3264,709,1,0,,1,,,544
160016,RW27.28.26PII_E-439,30,Sq. Yards,3205,291,3252,702,1,0,,1,,,544
160482,MG9.10.2_E-62,30,Sq. Yards,3207,293,3259,691,1,0,,1,,,544
161145,PW21_1090,30,Sq. Yards,3212,298,3276,699,1,0,,1,,,544
162556,SSPIII20_E-154,30,Sq. Yards,3202,288,3238,681,1,0,,1,,,544
147807,KN9.32_E-118,30,Sq. Yards,3197,283,3215,975,1,0,,1,,,544
148275,RW18.2-3420,30,Sq. Yards,3208,294,3264,711,1,0,,1,,,544
148307,RW18.2-2037,30,Sq. Yards,3208,294,3264,708,1,0,,1,,,544
148677,RK5_E-62,30,Sq. Yards,3205,291,3252,698,1,0,,1,,,544
148845,GO16_E-119,30,Sq. Yards,3199,285,3221,681,1,0,,1,,,544
148852,KN32_325,30,Sq. Yards,3197,283,3215,698,1,0,,1,,,544
149011,KN32_294,30,Sq. Yards,3197,283,3215,681,1,0,,1,,,544
149288,GO13.14_172,30,Sq. Yards,3199,285,3221,697,1,0,,1,,,544
149754,PW21_1078,30,Sq. Yards,3212,298,3276,691,1,0,,1,,,544
150147,RW18.2-2097,30,Sq. Yards,3208,294,3264,699,1,0,,1,,,544
150749,RW18.2-2793,30,Sq. Yards,3208,294,3264,689,1,0,,1,,,544
154198,SSPIII20_E-691,30,Sq. Yards,3202,288,3238,697,1,0,,1,,,544
154593,RW27.28.26PII_E-253,30,Sq. Yards,3205,291,3252,702,1,0,,1,,,544
157703,JR6_E-158,30,Sq. Yards,3206,292,3257,694,1,0,,1,,,544
158839,JG22.2_E-361,30,Sq. Yards,3194,280,3200,685,1,0,,1,,,544
159605,JG23_2273,30,Sq. Yards,3194,280,3200,684,1,0,,1,,,544
160075,PJ28.1_E-65,30,Sq. Yards,3192,278,3193,919,1,0,,1,,,544
160984,JR9PII_E-154,30,Sq. Yards,3206,292,3257,682,1,0,,1,,,544
162047,PW21_847,30,Sq. Yards,3212,298,3276,684,1,0,,1,,,544
162122,CD9_E-158,30,Sq. Yards,3213,299,3279,681,1,0,,1,,,544
162613,RW27.28.26PII_E-611,30,Sq. Yards,3205,291,3252,693,1,0,,1,,,544
147598,RW18.1_E-140,30,Sq. Yards,3208,294,3264,685,1,0,,1,,,544
147698,SSPIII20_E-833,30,Sq. Yards,3202,288,3238,697,1,0,,1,,,544
147866,GO13.14_79,30,Sq. Yards,3199,285,3221,698,1,0,,1,,,544
148034,PWAP_E-432,30,Sq. Yards,3212,298,3276,691,1,0,,1,,,544
148368,RW18.2-2925,30,Sq. Yards,3208,294,3264,690,1,0,,1,,,544
150865,RW36A_E-289,30,Sq. Yards,3205,291,3252,702,1,0,,1,,,544
151401,CD9_E-337,30,Sq. Yards,3213,299,3279,693,1,0,,1,,,544
153073,RK5_E-269,30,Sq. Yards,3205,291,3252,688,1,0,,1,,,544
153414,MG9.10.3_E-279,30,Sq. Yards,3207,293,3259,682,1,0,,1,,,544
154282,JG23_1885,30,Sq. Yards,3194,280,3200,690,1,0,,1,,,544
154309,RW27.28.26PII_E-1728,30,Sq. Yards,3205,291,3252,682,1,0,,1,,,544
154375,RW18.2-3600,30,Sq. Yards,3208,294,3264,705,1,0,,1,,,544
155179,PWAP_E-208,30,Sq. Yards,3212,298,3276,706,1,0,,1,,,544
155879,RW18.2-2596,30,Sq. Yards,3208,294,3264,681,1,0,,1,,,544
156479,JG23_788,30,Sq. Yards,3194,280,3200,686,1,0,,1,,,544
156515,GO16_E-260,30,Sq. Yards,3199,285,3221,686,1,0,,1,,,544
156956,GO13.14_131,30,Sq. Yards,3199,285,3221,703,1,0,,1,,,544
157694,PW21_1123,30,Sq. Yards,3212,298,3276,685,1,0,,1,,,544
157987,MG9.10.3_E-46,30,Sq. Yards,3207,293,3259,682,1,0,,1,,,544
158321,CD1B_E-10,30,Sq. Yards,3213,299,3279,682,1,0,,1,,,544
159596,PJ28.1_E-201,30,Sq. Yards,3192,278,3193,929,1,0,,1,,,544
160059,PW21_1142,30,Sq. Yards,3212,298,3276,686,1,0,,1,,,544
160761,PW21_96,30,Sq. Yards,3212,298,3276,707,1,0,,1,,,544
161563,RW18.2-2600,30,Sq. Yards,3208,294,3264,690,1,0,,1,,,544
161670,MG9.10.3_E-194,30,Sq. Yards,3207,293,3259,693,1,0,,1,,,544
154484,GO13.14_31,30,Sq. Yards,3199,285,3221,689,1,0,,1,,,544
154709,RW27.28.26PII_E-1295,30,Sq. Yards,3205,291,3252,690,1,0,,1,,,544
155513,CD9_E-219,30,Sq. Yards,3213,299,3279,690,1,0,,1,,,544
155522,RW18.1_E-67,30,Sq. Yards,3208,294,3264,688,1,0,,1,,,544
156147,PW21_19,30,Sq. Yards,3212,298,3276,684,1,0,,1,,,544
156313,JG22.2_E-388,30,Sq. Yards,3194,280,3200,683,1,0,,1,,,544
156917,JR9PII_E-291,30,Sq. Yards,3206,292,3257,682,1,0,,1,,,544
157024,JG23_584,30,Sq. Yards,3194,280,3200,1054,1,0,,1,,,544
157051,RW27.28.26PII_E-1095,30,Sq. Yards,3205,291,3252,684,1,0,,1,,,544
157115,SSPIII20_E-709,30,Sq. Yards,3202,288,3238,690,1,0,,1,,,544
157494,RW19.1_E-64,30,Sq. Yards,3208,294,3264,700,1,0,,1,,,544
157817,PW21_435,30,Sq. Yards,3212,298,3276,703,1,0,,1,,,544
159566,SD8_E-238,30,Sq. Yards,3200,286,3230,686,1,0,,1,,,544
159723,FD9_E-49,30,Sq. Yards,3201,287,3233,693,1,0,,1,,,544
161602,PJ28.3_E-231,30,Sq. Yards,3192,278,3193,962,1,0,,1,,,544
161627,RW27.28.26PII_E-292,30,Sq. Yards,3205,291,3252,690,1,0,,1,,,544
161938,JG23_2022,30,Sq. Yards,3194,280,3200,686,1,0,,1,,,544
180245,RW36A_E-330,30,Sq. Yards,3205,291,3252,683,1,0,,1,,,544
147613,RW27.28.26PII_E-58,30,Sq. Yards,3205,291,3252,690,1,0,,1,,,544
148092,KN32_150,30,Sq. Yards,3197,283,3215,681,1,0,,1,,,544
149071,RW18.2-2650,30,Sq. Yards,3208,294,3264,708,1,0,,1,,,544
149078,JR6_E-147,30,Sq. Yards,3206,292,3257,695,1,0,,1,,,544
149203,GO16_E-239,30,Sq. Yards,3199,285,3221,690,1,0,,1,,,544
149446,JR9PII_E-171,30,Sq. Yards,3206,292,3257,686,1,0,,1,,,544
149546,JR9PII_E-269,30,Sq. Yards,3206,292,3257,689,1,0,,1,,,544
151711,RW27.28.26PII_E-1385,30,Sq. Yards,3205,291,3252,689,1,0,,1,,,544
152254,RW18.2-3028,30,Sq. Yards,3208,294,3264,695,1,0,,1,,,544
152393,RW27.28.26PII_E-1070,30,Sq. Yards,3205,291,3252,686,1,0,,1,,,544
152911,PJ28.3_E-135,30,Sq. Yards,3192,278,3193,703,1,0,,1,,,544
153297,JG22.2_E-378,30,Sq. Yards,3194,280,3200,681,1,0,,1,,,544
154465,RK5_E-275,30,Sq. Yards,3205,291,3252,700,1,0,,1,,,544
155126,RW18.2-2277,30,Sq. Yards,3208,294,3264,695,1,0,,1,,,544
155394,JG23_517,30,Sq. Yards,3194,280,3200,690,1,0,,1,,,544
156348,JG22.2_E-647,30,Sq. Yards,3194,280,3200,690,1,0,,1,,,544
157073,RW18.2-2199,30,Sq. Yards,3208,294,3264,694,1,0,,1,,,544
158613,CD9_E-511,30,Sq. Yards,3213,299,3279,694,1,0,,1,,,544
159056,JG23_2160,30,Sq. Yards,3194,280,3200,693,1,0,,1,,,544
159256,RW18.1_E-78,30,Sq. Yards,3208,294,3264,683,1,0,,1,,,544
159538,JR9PII_E-59,30,Sq. Yards,3206,292,3257,682,1,0,,1,,,544
159549,RW18.2-2892,30,Sq. Yards,3208,294,3264,689,1,0,,1,,,544
160549,JG24.2_E-126,30,Sq. Yards,3194,280,3200,686,1,0,,1,,,544
160835,SSPIII20_E-503,30,Sq. Yards,3202,288,3238,688,1,0,,1,,,544
161085,RW27.28.26PII_E-1243,30,Sq. Yards,3205,291,3252,696,1,0,,1,,,544
161585,RW18.2-2633,30,Sq. Yards,3208,294,3264,693,1,0,,1,,,544
162121,RW18.2-2328,30,Sq. Yards,3208,294,3264,708,1,0,,1,,,544
162464,SD8_E-46,30,Sq. Yards,3200,286,3230,694,1,0,,1,,,544
148538,RK5_E-307,30,Sq. Yards,3205,291,3252,686,1,0,,1,,,544
149106,JG23_1765,30,Sq. Yards,3194,280,3200,683,1,0,,1,,,544
149157,JG23_1423,30,Sq. Yards,3194,280,3200,685,1,0,,1,,,544
149225,CD1B_E-141,30,Sq. Yards,3213,299,3279,685,1,0,,1,,,544
149306,JG22.2_E-55,30,Sq. Yards,3194,280,3200,685,1,0,,1,,,544
149425,RW18.2-2646,30,Sq. Yards,3208,294,3264,709,1,0,,1,,,544
149791,SSPIII20_E-845,30,Sq. Yards,3202,288,3238,685,1,0,,1,,,544
150863,PW21_220,30,Sq. Yards,3212,298,3276,697,1,0,,1,,,544
150912,JG23_555,30,Sq. Yards,3194,280,3200,681,1,0,,1,,,544
151344,MG9.10.3_E-296,30,Sq. Yards,3207,293,3259,683,1,0,,1,,,544
151548,JG23_497,30,Sq. Yards,3194,280,3200,684,1,0,,1,,,544
152116,PWAP_E-384,30,Sq. Yards,3212,298,3276,942,1,0,,1,,,544
152182,JG23_654,30,Sq. Yards,3194,280,3200,699,1,0,,1,,,544
152248,JAJ_E-16,30,Sq. Yards,3200,286,3229,684,1,0,,1,,,544
152882,RK21.2_E-495,30,Sq. Yards,3205,291,3252,682,1,0,,1,,,544
153201,SSPIII20_E-6,30,Sq. Yards,3202,288,3238,681,1,0,,1,,,544
153567,PJ28.3_E-185,30,Sq. Yards,3192,278,3193,687,1,0,,1,,,544
153603,RW18.2-2458,30,Sq. Yards,3208,294,3264,706,1,0,,1,,,544
147516,JG23_876,30,Sq. Yards,3194,280,3200,685,1,0,,1,,,544
147873,PW21_747,30,Sq. Yards,3212,298,3276,689,1,0,,1,,,544
147875,JG24.2_E-40,30,Sq. Yards,3194,280,3200,688,1,0,,1,,,544
148475,PW21_388,30,Sq. Yards,3212,298,3276,704,1,0,,1,,,544
148482,PW21_103,30,Sq. Yards,3212,298,3276,708,1,0,,1,,,544
148952,SSPIII20_E-770,30,Sq. Yards,3202,288,3238,694,1,0,,1,,,544
150447,RW27.28.26PII_E-923,30,Sq. Yards,3205,291,3252,702,1,0,,1,,,544
151049,JG23_707,30,Sq. Yards,3194,280,3200,695,1,0,,1,,,544
152092,CD1B_E-93,30,Sq. Yards,3213,299,3279,695,1,0,,1,,,544
152262,RW18.2-2599,30,Sq. Yards,3208,294,3264,705,1,0,,1,,,544
153028,RW27.28.26PII_E-151,30,Sq. Yards,3205,291,3252,693,1,0,,1,,,544
154232,SD8_E-90,30,Sq. Yards,3200,286,3230,684,1,0,,1,,,544
155393,SSPIII20_E-823,30,Sq. Yards,3202,288,3238,684,1,0,,1,,,544
156297,PW21_763,30,Sq. Yards,3212,298,3276,684,1,0,,1,,,544
156404,JG22.2_E-373,30,Sq. Yards,3194,280,3200,688,1,0,,1,,,544
157569,JG22.2_E-634,30,Sq. Yards,3194,280,3200,681,1,0,,1,,,544
158703,RW27.28.26PII_E-795,30,Sq. Yards,3205,291,3252,681,1,0,,1,,,544
159112,RW18.2-3579,30,Sq. Yards,3208,294,3264,705,1,0,,1,,,544
159214,SSPIII20_E-492,30,Sq. Yards,3202,288,3238,681,1,0,,1,,,544
159480,RW19.1_E-38,30,Sq. Yards,3208,294,3264,685,1,0,,1,,,544
159850,JR6_E-427,30,Sq. Yards,3206,292,3257,687,1,0,,1,,,544
160109,RW27.28.26PII_E-596,30,Sq. Yards,3205,291,3252,682,1,0,,1,,,544
161252,JG22.1_E-143,30,Sq. Yards,3194,280,3200,695,1,0,,1,,,544
161652,JG23_1941,30,Sq. Yards,3194,280,3200,684,1,0,,1,,,544
161979,KN32_10,30,Sq. Yards,3197,283,3215,693,1,0,,1,,,544
162315,RK21.2_E-219,30,Sq. Yards,3205,291,3252,685,1,0,,1,,,544
162415,RW27.28.26PII_E-1149,30,Sq. Yards,3205,291,3252,702,1,0,,1,,,544
147616,KN32_292,30,Sq. Yards,3197,283,3215,686,1,0,,1,,,544
151190,RW27.28.26PII_E-317,30,Sq. Yards,3205,291,3252,690,1,0,,1,,,544
151753,PW21_1127,30,Sq. Yards,3212,298,3276,699,1,0,,1,,,544
153264,KN32_61,30,Sq. Yards,3197,283,3215,681,1,0,,1,,,544
153421,CD1B_E-48,30,Sq. Yards,3213,299,3279,683,1,0,,1,,,544
153457,GO16_E-85,30,Sq. Yards,3199,285,3221,698,1,0,,1,,,544
154727,JR9PII_E-221,30,Sq. Yards,3206,292,3257,698,1,0,,1,,,544
155002,SSPIII20_E-579,30,Sq. Yards,3202,288,3238,685,1,0,,1,,,544
155463,PW21_934,30,Sq. Yards,3212,298,3276,709,1,0,,1,,,544
155527,RW27.28.26PII_E-1274,30,Sq. Yards,3205,291,3252,692,1,0,,1,,,544
156697,JG22.2_E-28,30,Sq. Yards,3194,280,3200,681,1,0,,1,,,544
157869,JG22.2_E-202,30,Sq. Yards,3194,280,3200,683,1,0,,1,,,544
158503,KN32_123,30,Sq. Yards,3197,283,3215,681,1,0,,1,,,544
158705,JG23_999,30,Sq. Yards,3194,280,3200,685,1,0,,1,,,544
160684,SD8_E-79,30,Sq. Yards,3200,286,3230,681,1,0,,1,,,544
161411,RK5_E-349,30,Sq. Yards,3205,291,3252,681,1,0,,1,,,544
161647,JG23_1564,30,Sq. Yards,3194,280,3200,1051,1,0,,1,,,544
148393,JR6_E-344,30,Sq. Yards,3206,292,3257,687,1,0,,1,,,544
148893,CD1B_E-170,30,Sq. Yards,3213,299,3279,686,1,0,,1,,,544
149661,JG23_1967,30,Sq. Yards,3194,280,3200,684,1,0,,1,,,544
150174,JG23_1356,30,Sq. Yards,3194,280,3200,682,1,0,,1,,,544
152410,RW27.28.26PII_E-1391,30,Sq. Yards,3205,291,3252,685,1,0,,1,,,544
154784,KN32_105,30,Sq. Yards,3197,283,3215,698,1,0,,1,,,544
155120,JG23_1110,30,Sq. Yards,3194,280,3200,685,1,0,,1,,,544
155284,RW18.2-2523,30,Sq. Yards,3208,294,3264,692,1,0,,1,,,544
155722,RW27.28.26PII_E-1604,30,Sq. Yards,3205,291,3252,683,1,0,,1,,,544
157283,GO16_E-248,30,Sq. Yards,3199,285,3221,702,1,0,,1,,,544
157285,RW27.28.26PII_E-107,30,Sq. Yards,3205,291,3252,691,1,0,,1,,,544
157660,JG23_1972,30,Sq. Yards,3194,280,3200,695,1,0,,1,,,544
157753,SSPIII20_E-796,30,Sq. Yards,3202,288,3238,703,1,0,,1,,,544
158060,MG9.10.3_E-65,30,Sq. Yards,3207,293,3259,691,1,0,,1,,,544
158955,CD9_E-420,30,Sq. Yards,3213,299,3279,909,1,0,,1,,,544
159221,JG23_365,30,Sq. Yards,3194,280,3200,702,1,0,,1,,,544
159691,GO16_E-41,30,Sq. Yards,3199,285,3221,686,1,0,,1,,,544
159791,GO16_E-196,30,Sq. Yards,3199,285,3221,681,1,0,,1,,,544
160766,PW21_973,30,Sq. Yards,3212,298,3276,711,1,0,,1,,,544
160970,RK21.2_E-596,30,Sq. Yards,3205,291,3252,697,1,0,,1,,,544
147573,SSPIII20_E-356,30,Sq. Yards,3202,288,3238,701,1,0,,1,,,544
148350,GO13.14_247,30,Sq. Yards,3199,285,3221,691,1,0,,1,,,544
148507,JG24.1_E-34,30,Sq. Yards,3194,280,3200,696,1,0,,1,,,544
148541,RK21.2_E-214,30,Sq. Yards,3205,291,3252,695,1,0,,1,,,544
148641,RW27.28.26PII_E-994,30,Sq. Yards,3205,291,3252,685,1,0,,1,,,544
148809,SD8_E-96,30,Sq. Yards,3200,286,3230,685,1,0,,1,,,544
149488,GO16_E-190,30,Sq. Yards,3199,285,3221,688,1,0,,1,,,544
150215,JG23_380,30,Sq. Yards,3194,280,3200,687,1,0,,1,,,544
151015,RW18.1_E-147,30,Sq. Yards,3208,294,3264,701,1,0,,1,,,544
151056,RW27.28.26PII_E-440,30,Sq. Yards,3205,291,3252,686,1,0,,1,,,544
151160,MG9.10.3_E-218,30,Sq. Yards,3207,293,3259,686,1,0,,1,,,544
151215,SSPIII20_E-602,30,Sq. Yards,3202,288,3238,706,1,0,,1,,,544
151385,CD1B_E-75,30,Sq. Yards,3213,299,3279,697,1,0,,1,,,544
152719,JG22.2_E-696,30,Sq. Yards,3194,280,3200,685,1,0,,1,,,544
153621,RW18.2-3190,30,Sq. Yards,3208,294,3264,685,1,0,,1,,,544
153723,PWAP_E-258,30,Sq. Yards,3212,298,3276,709,1,0,,1,,,544
154259,RW27.28.26PII_E-1363,30,Sq. Yards,3205,291,3252,687,1,0,,1,,,544
156097,PW21_779,30,Sq. Yards,3212,298,3276,706,1,0,,1,,,544
156240,JG23_1525,30,Sq. Yards,3194,280,3200,685,1,0,,1,,,544
156299,JG23_702,30,Sq. Yards,3194,280,3200,681,1,0,,1,,,544
157242,SD8_E-252,30,Sq. Yards,3200,286,3230,681,1,0,,1,,,544
157435,JG23_368,30,Sq. Yards,3194,280,3200,693,1,0,,1,,,544
157903,RW18.2-3815,30,Sq. Yards,3208,294,3264,704,1,0,,1,,,544
157944,MG9.10.3_E-108,30,Sq. Yards,3207,293,3259,693,1,0,,1,,,544
158944,RW19.2_E-24,30,Sq. Yards,3208,294,3264,692,1,0,,1,,,544
159539,JR6_E-270,30,Sq. Yards,3206,292,3257,686,1,0,,1,,,544
160350,JG23_1931,30,Sq. Yards,3194,280,3200,681,1,0,,1,,,544
160884,RW27.28.26PII_E-651,30,Sq. Yards,3205,291,3252,684,1,0,,1,,,544
161418,RK21.2_E-194,30,Sq. Yards,3205,291,3252,682,1,0,,1,,,544
161511,KN32_14,30,Sq. Yards,3197,283,3215,681,1,0,,1,,,544
161956,JR6_E-208,30,Sq. Yards,3206,292,3257,684,1,0,,1,,,544
147784,RW18.2-2493,30,Sq. Yards,3208,294,3264,681,1,0,,1,,,544
147948,JG23_838,30,Sq. Yards,3194,280,3200,692,1,0,,1,,,544
148820,RW27.28.26PII_E-1518,30,Sq. Yards,3205,291,3252,691,1,0,,1,,,544
148918,RK21.2_E-563,30,Sq. Yards,3205,291,3252,692,1,0,,1,,,544
149879,JG23_1574,30,Sq. Yards,3194,280,3200,681,1,0,,1,,,544
150483,MG9.10.3_E-213,30,Sq. Yards,3207,293,3259,689,1,0,,1,,,544
150881,RW27.28.26PII_E-859,30,Sq. Yards,3205,291,3252,683,1,0,,1,,,544
151285,JG23_405,30,Sq. Yards,3194,280,3200,683,1,0,,1,,,544
151360,RW36A_E-219,30,Sq. Yards,3205,291,3252,686,1,0,,1,,,544
151928,RW18.2-2618,30,Sq. Yards,3208,294,3264,686,1,0,,1,,,544
152128,PJ28.1_E-207,30,Sq. Yards,3192,278,3193,940,1,0,,1,,,544
152394,RW18.2-2625,30,Sq. Yards,3208,294,3264,692,1,0,,1,,,544
153223,JR9PII_E-12,30,Sq. Yards,3206,292,3257,684,1,0,,1,,,544
153800,SSPIII20_E-586,30,Sq. Yards,3202,288,3238,707,1,0,,1,,,544
153989,RK21.2_E-545,30,Sq. Yards,3205,291,3252,702,1,0,,1,,,544
154159,JR9PII_E-220,30,Sq. Yards,3206,292,3257,681,1,0,,1,,,544
154668,RW27.28.26PII_E-1685,30,Sq. Yards,3205,291,3252,681,1,0,,1,,,544
154936,PJ28.1_E-12,30,Sq. Yards,3192,278,3193,924,1,0,,1,,,544
155495,KN9.32_E-76,30,Sq. Yards,3197,283,3215,681,1,0,,1,,,544
155727,RK5_E-169,30,Sq. Yards,3205,291,3252,688,1,0,,1,,,544
155904,JG23_1114,30,Sq. Yards,3194,280,3200,681,1,0,,1,,,544
155970,JG23_2216,30,Sq. Yards,3194,280,3200,685,1,0,,1,,,544
156304,RW27.28.26PII_E-709,30,Sq. Yards,3205,291,3252,686,1,0,,1,,,544
156999,SSPIII20_E-653,30,Sq. Yards,3202,288,3238,682,1,0,,1,,,544
157667,RW18.2-2744,30,Sq. Yards,3208,294,3264,694,1,0,,1,,,544
157842,FD9_E-146,30,Sq. Yards,3201,287,3233,681,1,0,,1,,,544
158101,GO13.14_190,30,Sq. Yards,3199,285,3221,697,1,0,,1,,,544
159114,JG23_1091,30,Sq. Yards,3194,280,3200,682,1,0,,1,,,544
160641,SD8_E-103,30,Sq. Yards,3200,286,3230,685,1,0,,1,,,544
161154,JG23_1264,30,Sq. Yards,3194,280,3200,699,1,0,,1,,,544
161443,JG23_2177,30,Sq. Yards,3194,280,3200,693,1,0,,1,,,544
162156,CD9_E-25,30,Sq. Yards,3213,299,3279,683,1,0,,1,,,544
162281,JG23_937,30,Sq. Yards,3194,280,3200,682,1,0,,1,,,544
156218,RW18.2-3430,30,Sq. Yards,3208,294,3264,711,1,0,,1,,,544
156268,JG22.2_E-17,30,Sq. Yards,3194,280,3200,694,1,0,,1,,,544
156554,CD1B_E-43,30,Sq. Yards,3213,299,3279,687,1,0,,1,,,544
156667,RW18.2-3828,30,Sq. Yards,3208,294,3264,681,1,0,,1,,,544
157940,PWAP_E-264,30,Sq. Yards,3212,298,3276,684,1,0,,1,,,544
158357,RW18.2-2536,30,Sq. Yards,3208,294,3264,682,1,0,,1,,,544
158776,CD9_E-500,30,Sq. Yards,3213,299,3279,686,1,0,,1,,,544
159443,JG23_1760,30,Sq. Yards,3194,280,3200,695,1,0,,1,,,544
160062,JG23_414,30,Sq. Yards,3194,280,3200,701,1,0,,1,,,544
162251,RW18.2-3585,30,Sq. Yards,3208,294,3264,682,1,0,,1,,,544
147476,RK21.2_E-182,30,Sq. Yards,3205,291,3252,697,1,0,,1,,,544
148044,CD9_E-130,30,Sq. Yards,3213,299,3279,690,1,0,,1,,,544
148380,SSPIII20_E-825,30,Sq. Yards,3202,288,3238,684,1,0,,1,,,544
148930,RW19.1_E-66,30,Sq. Yards,3208,294,3264,681,1,0,,1,,,544
149298,RK21.2_E-508,30,Sq. Yards,3205,291,3252,688,1,0,,1,,,544
151320,PJ28.3_E-33,30,Sq. Yards,3192,278,3193,847,1,0,,1,,,544
152523,RW18.2-3345,30,Sq. Yards,3208,294,3264,686,1,0,,1,,,544
153445,RW18.2-3578,30,Sq. Yards,3208,294,3264,690,1,0,,1,,,544
154264,SD8_E-235,30,Sq. Yards,3200,286,3230,684,1,0,,1,,,544
154996,JG24.1_E-23,30,Sq. Yards,3194,280,3200,693,1,0,,1,,,544
155014,SD8_E-185,30,Sq. Yards,3200,286,3230,685,1,0,,1,,,544
155214,RK5_E-30,30,Sq. Yards,3205,291,3252,685,1,0,,1,,,544
158240,JR6_E-310,30,Sq. Yards,3206,292,3257,681,1,0,,1,,,544
158707,JR6_E-13,30,Sq. Yards,3206,292,3257,683,1,0,,1,,,544
160080,MG9.10.2_E-21,30,Sq. Yards,3207,293,3259,688,1,0,,1,,,544
160347,SSPIII20_E-824,30,Sq. Yards,3202,288,3238,686,1,0,,1,,,544
160429,RK21.2_E-599,30,Sq. Yards,3205,291,3252,700,1,0,,1,,,544
160547,CD9_E-167,30,Sq. Yards,3213,299,3279,691,1,0,,1,,,544
161230,JG24.2_E-35,30,Sq. Yards,3194,280,3200,702,1,0,,1,,,544
161266,JG23_1482,30,Sq. Yards,3194,280,3200,682,1,0,,1,,,544
161280,JG23_2002,30,Sq. Yards,3194,280,3200,696,1,0,,1,,,544
161398,CD9_E-89,30,Sq. Yards,3213,299,3279,699,1,0,,1,,,544
162201,RW27.28.26PII_E-293,30,Sq. Yards,3205,291,3252,699,1,0,,1,,,544
147552,RW18.2-3682,30,Sq. Yards,3208,294,3264,695,1,0,,1,,,544
148105,RW27.28.26PII_E-763,30,Sq. Yards,3205,291,3252,702,1,0,,1,,,544
148471,PWAP_E-469,30,Sq. Yards,3212,298,3276,685,1,0,,1,,,544
148556,RW18.2-2182,30,Sq. Yards,3208,294,3264,709,1,0,,1,,,544
149073,FD9_E-35,30,Sq. Yards,3201,287,3233,692,1,0,,1,,,544
149692,CD9_E-307,30,Sq. Yards,3213,299,3279,733,1,0,,1,,,544
149707,GO13.14_30,30,Sq. Yards,3199,285,3221,696,1,0,,1,,,544
150562,RW36A_E-44,30,Sq. Yards,3205,291,3252,699,1,0,,1,,,544
150628,RK21.2_E-622,30,Sq. Yards,3205,291,3252,681,1,0,,1,,,544
151047,FD9_E-182,30,Sq. Yards,3201,287,3233,688,1,0,,1,,,544
151060,PWAP_E-366,30,Sq. Yards,3212,298,3276,706,1,0,,1,,,544
151279,PW21_963,30,Sq. Yards,3212,298,3276,706,1,0,,1,,,544
152849,PJ28.1_E-102,30,Sq. Yards,3192,278,3193,944,1,0,,1,,,544
153300,JR9PII_E-114,30,Sq. Yards,3206,292,3257,692,1,0,,1,,,544
153487,RW27.28.26PII_E-175,30,Sq. Yards,3205,291,3252,696,1,0,,1,,,544
154504,JG23_1175,30,Sq. Yards,3194,280,3200,695,1,0,,1,,,544
154806,PW21_969,30,Sq. Yards,3212,298,3276,706,1,0,,1,,,544
154838,GO16_E-281,30,Sq. Yards,3199,285,3221,702,1,0,,1,,,544
155657,RK5_E-3,30,Sq. Yards,3205,291,3252,698,1,0,,1,,,544
157963,RW18.2-3459,30,Sq. Yards,3208,294,3264,684,1,0,,1,,,544
158614,RW27.28.26PII_E-1406,30,Sq. Yards,3205,291,3252,702,1,0,,1,,,544
158633,JG23_1766,30,Sq. Yards,3194,280,3200,686,1,0,,1,,,544
158667,RK5_E-193,30,Sq. Yards,3205,291,3252,690,1,0,,1,,,544
159884,RW27.28.26PII_E-1225,30,Sq. Yards,3205,291,3252,700,1,0,,1,,,544
160922,JR9PII_E-111,30,Sq. Yards,3206,292,3257,683,1,0,,1,,,544
148457,JG23_1776,30,Sq. Yards,3194,280,3200,698,1,0,,1,,,544
148668,JG22.2_E-695,30,Sq. Yards,3194,280,3200,682,1,0,,1,,,544
148734,PWAP_E-155,30,Sq. Yards,3212,298,3276,704,1,0,,1,,,544
149170,RK21.2_E-538,30,Sq. Yards,3205,291,3252,692,1,0,,1,,,544
149529,JG23_2231,30,Sq. Yards,3194,280,3200,684,1,0,,1,,,544
150104,JG22.2_E-21,30,Sq. Yards,3194,280,3200,698,1,0,,1,,,544
150397,MG9.10.3_E-36,30,Sq. Yards,3207,293,3259,689,1,0,,1,,,544
150738,JG23_1399,30,Sq. Yards,3194,280,3200,688,1,0,,1,,,544
151202,JG22.2_E-304,30,Sq. Yards,3194,280,3200,681,1,0,,1,,,544
151220,JG23_2003,30,Sq. Yards,3194,280,3200,687,1,0,,1,,,544
154796,GO13.14_82,30,Sq. Yards,3199,285,3221,689,1,0,,1,,,544
155114,JG23_1364,30,Sq. Yards,3194,280,3200,696,1,0,,1,,,544
155450,JG23_1815,30,Sq. Yards,3194,280,3200,695,1,0,,1,,,544
155581,JG23_1351,30,Sq. Yards,3194,280,3200,693,1,0,,1,,,544
156435,RW27.28.26PII_E-123,30,Sq. Yards,3205,291,3252,684,1,0,,1,,,544
156785,JG23_2085,30,Sq. Yards,3194,280,3200,685,1,0,,1,,,544
157621,RW27.28.26PII_E-454,30,Sq. Yards,3205,291,3252,681,1,0,,1,,,544
157854,SSPIII20_E-581,30,Sq. Yards,3202,288,3238,706,1,0,,1,,,544
158693,KN9.32_E-130,30,Sq. Yards,3197,283,3215,684,1,0,,1,,,544
159694,RW18.2-2151,30,Sq. Yards,3208,294,3264,693,1,0,,1,,,544
160912,JR9PII_E-60,30,Sq. Yards,3206,292,3257,692,1,0,,1,,,544
161165,CD9_E-289,30,Sq. Yards,3213,299,3279,692,1,0,,1,,,544
161415,PJ28.3_E-39,30,Sq. Yards,3192,278,3193,706,1,0,,1,,,544
147612,RW18.2-3709,30,Sq. Yards,3208,294,3264,709,1,0,,1,,,544
147794,JG22.2_E-758,30,Sq. Yards,3194,280,3200,684,1,0,,1,,,544
148112,SD8_E-11,30,Sq. Yards,3200,286,3230,686,1,0,,1,,,544
148262,RW18.2-3494,30,Sq. Yards,3208,294,3264,688,1,0,,1,,,544
148412,JG23_488,30,Sq. Yards,3194,280,3200,682,1,0,,1,,,544
148865,CD9_E-91,30,Sq. Yards,3213,299,3279,691,1,0,,1,,,544
149748,SSPIII20_E-404,30,Sq. Yards,3202,288,3238,681,1,0,,1,,,544
150033,CD1B_E-95,30,Sq. Yards,3213,299,3279,694,1,0,,1,,,544
150420,JG22.2_E-655,30,Sq. Yards,3194,280,3200,692,1,0,,1,,,544
152256,MG9.10.3_E-349,30,Sq. Yards,3207,293,3259,687,1,0,,1,,,544
152409,GO16_E-125,30,Sq. Yards,3199,285,3221,691,1,0,,1,,,544
153177,RW27.28.26PII_E-1061,30,Sq. Yards,3205,291,3252,684,1,0,,1,,,544
154145,JG23_1002,30,Sq. Yards,3194,280,3200,693,1,0,,1,,,544
154445,CD1B_E-6,30,Sq. Yards,3213,299,3279,733,1,0,,1,,,544
154732,JG22.2_E-130,30,Sq. Yards,3194,280,3200,701,1,0,,1,,,544
155882,JR9PII_E-55,30,Sq. Yards,3206,292,3257,695,1,0,,1,,,544
155935,JR6_E-415,30,Sq. Yards,3206,292,3257,690,1,0,,1,,,544
157790,PJ28.1_E-153,30,Sq. Yards,3192,278,3193,905,1,0,,1,,,544
158071,CD9_E-461,30,Sq. Yards,3213,299,3279,682,1,0,,1,,,544
158089,RW27.28.26PII_E-182,30,Sq. Yards,3205,291,3252,693,1,0,,1,,,544
158189,PW21_261,30,Sq. Yards,3212,298,3276,683,1,0,,1,,,544
162015,JR9PII_E-226,30,Sq. Yards,3206,292,3257,694,1,0,,1,,,544
148322,RW18.2-3487,30,Sq. Yards,3208,294,3264,689,1,0,,1,,,544
148871,SD8_E-91,30,Sq. Yards,3200,286,3230,691,1,0,,1,,,544
148888,SSPIII20_E-484,30,Sq. Yards,3202,288,3238,688,1,0,,1,,,544
148941,RW18.2-3030,30,Sq. Yards,3208,294,3264,688,1,0,,1,,,544
149141,KN9.32_E-155,30,Sq. Yards,3197,283,3215,693,1,0,,1,,,544
150026,JG22.2_E-124,30,Sq. Yards,3194,280,3200,683,1,0,,1,,,544
151128,CD9_E-258,30,Sq. Yards,3213,299,3279,696,1,0,,1,,,544
151230,PJ28.3_E-43,30,Sq. Yards,3192,278,3193,692,1,0,,1,,,544
151411,GO16_E-112,30,Sq. Yards,3199,285,3221,702,1,0,,1,,,544
151564,RW36A_E-40,30,Sq. Yards,3205,291,3252,683,1,0,,1,,,544
151781,KN32_302,30,Sq. Yards,3197,283,3215,681,1,0,,1,,,544
152449,CD1B_E-96,30,Sq. Yards,3213,299,3279,688,1,0,,1,,,544
152834,JR9PII_E-17,30,Sq. Yards,3206,292,3257,687,1,0,,1,,,544
153470,PW21_555,30,Sq. Yards,3212,298,3276,685,1,0,,1,,,544
153634,SSPIII20_E-36,30,Sq. Yards,3202,288,3238,694,1,0,,1,,,544
154202,JG22.2_E-689,30,Sq. Yards,3194,280,3200,700,1,0,,1,,,544
154721,RW27.28.26PII_E-1505,30,Sq. Yards,3205,291,3252,696,1,0,,1,,,544
155557,GO13.14_76,30,Sq. Yards,3199,285,3221,682,1,0,,1,,,544
155640,JG22.2_E-190,30,Sq. Yards,3194,280,3200,688,1,0,,1,,,544
158046,PJ28.3_E-66,30,Sq. Yards,3192,278,3193,687,1,0,,1,,,544
158080,RW18.2-3589,30,Sq. Yards,3208,294,3264,683,1,0,,1,,,544
158501,RW18.2-3636,30,Sq. Yards,3208,294,3264,711,1,0,,1,,,544
159233,GO16_E-275,30,Sq. Yards,3199,285,3221,685,1,0,,1,,,544
160907,RW18.2-2976,30,Sq. Yards,3208,294,3264,688,1,0,,1,,,544
161407,RW27.28.26PII_E-177,30,Sq. Yards,3205,291,3252,683,1,0,,1,,,544
161424,RW27.28.26PII_E-663,30,Sq. Yards,3205,291,3252,683,1,0,,1,,,544
148050,SSPIII20_E-188,30,Sq. Yards,3202,288,3238,683,1,0,,1,,,544
148175,PJ28.3_E-160,30,Sq. Yards,3192,278,3193,935,1,0,,1,,,544
148484,RW18.2-2525,30,Sq. Yards,3208,294,3264,689,1,0,,1,,,544
148650,PJ28.2_E-12,30,Sq. Yards,3192,278,3193,684,1,0,,1,,,544
148652,JG22.2_E-80,30,Sq. Yards,3194,280,3200,699,1,0,,1,,,544
148975,GO16_E-17,30,Sq. Yards,3199,285,3221,681,1,0,,1,,,544
149447,CD9_E-228,30,Sq. Yards,3213,299,3279,694,1,0,,1,,,544
150056,PWAP_E-94,30,Sq. Yards,3212,298,3276,687,1,0,,1,,,544
150622,FD9_E-162,30,Sq. Yards,3201,287,3233,687,1,0,,1,,,544
150951,GO16_E-159,30,Sq. Yards,3199,285,3221,689,1,0,,1,,,544
151158,PW21_506,30,Sq. Yards,3212,298,3276,696,1,0,,1,,,544
151524,RW18.1_E-166,30,Sq. Yards,3208,294,3264,684,1,0,,1,,,544
151594,JG22.2_E-403,30,Sq. Yards,3194,280,3200,690,1,0,,1,,,544
151917,PW21_132,30,Sq. Yards,3212,298,3276,692,1,0,,1,,,544
152528,PWAP_E-277,30,Sq. Yards,3212,298,3276,708,1,0,,1,,,544
152555,JG22.2_E-408,30,Sq. Yards,3194,280,3200,695,1,0,,1,,,544
154300,SD8_E-220,30,Sq. Yards,3200,286,3230,684,1,0,,1,,,544
154693,RK21.2_E-461,30,Sq. Yards,3205,291,3252,697,1,0,,1,,,544
155763,RW27.28.26PII_E-1424,30,Sq. Yards,3205,291,3252,685,1,0,,1,,,544
155772,JG23_1870,30,Sq. Yards,3194,280,3200,702,1,0,,1,,,544
156272,JG22.2_E-615,30,Sq. Yards,3194,280,3200,684,1,0,,1,,,544
156365,SSPIII20_E-555,30,Sq. Yards,3202,288,3238,700,1,0,,1,,,544
156472,JR9_E-26,30,Sq. Yards,3206,292,3257,686,1,0,,1,,,544
157176,RW19.2_E-82,30,Sq. Yards,3208,294,3264,702,1,0,,1,,,544
158971,RW18.2-2974,30,Sq. Yards,3208,294,3264,711,1,0,,1,,,544
159382,JG23_1304,30,Sq. Yards,3194,280,3200,684,1,0,,1,,,544
159973,RW27.28.26PII_E-443,30,Sq. Yards,3205,291,3252,694,1,0,,1,,,544
160711,GO13.14_114,30,Sq. Yards,3199,285,3221,686,1,0,,1,,,544
160775,JG23_655,30,Sq. Yards,3194,280,3200,699,1,0,,1,,,544
161354,JG23_929,30,Sq. Yards,3194,280,3200,691,1,0,,1,,,544
161577,RW27.28.26PII_E-881,30,Sq. Yards,3205,291,3252,696,1,0,,1,,,544
161645,GO16_E-215,30,Sq. Yards,3199,285,3221,695,1,0,,1,,,544
161711,SD8_E-250,30,Sq. Yards,3200,286,3230,683,1,0,,1,,,544
147575,CD1B_E-45,30,Sq. Yards,3213,299,3279,691,1,0,,1,,,544
147884,RW18.2-3200,30,Sq. Yards,3208,294,3264,683,1,0,,1,,,544
147907,JR9_E-38,30,Sq. Yards,3206,292,3257,684,1,0,,1,,,544
148207,RW18.2-2995,30,Sq. Yards,3208,294,3264,681,1,0,,1,,,544
148409,JG22.2_E-594,30,Sq. Yards,3194,280,3200,690,1,0,,1,,,544
149054,RW18.2-3308,30,Sq. Yards,3208,294,3264,700,1,0,,1,,,544
149143,PW21_628,30,Sq. Yards,3212,298,3276,710,1,0,,1,,,544
149279,PW21_558,30,Sq. Yards,3212,298,3276,759,1,0,,1,,,544
150624,CD9_E-264,30,Sq. Yards,3213,299,3279,692,1,0,,1,,,544
151728,PWAP_E-111,30,Sq. Yards,3212,298,3276,709,1,0,,1,,,544
151892,RW36A_E-201,30,Sq. Yards,3205,291,3252,681,1,0,,1,,,544
152387,GO16_E-358,30,Sq. Yards,3199,285,3221,688,1,0,,1,,,544
152585,MG9.10.3_E-151,30,Sq. Yards,3207,293,3259,689,1,0,,1,,,544
153596,PW21_640,30,Sq. Yards,3212,298,3276,708,1,0,,1,,,544
154561,KN32_266,30,Sq. Yards,3197,283,3215,687,1,0,,1,,,544
154859,GO13.14_109,30,Sq. Yards,3199,285,3221,688,1,0,,1,,,544
155127,JG22.1_E-6,30,Sq. Yards,3194,280,3200,682,1,0,,1,,,544
155202,JG24.2_E-57,30,Sq. Yards,3194,280,3200,683,1,0,,1,,,544
155404,RK5_E-167,30,Sq. Yards,3205,291,3252,684,1,0,,1,,,544
155863,RK5_E-257,30,Sq. Yards,3205,291,3252,688,1,0,,1,,,544
156072,RW18.2-2623,30,Sq. Yards,3208,294,3264,681,1,0,,1,,,544
156831,RW27.28.26PII_E-802,30,Sq. Yards,3205,291,3252,690,1,0,,1,,,544
156933,RW18.2-2640,30,Sq. Yards,3208,294,3264,704,1,0,,1,,,544
157106,RW18.2-2188,30,Sq. Yards,3208,294,3264,704,1,0,,1,,,544
157467,RW18.2-2332,30,Sq. Yards,3208,294,3264,683,1,0,,1,,,544
157676,GO16_E-249,30,Sq. Yards,3199,285,3221,682,1,0,,1,,,544
158914,SSPIII20_E-379,30,Sq. Yards,3202,288,3238,683,1,0,,1,,,544
159380,CD9_E-435,30,Sq. Yards,3213,299,3279,695,1,0,,1,,,544
159882,JG23_1101,30,Sq. Yards,3194,280,3200,685,1,0,,1,,,544
160048,SSPIII20_E-628,30,Sq. Yards,3202,288,3238,710,1,0,,1,,,544
160677,JG23_1108,30,Sq. Yards,3194,280,3200,702,1,0,,1,,,544
161822,JAJ_E-91,30,Sq. Yards,3200,286,3229,689,1,0,,1,,,544
148173,RK21.2_E-424,30,Sq. Yards,3205,291,3252,701,1,0,,1,,,544
148818,JR6_E-189,30,Sq. Yards,3206,292,3257,687,1,0,,1,,,544
149318,RW27.28.26PII_E-1550,30,Sq. Yards,3205,291,3252,688,1,0,,1,,,544
149579,PW21_802,30,Sq. Yards,3212,298,3276,709,1,0,,1,,,544
150388,JR9_E-30,30,Sq. Yards,3206,292,3257,693,1,0,,1,,,544
150688,SSPIII20_E-34,30,Sq. Yards,3202,288,3238,688,1,0,,1,,,544
150815,JR9PII_E-51,30,Sq. Yards,3206,292,3257,686,1,0,,1,,,544
151317,JR9PII_E-137,30,Sq. Yards,3206,292,3257,696,1,0,,1,,,544
152187,GO13.14_264,30,Sq. Yards,3199,285,3221,702,1,0,,1,,,544
152594,RW18.2-2112,30,Sq. Yards,3208,294,3264,703,1,0,,1,,,544
152821,SSPIII20_E-146,30,Sq. Yards,3202,288,3238,709,1,0,,1,,,544
154325,RK21.2_E-459,30,Sq. Yards,3205,291,3252,690,1,0,,1,,,544
155036,RW27.28.26PII_E-57,30,Sq. Yards,3205,291,3252,695,1,0,,1,,,544
155204,PW21_662,30,Sq. Yards,3212,298,3276,685,1,0,,1,,,544
156397,PW21_815,30,Sq. Yards,3212,298,3276,706,1,0,,1,,,544
156740,GO13.14_36,30,Sq. Yards,3199,285,3221,703,1,0,,1,,,544
157576,JG23_1543,30,Sq. Yards,3194,280,3200,682,1,0,,1,,,544
157867,SD8_E-167,30,Sq. Yards,3200,286,3230,685,1,0,,1,,,544
158578,RW18.2-2629,30,Sq. Yards,3208,294,3264,705,1,0,,1,,,544
158805,JG22.2_E-219,30,Sq. Yards,3194,280,3200,697,1,0,,1,,,544
159003,KN9.32_E-27,30,Sq. Yards,3197,283,3215,681,1,0,,1,,,544
159271,PJ28.2_E-17,30,Sq. Yards,3192,278,3193,935,1,0,,1,,,544
159473,JR9PII_E-76,30,Sq. Yards,3206,292,3257,689,1,0,,1,,,544
159948,KN9.32_E-64,30,Sq. Yards,3197,283,3215,681,1,0,,1,,,544
160616,JG23_2172,30,Sq. Yards,3194,280,3200,690,1,0,,1,,,544
160916,SSPIII20_E-316,30,Sq. Yards,3202,288,3238,689,1,0,,1,,,544
161318,SSPIII20_E-328,30,Sq. Yards,3202,288,3238,863,1,0,,1,,,544
161420,PJ28.1_E-143,30,Sq. Yards,3192,278,3193,691,1,0,,1,,,544
161588,PWAP_E-97,30,Sq. Yards,3212,298,3276,684,1,0,,1,,,544
161856,JG23_448,30,Sq. Yards,3194,280,3200,683,1,0,,1,,,544
162081,RW18.2-2532,30,Sq. Yards,3208,294,3264,693,1,0,,1,,,544
162690,RK21.2_E-643,30,Sq. Yards,3205,291,3252,683,1,0,,1,,,544
147748,PJ28.1_E-5,30,Sq. Yards,3192,278,3193,861,1,0,,1,,,544
147773,PWAP_E-123,30,Sq. Yards,3212,298,3276,684,1,0,,1,,,544
148375,JG23_573,30,Sq. Yards,3194,280,3200,696,1,0,,1,,,544
148516,RW36A_E-156,30,Sq. Yards,3205,291,3252,690,1,0,,1,,,544
148745,MG9.10.3_E-183,30,Sq. Yards,3207,293,3259,689,1,0,,1,,,544
149511,JG23_685,30,Sq. Yards,3194,280,3200,686,1,0,,1,,,544
149781,JG22.2_E-160,30,Sq. Yards,3194,280,3200,689,1,0,,1,,,544
150926,PW21_1059,30,Sq. Yards,3212,298,3276,710,1,0,,1,,,544
151017,CD9_E-79,30,Sq. Yards,3213,299,3279,682,1,0,,1,,,544
152121,RK21.2_E-22,30,Sq. Yards,3205,291,3252,690,1,0,,1,,,544
152923,JR9PII_E-229,30,Sq. Yards,3206,292,3257,694,1,0,,1,,,544
153087,JAJ_E-37,30,Sq. Yards,3200,286,3229,688,1,0,,1,,,544
154100,PW21_786,30,Sq. Yards,3212,298,3276,696,1,0,,1,,,544
154332,JR9_E-68,30,Sq. Yards,3206,292,3257,687,1,0,,1,,,544
154393,KN9.32_E-138,30,Sq. Yards,3197,283,3215,681,1,0,,1,,,544
155025,SSPIII20_E-520,30,Sq. Yards,3202,288,3238,688,1,0,,1,,,544
155093,SSPIII20_E-454,30,Sq. Yards,3202,288,3238,711,1,0,,1,,,544
155597,MG9.10.3_E-121,30,Sq. Yards,3207,293,3259,687,1,0,,1,,,544
155870,GO16_E-122,30,Sq. Yards,3199,285,3221,691,1,0,,1,,,544
156140,RW27.28.26PII_E-1058,30,Sq. Yards,3205,291,3252,699,1,0,,1,,,544
156608,JG23_501,30,Sq. Yards,3194,280,3200,691,1,0,,1,,,544
158478,KN32_179,30,Sq. Yards,3197,283,3215,692,1,0,,1,,,544
158844,RW27.28.26PII_E-1501,30,Sq. Yards,3205,291,3252,683,1,0,,1,,,544
159780,PJ28.3_E-223,30,Sq. Yards,3192,278,3193,944,1,0,,1,,,544
160141,RK21.2_E-174,30,Sq. Yards,3205,291,3252,697,1,0,,1,,,544
160409,PW21_533,30,Sq. Yards,3212,298,3276,710,1,0,,1,,,544
161084,JG22.2_E-309,30,Sq. Yards,3194,280,3200,694,1,0,,1,,,544
161143,PW21_641,30,Sq. Yards,3212,298,3276,688,1,0,,1,,,544
161386,JG22.2_E-288,30,Sq. Yards,3194,280,3200,685,1,0,,1,,,544
162222,JR6_E-282,30,Sq. Yards,3206,292,3257,697,1,0,,1,,,544
162424,CD9_E-429,30,Sq. Yards,3213,299,3279,692,1,0,,1,,,544
147691,RW27.28.26PII_E-15,30,Sq. Yards,3205,291,3252,685,1,0,,1,,,544
147514,RW18.2-2462,30,Sq. Yards,3208,294,3264,697,1,0,,1,,,544
148143,JG23_2113,30,Sq. Yards,3194,280,3200,702,1,0,,1,,,544
148543,RW27.28.26PII_E-35,30,Sq. Yards,3205,291,3252,698,1,0,,1,,,544
150213,GO13.14_147,30,Sq. Yards,3199,285,3221,702,1,0,,1,,,544
151358,RW27.28.26PII_E-122,30,Sq. Yards,3205,291,3252,681,1,0,,1,,,544
151451,JG23_1326,30,Sq. Yards,3194,280,3200,700,1,0,,1,,,544
151483,RW36A_E-303,30,Sq. Yards,3205,291,3252,688,1,0,,1,,,544
152285,SSPIII20_E-367,30,Sq. Yards,3202,288,3238,682,1,0,,1,,,544
152453,CD9_E-375,30,Sq. Yards,3213,299,3279,682,1,0,,1,,,544
153966,RK5_E-360,30,Sq. Yards,3205,291,3252,685,1,0,,1,,,544
154900,JAJ_E-54,30,Sq. Yards,3200,286,3229,693,1,0,,1,,,544
155270,JG22.1_E-133,30,Sq. Yards,3194,280,3200,698,1,0,,1,,,544
155504,JR6_E-433,30,Sq. Yards,3206,292,3257,683,1,0,,1,,,544
155670,PJ28.3_E-144,30,Sq. Yards,3192,278,3193,683,1,0,,1,,,544
155829,CD9_E-208,30,Sq. Yards,3213,299,3279,692,1,0,,1,,,544
156674,RK21.2_E-428,30,Sq. Yards,3205,291,3252,702,1,0,,1,,,544
156899,RW27.28.26PII_E-27,30,Sq. Yards,3205,291,3252,684,1,0,,1,,,544
157033,RK5_E-142,30,Sq. Yards,3205,291,3252,694,1,0,,1,,,544
157235,SD8_E-118,30,Sq. Yards,3200,286,3230,690,1,0,,1,,,544
157367,RW27.28.26PII_E-667,30,Sq. Yards,3205,291,3252,700,1,0,,1,,,544
157410,PJ28.3_E-67,30,Sq. Yards,3192,278,3193,944,1,0,,1,,,544
157610,RW18.2-2449,30,Sq. Yards,3208,294,3264,690,1,0,,1,,,544
158035,PW21_743,30,Sq. Yards,3212,298,3276,696,1,0,,1,,,544
158410,MG9.10.3_E-39,30,Sq. Yards,3207,293,3259,695,1,0,,1,,,544
158635,PW21_139,30,Sq. Yards,3212,298,3276,685,1,0,,1,,,544
159346,JG23_1964,30,Sq. Yards,3194,280,3200,686,1,0,,1,,,544
159573,RW36A_E-128,30,Sq. Yards,3205,291,3252,697,1,0,,1,,,544
159707,RW18.2-2006,30,Sq. Yards,3208,294,3264,681,1,0,,1,,,544
160041,JG23_2276,30,Sq. Yards,3194,280,3200,693,1,0,,1,,,544
160377,KN9.32_E-143,30,Sq. Yards,3197,283,3215,681,1,0,,1,,,544
160852,MG9.10.3_E-346,30,Sq. Yards,3207,293,3259,695,1,0,,1,,,544
161479,GO13.14_157,30,Sq. Yards,3199,285,3221,685,1,0,,1,,,544
161554,RK5_E-94,30,Sq. Yards,3205,291,3252,683,1,0,,1,,,544
161620,SSPIII20_E-184,30,Sq. Yards,3202,288,3238,691,1,0,,1,,,544
162388,RW18.2-3632,30,Sq. Yards,3208,294,3264,692,1,0,,1,,,544
148084,RW27.28.26PII_E-1537,30,Sq. Yards,3205,291,3252,690,1,0,,1,,,544
151260,MG9.10.3_E-294,30,Sq. Yards,3207,293,3259,693,1,0,,1,,,544
151758,JG23_1120,30,Sq. Yards,3194,280,3200,698,1,0,,1,,,544
152185,JG23_1506,30,Sq. Yards,3194,280,3200,688,1,0,,1,,,544
152385,GO16_E-116,30,Sq. Yards,3199,285,3221,694,1,0,,1,,,544
153230,RW36A_E-253,30,Sq. Yards,3205,291,3252,683,1,0,,1,,,544
153398,PW21_957,30,Sq. Yards,3212,298,3276,688,1,0,,1,,,544
153498,JR9PII_E-304,30,Sq. Yards,3206,292,3257,688,1,0,,1,,,544
156574,RW27.28.26PII_E-94,30,Sq. Yards,3205,291,3252,683,1,0,,1,,,544
157065,PW21_233,30,Sq. Yards,3212,298,3276,697,1,0,,1,,,544
157399,GO16_E-317,30,Sq. Yards,3199,285,3221,682,1,0,,1,,,544
159078,JR6_E-18,30,Sq. Yards,3206,292,3257,697,1,0,,1,,,544
159139,RW27.28.26PII_E-236,30,Sq. Yards,3205,291,3252,686,1,0,,1,,,544
159616,JG23_1266,30,Sq. Yards,3194,280,3200,692,1,0,,1,,,544
159782,CD9_E-126,30,Sq. Yards,3213,299,3279,690,1,0,,1,,,544
160148,RW27.28.26PII_E-669,30,Sq. Yards,3205,291,3252,684,1,0,,1,,,544
160348,RW36A_E-196,30,Sq. Yards,3205,291,3252,702,1,0,,1,,,544
160382,JG22.2_E-698,30,Sq. Yards,3194,280,3200,681,1,0,,1,,,544
162054,JG23_816,30,Sq. Yards,3194,280,3200,697,1,0,,1,,,544
148400,RK21.2_E-227,30,Sq. Yards,3205,291,3252,690,1,0,,1,,,544
149436,CD9_E-475,30,Sq. Yards,3213,299,3279,733,1,0,,1,,,544
150606,JG23_985,30,Sq. Yards,3194,280,3200,691,1,0,,1,,,544
152037,GO13.14_143,30,Sq. Yards,3199,285,3221,681,1,0,,1,,,544
152078,GO16_E-10,30,Sq. Yards,3199,285,3221,696,1,0,,1,,,544
153605,JR6_E-424,30,Sq. Yards,3206,292,3257,697,1,0,,1,,,544
153616,RW18.2-3617,30,Sq. Yards,3208,294,3264,692,1,0,,1,,,544
153648,RW27.28.26PII_E-1233,30,Sq. Yards,3205,291,3252,694,1,0,,1,,,544
154084,JG22.2_E-538,30,Sq. Yards,3194,280,3200,684,1,0,,1,,,544
155118,MG9.10.3_E-2,30,Sq. Yards,3207,293,3259,689,1,0,,1,,,544
148216,SSPIII20_E-63,30,Sq. Yards,3202,288,3238,681,1,0,,1,,,544
148318,SD8_E-140,30,Sq. Yards,3200,286,3230,692,1,0,,1,,,544
148720,JG23_436,30,Sq. Yards,3194,280,3200,689,1,0,,1,,,544
149620,JG24.2_E-11,30,Sq. Yards,3194,280,3200,682,1,0,,1,,,544
149622,JAJ_E-111,30,Sq. Yards,3200,286,3229,686,1,0,,1,,,544
150054,GO13.14_44,30,Sq. Yards,3199,285,3221,698,1,0,,1,,,544
150279,JG22.2_E-581,30,Sq. Yards,3194,280,3200,702,1,0,,1,,,544
150524,KN9.32_E-25,30,Sq. Yards,3197,283,3215,975,1,0,,1,,,544
150883,RK5_E-25,30,Sq. Yards,3205,291,3252,684,1,0,,1,,,544
151390,MG9.10.3_E-83,30,Sq. Yards,3207,293,3259,693,1,0,,1,,,544
151926,RW18.2-3510,30,Sq. Yards,3208,294,3264,704,1,0,,1,,,544
152560,RW27.28.26PII_E-222,30,Sq. Yards,3205,291,3252,694,1,0,,1,,,544
153964,RW36A_E-236,30,Sq. Yards,3205,291,3252,695,1,0,,1,,,544
155061,MG9.10.3_E-4,30,Sq. Yards,3207,293,3259,691,1,0,,1,,,544
155368,SSPIII20_E-393,30,Sq. Yards,3202,288,3238,708,1,0,,1,,,544
155436,JG23_1825,30,Sq. Yards,3194,280,3200,686,1,0,,1,,,544
155802,KN32_175,30,Sq. Yards,3197,283,3215,682,1,0,,1,,,544
156340,RW18.2-3141,30,Sq. Yards,3208,294,3264,706,1,0,,1,,,544
157442,CD9_E-367,30,Sq. Yards,3213,299,3279,693,1,0,,1,,,544
157901,CD1B_E-87,30,Sq. Yards,3213,299,3279,683,1,0,,1,,,544
158271,RW18.2-2987,30,Sq. Yards,3208,294,3264,692,1,0,,1,,,544
158537,JG23_326,30,Sq. Yards,3194,280,3200,691,1,0,,1,,,544
159680,RK5_E-103,30,Sq. Yards,3205,291,3252,686,1,0,,1,,,544
161854,RW27.28.26PII_E-259,30,Sq. Yards,3205,291,3252,682,1,0,,1,,,544
162022,JR9PII_E-89,30,Sq. Yards,3206,292,3257,693,1,0,,1,,,544
162090,PW21_441,30,Sq. Yards,3212,298,3276,687,1,0,,1,,,544
162379,RW27.28.26PII_E-705,30,Sq. Yards,3205,291,3252,684,1,0,,1,,,544
162622,JG23_1787,30,Sq. Yards,3194,280,3200,687,1,0,,1,,,544
162624,PW21_958,30,Sq. Yards,3212,298,3276,707,1,0,,1,,,544
147580,KN32_237,30,Sq. Yards,3197,283,3215,681,1,0,,1,,,544
148752,JG23_946,30,Sq. Yards,3194,280,3200,695,1,0,,1,,,544
149286,JG23_1650,30,Sq. Yards,3194,280,3200,688,1,0,,1,,,544
150013,JR6_E-166,30,Sq. Yards,3206,292,3257,696,1,0,,1,,,544
150045,MG9.10.3_E-308,30,Sq. Yards,3207,293,3259,687,1,0,,1,,,544
150379,PJ28.1_E-11,30,Sq. Yards,3192,278,3193,962,1,0,,1,,,544
151760,RW18.2-2441,30,Sq. Yards,3208,294,3264,692,1,0,,1,,,544
152819,JG23_1215,30,Sq. Yards,3194,280,3200,1045,1,0,,1,,,544
152828,RW18.2-2582,30,Sq. Yards,3208,294,3264,698,1,0,,1,,,544
153287,PJ28.1_E-133,30,Sq. Yards,3192,278,3193,704,1,0,,1,,,544
153755,SD8_E-39,30,Sq. Yards,3200,286,3230,686,1,0,,1,,,544
153889,RW27.28.26PII_E-1085,30,Sq. Yards,3205,291,3252,689,1,0,,1,,,544
154032,SSPIII20_E-442,30,Sq. Yards,3202,288,3238,711,1,0,,1,,,544
154534,SD8_E-74,30,Sq. Yards,3200,286,3230,687,1,0,,1,,,544
155070,GO16_E-93,30,Sq. Yards,3199,285,3221,686,1,0,,1,,,544
156029,PWAP_E-206,30,Sq. Yards,3212,298,3276,706,1,0,,1,,,544
156129,RW18.2-2132,30,Sq. Yards,3208,294,3264,683,1,0,,1,,,544
156504,PWAP_E-254,30,Sq. Yards,3212,298,3276,688,1,0,,1,,,544
156508,SSPIII20_E-159,30,Sq. Yards,3202,288,3238,689,1,0,,1,,,544
157174,JG23_1672,30,Sq. Yards,3194,280,3200,696,1,0,,1,,,544
157335,RW18.2-2509,30,Sq. Yards,3208,294,3264,685,1,0,,1,,,544
157744,GO16_E-91,30,Sq. Yards,3199,285,3221,691,1,0,,1,,,544
157933,PW21_1084,30,Sq. Yards,3212,298,3276,683,1,0,,1,,,544
158871,SSPIII20_E-329,30,Sq. Yards,3202,288,3238,682,1,0,,1,,,544
158978,JG23_653,30,Sq. Yards,3194,280,3200,683,1,0,,1,,,544
159105,RK5_E-86,30,Sq. Yards,3205,291,3252,684,1,0,,1,,,544
159273,JR9_E-61,30,Sq. Yards,3206,292,3257,686,1,0,,1,,,544
159909,RW18.2-3151,30,Sq. Yards,3208,294,3264,684,1,0,,1,,,544
161075,RW18.2-2791,30,Sq. Yards,3208,294,3264,683,1,0,,1,,,544
161388,JG23_502,30,Sq. Yards,3194,280,3200,685,1,0,,1,,,544
161886,JG23_585,30,Sq. Yards,3194,280,3200,697,1,0,,1,,,544
161922,JG23_338,30,Sq. Yards,3194,280,3200,707,1,0,,1,,,544
162256,PW21_825,30,Sq. Yards,3212,298,3276,921,1,0,,1,,,544
148693,JG22.2_E-426,30,Sq. Yards,3194,280,3200,685,1,0,,1,,,544
149495,RW18.2-3528,30,Sq. Yards,3208,294,3264,689,1,0,,1,,,544
149736,RW27.28.26PII_E-1443,30,Sq. Yards,3205,291,3252,688,1,0,,1,,,544
161879,RW27.28.26PII_E-625,30,Sq. Yards,3205,291,3252,683,1,0,,1,,,544
161954,SSPIII20_E-826,30,Sq. Yards,3202,288,3238,683,1,0,,1,,,544
162656,JG23_836,30,Sq. Yards,3194,280,3200,689,1,0,,1,,,544
147500,PW21_170,30,Sq. Yards,3212,298,3276,684,1,0,,1,,,544
149061,RW18.2-2556,30,Sq. Yards,3208,294,3264,681,1,0,,1,,,544
149234,JAJ_E-100,30,Sq. Yards,3200,286,3229,684,1,0,,1,,,544
149238,PW21_456,30,Sq. Yards,3212,298,3276,688,1,0,,1,,,544
149831,PWAP_E-196,30,Sq. Yards,3212,298,3276,709,1,0,,1,,,544
150106,RW18.2-3686,30,Sq. Yards,3208,294,3264,686,1,0,,1,,,544
150129,GO13.14_237,30,Sq. Yards,3199,285,3221,682,1,0,,1,,,544
151533,RW27.28.26PII_E-396,30,Sq. Yards,3205,291,3252,681,1,0,,1,,,544
151676,MG9.10.3_E-144,30,Sq. Yards,3207,293,3259,682,1,0,,1,,,544
151844,RW27.28.26PII_E-677,30,Sq. Yards,3205,291,3252,694,1,0,,1,,,544
152210,RW18.2-2674,30,Sq. Yards,3208,294,3264,694,1,0,,1,,,544
152378,JG23_669,30,Sq. Yards,3194,280,3200,683,1,0,,1,,,544
153507,JG22.2_E-73,30,Sq. Yards,3194,280,3200,690,1,0,,1,,,544
153750,JR6_E-170,30,Sq. Yards,3206,292,3257,697,1,0,,1,,,544
156688,RW18.2-2022,30,Sq. Yards,3208,294,3264,688,1,0,,1,,,544
157049,JR6_E-286,30,Sq. Yards,3206,292,3257,692,1,0,,1,,,544
157626,SSPIII20_E-440,30,Sq. Yards,3202,288,3238,687,1,0,,1,,,544
159162,RW27.28.26PII_E-1680,30,Sq. Yards,3205,291,3252,692,1,0,,1,,,544
160032,RW18.2-2408,30,Sq. Yards,3208,294,3264,696,1,0,,1,,,544
160500,KN9.32_E-92,30,Sq. Yards,3197,283,3215,681,1,0,,1,,,544
160891,JG23_2073,30,Sq. Yards,3194,280,3200,686,1,0,,1,,,544
148378,JG24.2_E-16,30,Sq. Yards,3194,280,3200,692,1,0,,1,,,544
148581,SSPIII20_E-255,30,Sq. Yards,3202,288,3238,693,1,0,,1,,,544
150468,RW18.2-2557,30,Sq. Yards,3208,294,3264,698,1,0,,1,,,544
151689,RW18.2-3163,30,Sq. Yards,3208,294,3264,683,1,0,,1,,,544
152039,JG23_1900,30,Sq. Yards,3194,280,3200,685,1,0,,1,,,544
152372,JG24.2_E-47,30,Sq. Yards,3194,280,3200,692,1,0,,1,,,544
152557,PW21_490,30,Sq. Yards,3212,298,3276,692,1,0,,1,,,544
153876,PJ28.1_E-175,30,Sq. Yards,3192,278,3193,1008,1,0,,1,,,544
155316,RW18.2-2333,30,Sq. Yards,3208,294,3264,705,1,0,,1,,,544
155483,MG9.10.3_E-281,30,Sq. Yards,3207,293,3259,686,1,0,,1,,,544
155498,KN32_245,30,Sq. Yards,3197,283,3215,694,1,0,,1,,,544
155833,FD9_E-65,30,Sq. Yards,3201,287,3233,687,1,0,,1,,,544
156201,SSPIII20_E-44,30,Sq. Yards,3202,288,3238,697,1,0,,1,,,544
157623,JG22.2_E-363,30,Sq. Yards,3194,280,3200,695,1,0,,1,,,544
157737,JG23_346,30,Sq. Yards,3194,280,3200,693,1,0,,1,,,544
157924,RW36A_E-28,30,Sq. Yards,3205,291,3252,683,1,0,,1,,,544
158591,RK21.2_E-164,30,Sq. Yards,3205,291,3252,684,1,0,,1,,,544
159227,RW27.28.26PII_E-1543,30,Sq. Yards,3205,291,3252,685,1,0,,1,,,544
160245,JG23_767,30,Sq. Yards,3194,280,3200,692,1,0,,1,,,544
161417,RW27.28.26PII_E-1689,30,Sq. Yards,3205,291,3252,699,1,0,,1,,,544
162385,GO16_E-361,30,Sq. Yards,3199,285,3221,697,1,0,,1,,,544
147940,RW19.2_E-62,30,Sq. Yards,3208,294,3264,704,1,0,,1,,,544
148283,RW18.2-3369,30,Sq. Yards,3208,294,3264,705,1,0,,1,,,544
148719,RW18.2-3230,30,Sq. Yards,3208,294,3264,709,1,0,,1,,,544
149880,FD9_E-93,30,Sq. Yards,3201,287,3233,686,1,0,,1,,,544
151427,RW18.2-3764,30,Sq. Yards,3208,294,3264,692,1,0,,1,,,544
151509,SSPIII20_E-593,30,Sq. Yards,3202,288,3238,682,1,0,,1,,,544
153138,JG23_686,30,Sq. Yards,3194,280,3200,693,1,0,,1,,,544
153463,KN9.32_E-151,30,Sq. Yards,3197,283,3215,683,1,0,,1,,,544
153799,JG22.2_E-181,30,Sq. Yards,3194,280,3200,688,1,0,,1,,,544
154031,RK21.2_E-199,30,Sq. Yards,3205,291,3252,694,1,0,,1,,,544
154485,JG23_425,30,Sq. Yards,3194,280,3200,696,1,0,,1,,,544
154499,JG23_1100,30,Sq. Yards,3194,280,3200,682,1,0,,1,,,544
155603,PW21_738,30,Sq. Yards,3212,298,3276,699,1,0,,1,,,544
155728,RK5_E-81,30,Sq. Yards,3205,291,3252,688,1,0,,1,,,544
156807,MG9.10.3_E-56,30,Sq. Yards,3207,293,3259,693,1,0,,1,,,544
157668,MG9.10.2_E-39,30,Sq. Yards,3207,293,3259,693,1,0,,1,,,544
158086,CD9_E-353,30,Sq. Yards,3213,299,3279,684,1,0,,1,,,544
158186,PW21_581,30,Sq. Yards,3212,298,3276,708,1,0,,1,,,544
159011,PW21_828,30,Sq. Yards,3212,298,3276,685,1,0,,1,,,544
147614,RK21.2_E-615,30,Sq. Yards,3205,291,3252,702,1,0,,1,,,544
147975,PWAP_E-378,30,Sq. Yards,3212,298,3276,688,1,0,,1,,,544
148675,RW36A_E-270,30,Sq. Yards,3205,291,3252,695,1,0,,1,,,544
148943,RW18.2-2326,30,Sq. Yards,3208,294,3264,695,1,0,,1,,,544
149554,RW27.28.26PII_E-1183,30,Sq. Yards,3205,291,3252,690,1,0,,1,,,544
149613,RW18.2-3125,30,Sq. Yards,3208,294,3264,692,1,0,,1,,,544
149720,PW21_891,30,Sq. Yards,3212,298,3276,708,1,0,,1,,,544
149915,MG9.10.3_E-69,30,Sq. Yards,3207,293,3259,682,1,0,,1,,,544
151181,JG23_1784,30,Sq. Yards,3194,280,3200,684,1,0,,1,,,544
152794,PJ28.3_E-114,30,Sq. Yards,3192,278,3193,935,1,0,,1,,,544
153064,PJ28.3_E-13,30,Sq. Yards,3192,278,3193,847,1,0,,1,,,544
153700,CD9_E-462,30,Sq. Yards,3213,299,3279,686,1,0,,1,,,544
154125,JR9_E-51,30,Sq. Yards,3206,292,3257,699,1,0,,1,,,544
154298,JG22.2_E-205,30,Sq. Yards,3194,280,3200,693,1,0,,1,,,544
155572,PW21_1085,30,Sq. Yards,3212,298,3276,684,1,0,,1,,,544
155738,JG23_1744,30,Sq. Yards,3194,280,3200,688,1,0,,1,,,544
155836,RW18.2-3383,30,Sq. Yards,3208,294,3264,692,1,0,,1,,,544
155861,MG9.10.3_E-96,30,Sq. Yards,3207,293,3259,684,1,0,,1,,,544
155997,RW19.1_E-80,30,Sq. Yards,3208,294,3264,681,1,0,,1,,,544
157710,SD8_E-206,30,Sq. Yards,3200,286,3230,684,1,0,,1,,,544
157844,RW36A_E-296,30,Sq. Yards,3205,291,3252,702,1,0,,1,,,544
158012,PW21_538,30,Sq. Yards,3212,298,3276,689,1,0,,1,,,544
158435,PJ28.3_E-40,30,Sq. Yards,3192,278,3193,935,1,0,,1,,,544
159607,RK21.2_E-447,30,Sq. Yards,3205,291,3252,688,1,0,,1,,,544
159880,GO13.14_45,30,Sq. Yards,3199,285,3221,699,1,0,,1,,,544
160143,JG23_2156,30,Sq. Yards,3194,280,3200,701,1,0,,1,,,544
160250,RW36A_E-100,30,Sq. Yards,3205,291,3252,696,1,0,,1,,,544
160418,RW36A_E-74,30,Sq. Yards,3205,291,3252,698,1,0,,1,,,544
161179,GO16_E-145,30,Sq. Yards,3199,285,3221,703,1,0,,1,,,544
161622,JG23_1235,30,Sq. Yards,3194,280,3200,690,1,0,,1,,,544
161688,RW36A_E-315,30,Sq. Yards,3205,291,3252,701,1,0,,1,,,544
161845,SSPIII20_E-633,30,Sq. Yards,3202,288,3238,702,1,0,,1,,,544
162056,RW19.2_E-47,30,Sq. Yards,3208,294,3264,688,1,0,,1,,,544
162120,RW27.28.26PII_E-1099,30,Sq. Yards,3205,291,3252,698,1,0,,1,,,544
162347,RW27.28.26PII_E-1156,30,Sq. Yards,3205,291,3252,681,1,0,,1,,,544
147480,JAJ_E-90,30,Sq. Yards,3200,286,3229,686,1,0,,1,,,544
149922,RW27.28.26PII_E-1362,30,Sq. Yards,3205,291,3252,691,1,0,,1,,,544
150958,RW18.2-2139,30,Sq. Yards,3208,294,3264,686,1,0,,1,,,544
151424,FD9_E-125,30,Sq. Yards,3201,287,3233,684,1,0,,1,,,544
152051,RK21.2_E-123,30,Sq. Yards,3205,291,3252,690,1,0,,1,,,544
152953,JR9PII_E-140,30,Sq. Yards,3206,292,3257,696,1,0,,1,,,544
152996,RW36A_E-22,30,Sq. Yards,3205,291,3252,685,1,0,,1,,,544
153164,RW18.2-2456,30,Sq. Yards,3208,294,3264,686,1,0,,1,,,544
153566,PWAP_E-274,30,Sq. Yards,3212,298,3276,708,1,0,,1,,,544
153957,RW18.2-2100,30,Sq. Yards,3208,294,3264,699,1,0,,1,,,544
154293,RW18.2-3583,30,Sq. Yards,3208,294,3264,692,1,0,,1,,,544
154357,PW21_935,30,Sq. Yards,3212,298,3276,709,1,0,,1,,,544
154459,JG23_1159,30,Sq. Yards,3194,280,3200,688,1,0,,1,,,544
154759,RW27.28.26PII_E-838,30,Sq. Yards,3205,291,3252,692,1,0,,1,,,544
155304,PWAP_E-34,30,Sq. Yards,3212,298,3276,692,1,0,,1,,,544
155936,GO13.14_173,30,Sq. Yards,3199,285,3221,684,1,0,,1,,,544
160752,RW18.2-3493,30,Sq. Yards,3208,294,3264,684,1,0,,1,,,544
161177,JG22.1_E-44,30,Sq. Yards,3194,280,3200,686,1,0,,1,,,544
161343,GO16_E-278,30,Sq. Yards,3199,285,3221,689,1,0,,1,,,544
161445,JR9PII_E-211,30,Sq. Yards,3206,292,3257,686,1,0,,1,,,544
162213,RW18.2-2734,30,Sq. Yards,3208,294,3264,684,1,0,,1,,,544
162522,CD1B_E-74,30,Sq. Yards,3213,299,3279,685,1,0,,1,,,544
147623,JG23_432,30,Sq. Yards,3194,280,3200,684,1,0,,1,,,544
148293,RW27.28.26PII_E-1030,30,Sq. Yards,3205,291,3252,700,1,0,,1,,,544
148700,RK21.2_E-346,30,Sq. Yards,3205,291,3252,686,1,0,,1,,,544
149738,JG23_362,30,Sq. Yards,3194,280,3200,681,1,0,,1,,,544
150195,RW27.28.26PII_E-353,30,Sq. Yards,3205,291,3252,683,1,0,,1,,,544
150565,MG9.10.2_E-37,30,Sq. Yards,3207,293,3259,689,1,0,,1,,,544
152569,JG22.1_E-136,30,Sq. Yards,3194,280,3200,682,1,0,,1,,,544
147539,KN32_226,30,Sq. Yards,3197,283,3215,975,1,0,,1,,,544
147541,GO16_E-76,30,Sq. Yards,3199,285,3221,681,1,0,,1,,,544
147707,SD8_E-88,30,Sq. Yards,3200,286,3230,690,1,0,,1,,,544
147780,PW21_949,30,Sq. Yards,3212,298,3276,702,1,0,,1,,,544
148711,MG9.10.3_E-92,30,Sq. Yards,3207,293,3259,693,1,0,,1,,,544
149084,RW27.28.26PII_E-1640,30,Sq. Yards,3205,291,3252,683,1,0,,1,,,544
149188,RW36A_E-321,30,Sq. Yards,3205,291,3252,686,1,0,,1,,,544
150890,RW18.2-3516,30,Sq. Yards,3208,294,3264,693,1,0,,1,,,544
151392,RK21.2_E-590,30,Sq. Yards,3205,291,3252,685,1,0,,1,,,544
151526,JG23_1533,30,Sq. Yards,3194,280,3200,686,1,0,,1,,,544
151658,RW18.2-2817,30,Sq. Yards,3208,294,3264,702,1,0,,1,,,544
151853,PW21_373,30,Sq. Yards,3212,298,3276,691,1,0,,1,,,544
152060,SSPIII20_E-694,30,Sq. Yards,3202,288,3238,690,1,0,,1,,,544
152855,JG22.2_E-79,30,Sq. Yards,3194,280,3200,697,1,0,,1,,,544
152921,RW18.2-2850,30,Sq. Yards,3208,294,3264,685,1,0,,1,,,544
154493,RK21.2_E-10,30,Sq. Yards,3205,291,3252,691,1,0,,1,,,544
154600,JG23_1206,30,Sq. Yards,3194,280,3200,696,1,0,,1,,,544
155697,JG23_1673,30,Sq. Yards,3194,280,3200,690,1,0,,1,,,544
156363,SD8_E-15,30,Sq. Yards,3200,286,3230,687,1,0,,1,,,544
156733,RW18.2-2829,30,Sq. Yards,3208,294,3264,682,1,0,,1,,,544
156840,CD9_E-154,30,Sq. Yards,3213,299,3279,690,1,0,,1,,,544
156908,RW18.1_E-132,30,Sq. Yards,3208,294,3264,687,1,0,,1,,,544
157099,JG24.2_E-84,30,Sq. Yards,3194,280,3200,688,1,0,,1,,,544
157142,JG22.2_E-496,30,Sq. Yards,3194,280,3200,682,1,0,,1,,,544
157635,JR9PII_E-118,30,Sq. Yards,3206,292,3257,681,1,0,,1,,,544
160475,RW36A_E-11,30,Sq. Yards,3205,291,3252,692,1,0,,1,,,544
160943,RK5_E-61,30,Sq. Yards,3205,291,3252,690,1,0,,1,,,544
161009,CD9_E-311,30,Sq. Yards,3213,299,3279,684,1,0,,1,,,544
161847,RW18.2-2691,30,Sq. Yards,3208,294,3264,704,1,0,,1,,,544
162011,MG9.10.3_E-334,30,Sq. Yards,3207,293,3259,689,1,0,,1,,,544
147814,RW18.2-2878,30,Sq. Yards,3208,294,3264,704,1,0,,1,,,544
148811,PW21_514,30,Sq. Yards,3212,298,3276,683,1,0,,1,,,544
149186,PW21_1007,30,Sq. Yards,3212,298,3276,697,1,0,,1,,,544
150615,RK21.2_E-320,30,Sq. Yards,3205,291,3252,702,1,0,,1,,,544
151794,PW21_1124,30,Sq. Yards,3212,298,3276,685,1,0,,1,,,544
152896,KN9.32_E-102,30,Sq. Yards,3197,283,3215,696,1,0,,1,,,544
153130,RW19.2_E-64,30,Sq. Yards,3208,294,3264,704,1,0,,1,,,544
153523,RW18.2-2973,30,Sq. Yards,3208,294,3264,685,1,0,,1,,,544
153657,JG23_2089,30,Sq. Yards,3194,280,3200,682,1,0,,1,,,544
153923,RW27.28.26PII_E-942,30,Sq. Yards,3205,291,3252,695,1,0,,1,,,544
154959,GO16_E-236,30,Sq. Yards,3199,285,3221,698,1,0,,1,,,544
154961,RW36A_E-152,30,Sq. Yards,3205,291,3252,682,1,0,,1,,,544
155461,RW18.2-2797,30,Sq. Yards,3208,294,3264,685,1,0,,1,,,544
156138,SD8_E-251,30,Sq. Yards,3200,286,3230,695,1,0,,1,,,544
156497,JR6_E-378,30,Sq. Yards,3206,292,3257,682,1,0,,1,,,544
156774,CD1B_E-25,30,Sq. Yards,3213,299,3279,686,1,0,,1,,,544
157708,PJ28.3_E-128,30,Sq. Yards,3192,278,3193,683,1,0,,1,,,544
157776,RW18.2-3761,30,Sq. Yards,3208,294,3264,710,1,0,,1,,,544
160343,JR6_E-47,30,Sq. Yards,3206,292,3257,696,1,0,,1,,,544
160975,RW18.2-2123,30,Sq. Yards,3208,294,3264,691,1,0,,1,,,544
161109,JG23_1882,30,Sq. Yards,3194,280,3200,702,1,0,,1,,,544
148357,JG23_1549,30,Sq. Yards,3194,280,3200,681,1,0,,1,,,544
149438,JG23_1222,30,Sq. Yards,3194,280,3200,702,1,0,,1,,,544
150206,RW36A_E-314,30,Sq. Yards,3205,291,3252,691,1,0,,1,,,544
150497,GO13.14_93,30,Sq. Yards,3199,285,3221,702,1,0,,1,,,544
150638,JG23_2030,30,Sq. Yards,3194,280,3200,689,1,0,,1,,,544
151201,PW21_1144,30,Sq. Yards,3212,298,3276,707,1,0,,1,,,544
151442,PJ28.1_E-64,30,Sq. Yards,3192,278,3193,913,1,0,,1,,,544
151767,JG22.2_E-660,30,Sq. Yards,3194,280,3200,682,1,0,,1,,,544
151901,MG9.10.2_E-45,30,Sq. Yards,3207,293,3259,694,1,0,,1,,,544
153339,RW27.28.26PII_E-872,30,Sq. Yards,3205,291,3252,686,1,0,,1,,,544
154741,RW18.2-2827,30,Sq. Yards,3208,294,3264,696,1,0,,1,,,544
154977,JG23_762,30,Sq. Yards,3194,280,3200,685,1,0,,1,,,544
155020,JG22.2_E-215,30,Sq. Yards,3194,280,3200,698,1,0,,1,,,544
155479,JG23_542,30,Sq. Yards,3194,280,3200,690,1,0,,1,,,544
159179,PWAP_E-202,30,Sq. Yards,3212,298,3276,696,1,0,,1,,,544
159240,CD9_E-242,30,Sq. Yards,3213,299,3279,684,1,0,,1,,,544
159479,JG23_1720,30,Sq. Yards,3194,280,3200,697,1,0,,1,,,544
160033,JG23_2257,30,Sq. Yards,3194,280,3200,690,1,0,,1,,,544
160258,FD9_E-123,30,Sq. Yards,3201,287,3233,992,1,0,,1,,,544
160751,RW27.28.26PII_E-1207,30,Sq. Yards,3205,291,3252,697,1,0,,1,,,544
160987,JR9_E-2,30,Sq. Yards,3206,292,3257,684,1,0,,1,,,544
161462,PJ28.2_E-41,30,Sq. Yards,3192,278,3193,935,1,0,,1,,,544
148007,JG23_1275,30,Sq. Yards,3194,280,3200,686,1,0,,1,,,544
148343,PWAP_E-338,30,Sq. Yards,3212,298,3276,701,1,0,,1,,,544
149552,PJ28.1_E-159,30,Sq. Yards,3192,278,3193,700,1,0,,1,,,544
149747,JG23_2035,30,Sq. Yards,3194,280,3200,695,1,0,,1,,,544
149856,PJ28.3_E-51,30,Sq. Yards,3192,278,3193,944,1,0,,1,,,544
150156,PW21_664,30,Sq. Yards,3212,298,3276,685,1,0,,1,,,544
150549,JG23_1818,30,Sq. Yards,3194,280,3200,683,1,0,,1,,,544
150681,RW27.28.26PII_E-1383,30,Sq. Yards,3205,291,3252,683,1,0,,1,,,544
152328,KN32_337,30,Sq. Yards,3197,283,3215,681,1,0,,1,,,544
152351,SD8_E-244,30,Sq. Yards,3200,286,3230,684,1,0,,1,,,544
152521,JR9PII_E-2,30,Sq. Yards,3206,292,3257,695,1,0,,1,,,544
153023,MG9.10.3_E-187,30,Sq. Yards,3207,293,3259,687,1,0,,1,,,544
153691,JG23_1903,30,Sq. Yards,3194,280,3200,698,1,0,,1,,,544
153855,RW27.28.26PII_E-584,30,Sq. Yards,3205,291,3252,688,1,0,,1,,,544
153991,RW18.2-2644,30,Sq. Yards,3208,294,3264,683,1,0,,1,,,544
155129,JR9PII_E-287,30,Sq. Yards,3206,292,3257,691,1,0,,1,,,544
155136,RW27.28.26PII_E-777,30,Sq. Yards,3205,291,3252,681,1,0,,1,,,544
155636,RW18.2-3007,30,Sq. Yards,3208,294,3264,711,1,0,,1,,,544
157469,CD9_E-151,30,Sq. Yards,3213,299,3279,682,1,0,,1,,,544
157967,CD9_E-497,30,Sq. Yards,3213,299,3279,694,1,0,,1,,,544
158110,KN32_250,30,Sq. Yards,3197,283,3215,686,1,0,,1,,,544
159282,PJ28.3_E-230,30,Sq. Yards,3192,278,3193,929,1,0,,1,,,544
159312,RW36A_E-206,30,Sq. Yards,3205,291,3252,700,1,0,,1,,,544
160373,RW27.28.26PII_E-1687,30,Sq. Yards,3205,291,3252,684,1,0,,1,,,544
160850,JG22.2_E-348,30,Sq. Yards,3194,280,3200,691,1,0,,1,,,544
161043,RW18.1_E-141,30,Sq. Yards,3208,294,3264,682,1,0,,1,,,544
161543,RW18.2-2906,30,Sq. Yards,3208,294,3264,691,1,0,,1,,,544
147487,RW27.28.26PII_E-461,30,Sq. Yards,3205,291,3252,689,1,0,,1,,,544
147604,JG23_674,30,Sq. Yards,3194,280,3200,699,1,0,,1,,,544
148455,JG22.2_E-239,30,Sq. Yards,3194,280,3200,696,1,0,,1,,,544
149074,RW27.28.26PII_E-1678,30,Sq. Yards,3205,291,3252,690,1,0,,1,,,544
149944,CD9_E-334,30,Sq. Yards,3213,299,3279,699,1,0,,1,,,544
151395,RK21.2_E-235,30,Sq. Yards,3205,291,3252,688,1,0,,1,,,544
151863,CD9_E-39,30,Sq. Yards,3213,299,3279,697,1,0,,1,,,544
153501,RW18.2-2461,30,Sq. Yards,3208,294,3264,689,1,0,,1,,,544
155122,JG23_1387,30,Sq. Yards,3194,280,3200,697,1,0,,1,,,544
155358,GO16_E-49,30,Sq. Yards,3199,285,3221,695,1,0,,1,,,544
155524,MG9.10.3_E-14,30,Sq. Yards,3207,293,3259,685,1,0,,1,,,544
156026,RW27.28.26PII_E-33,30,Sq. Yards,3205,291,3252,686,1,0,,1,,,544
156058,JG23_402,30,Sq. Yards,3194,280,3200,682,1,0,,1,,,544
157047,SSPIII20_E-786,30,Sq. Yards,3202,288,3238,681,1,0,,1,,,544
157581,RW18.2-2986,30,Sq. Yards,3208,294,3264,707,1,0,,1,,,544
157628,PW21_773,30,Sq. Yards,3212,298,3276,685,1,0,,1,,,544
157966,JR9PII_E-234,30,Sq. Yards,3206,292,3257,687,1,0,,1,,,544
158147,JG23_1291,30,Sq. Yards,3194,280,3200,688,1,0,,1,,,544
158266,JG23_666,30,Sq. Yards,3194,280,3200,684,1,0,,1,,,544
158581,JR6_E-28,30,Sq. Yards,3206,292,3257,686,1,0,,1,,,544
159000,JG23_439,30,Sq. Yards,3194,280,3200,692,1,0,,1,,,544
160038,RW36A_E-287,30,Sq. Yards,3205,291,3252,701,1,0,,1,,,544
160587,RW18.2-2488,30,Sq. Yards,3208,294,3264,684,1,0,,1,,,544
160806,RW18.2-3041,30,Sq. Yards,3208,294,3264,692,1,0,,1,,,544
161225,PW21_464,30,Sq. Yards,3212,298,3276,690,1,0,,1,,,544
161691,RK21.2_E-365,30,Sq. Yards,3205,291,3252,690,1,0,,1,,,544
161708,JG23_1907,30,Sq. Yards,3194,280,3200,698,1,0,,1,,,544
162512,PWAP_E-367,30,Sq. Yards,3212,298,3276,709,1,0,,1,,,544
147733,SSPIII20_E-193,30,Sq. Yards,3202,288,3238,701,1,0,,1,,,544
148116,CD9_E-352,30,Sq. Yards,3213,299,3279,699,1,0,,1,,,544
148709,PJ28.3_E-81,30,Sq. Yards,3192,278,3193,935,1,0,,1,,,544
149411,RW27.28.26PII_E-1259,30,Sq. Yards,3205,291,3252,685,1,0,,1,,,544
149981,RW27.28.26PII_E-1459,30,Sq. Yards,3205,291,3252,684,1,0,,1,,,544
150281,CD9_E-165,30,Sq. Yards,3213,299,3279,694,1,0,,1,,,544
150481,RW18.2-2225,30,Sq. Yards,3208,294,3264,694,1,0,,1,,,544
150824,PJ28.3_E-154,30,Sq. Yards,3192,278,3193,683,1,0,,1,,,544
151683,RW27.28.26PII_E-44,30,Sq. Yards,3205,291,3252,700,1,0,,1,,,544
152621,CD9_E-407,30,Sq. Yards,3213,299,3279,701,1,0,,1,,,544
153623,RW18.2-3193,30,Sq. Yards,3208,294,3264,698,1,0,,1,,,544
153655,GO16_E-130,30,Sq. Yards,3199,285,3221,685,1,0,,1,,,544
154327,RW27.28.26PII_E-830,30,Sq. Yards,3205,291,3252,685,1,0,,1,,,544
154791,MG9.10.3_E-257,30,Sq. Yards,3207,293,3259,684,1,0,,1,,,544
155159,PW21_349,30,Sq. Yards,3212,298,3276,696,1,0,,1,,,544
156538,JG22.2_E-448,30,Sq. Yards,3194,280,3200,698,1,0,,1,,,544
156942,JG23_1428,30,Sq. Yards,3194,280,3200,686,1,0,,1,,,544
157508,GO16_E-245,30,Sq. Yards,3199,285,3221,686,1,0,,1,,,544
158739,JG23_2219,30,Sq. Yards,3194,280,3200,681,1,0,,1,,,544
158905,RW19.2_E-20,30,Sq. Yards,3208,294,3264,683,1,0,,1,,,544
159650,RW18.2-2677,30,Sq. Yards,3208,294,3264,703,1,0,,1,,,544
161820,JG23_2269,30,Sq. Yards,3194,280,3200,681,1,0,,1,,,544
161920,PWAP_E-47,30,Sq. Yards,3212,298,3276,681,1,0,,1,,,544
162449,RW27.28.26PII_E-1522,30,Sq. Yards,3205,291,3252,682,1,0,,1,,,544
147582,JG23_2115,30,Sq. Yards,3194,280,3200,690,1,0,,1,,,544
148382,CD9_E-278,30,Sq. Yards,3213,299,3279,691,1,0,,1,,,544
150324,PW21_39,30,Sq. Yards,3212,298,3276,696,1,0,,1,,,544
150683,CD1B_E-168,30,Sq. Yards,3213,299,3279,681,1,0,,1,,,544
152087,RW27.28.26PII_E-656,30,Sq. Yards,3205,291,3252,701,1,0,,1,,,544
153959,JR9_E-21,30,Sq. Yards,3206,292,3257,685,1,0,,1,,,544
154000,JR6_E-335,30,Sq. Yards,3206,292,3257,682,1,0,,1,,,544
154402,RW18.2-3427,30,Sq. Yards,3208,294,3264,705,1,0,,1,,,544
154591,RW27.28.26PII_E-1390,30,Sq. Yards,3205,291,3252,690,1,0,,1,,,544
156563,RW18.2-2246,30,Sq. Yards,3208,294,3264,695,1,0,,1,,,544
157165,SSPIII20_E-842,30,Sq. Yards,3202,288,3238,701,1,0,,1,,,544
157476,GO13.14_185,30,Sq. Yards,3199,285,3221,686,1,0,,1,,,544
158069,RW27.28.26PII_E-1541,30,Sq. Yards,3205,291,3252,701,1,0,,1,,,544
158201,PW21_1131,30,Sq. Yards,3212,298,3276,683,1,0,,1,,,544
158535,PJ28.3_E-127,30,Sq. Yards,3192,278,3193,944,1,0,,1,,,544
158771,RW27.28.26PII_E-523,30,Sq. Yards,3205,291,3252,690,1,0,,1,,,544
159073,RW18.2-3810,30,Sq. Yards,3208,294,3264,696,1,0,,1,,,544
159371,RW27.28.26PII_E-1123,30,Sq. Yards,3205,291,3252,692,1,0,,1,,,544
159741,JG22.2_E-530,30,Sq. Yards,3194,280,3200,689,1,0,,1,,,544
160945,JR9_E-48,30,Sq. Yards,3206,292,3257,684,1,0,,1,,,544
161413,RK21.2_E-434,30,Sq. Yards,3205,291,3252,702,1,0,,1,,,544
161686,RW19.1_E-3,30,Sq. Yards,3208,294,3264,692,1,0,,1,,,544
161852,RW27.28.26PII_E-308,30,Sq. Yards,3205,291,3252,681,1,0,,1,,,544
162324,JG24.2_E-50,30,Sq. Yards,3194,280,3200,695,1,0,,1,,,544
147725,RW27.28.26PII_E-1402,30,Sq. Yards,3205,291,3252,700,1,0,,1,,,544
147998,JG23_922,30,Sq. Yards,3194,280,3200,694,1,0,,1,,,544
148602,JG22.2_E-397,30,Sq. Yards,3194,280,3200,695,1,0,,1,,,544
148900,PWAP_E-181,30,Sq. Yards,3212,298,3276,684,1,0,,1,,,544
149429,JG23_924,30,Sq. Yards,3194,280,3200,696,1,0,,1,,,544
149938,PJ28.1_E-83,30,Sq. Yards,3192,278,3193,935,1,0,,1,,,544
150572,PW21_454,30,Sq. Yards,3212,298,3276,706,1,0,,1,,,544
151599,RW18.2-3659,30,Sq. Yards,3208,294,3264,681,1,0,,1,,,544
152376,PW21_276,30,Sq. Yards,3212,298,3276,691,1,0,,1,,,544
153373,RW27.28.26PII_E-1173,30,Sq. Yards,3205,291,3252,686,1,0,,1,,,544
154886,MG9.10.2_E-19,30,Sq. Yards,3207,293,3259,690,1,0,,1,,,544
155845,JG23_885,30,Sq. Yards,3194,280,3200,685,1,0,,1,,,544
157451,RW27.28.26PII_E-918,30,Sq. Yards,3205,291,3252,685,1,0,,1,,,544
157585,PW21_92,30,Sq. Yards,3212,298,3276,683,1,0,,1,,,544
158587,JG23_363,30,Sq. Yards,3194,280,3200,696,1,0,,1,,,544
159262,JG22.2_E-430,30,Sq. Yards,3194,280,3200,683,1,0,,1,,,544
147550,JR9PII_E-266,30,Sq. Yards,3206,292,3257,682,1,0,,1,,,544
148575,GO13.14_70,30,Sq. Yards,3199,285,3221,696,1,0,,1,,,544
149009,PW21_620,30,Sq. Yards,3212,298,3276,699,1,0,,1,,,544
149045,RW27.28.26PII_E-664,30,Sq. Yards,3205,291,3252,700,1,0,,1,,,544
150190,JG22.2_E-2,30,Sq. Yards,3194,280,3200,681,1,0,,1,,,544
151858,SSPIII20_E-311,30,Sq. Yards,3202,288,3238,692,1,0,,1,,,544
151992,PJ28.3_E-139,30,Sq. Yards,3192,278,3193,944,1,0,,1,,,544
153357,KN32_127,30,Sq. Yards,3197,283,3215,686,1,0,,1,,,544
153364,SD8_E-163,30,Sq. Yards,3200,286,3230,683,1,0,,1,,,544
153789,JR9PII_E-207,30,Sq. Yards,3206,292,3257,683,1,0,,1,,,544
155029,JG23_1390,30,Sq. Yards,3194,280,3200,688,1,0,,1,,,544
156265,JG22.2_E-7,30,Sq. Yards,3194,280,3200,686,1,0,,1,,,544
157533,RW18.2-3092,30,Sq. Yards,3208,294,3264,681,1,0,,1,,,544
159039,PW21_756,30,Sq. Yards,3212,298,3276,711,1,0,,1,,,544
159471,SSPIII20_E-647,30,Sq. Yards,3202,288,3238,684,1,0,,1,,,544
159839,PJ28.1_E-75,30,Sq. Yards,3192,278,3193,935,1,0,,1,,,544
159841,JG23_1353,30,Sq. Yards,3194,280,3200,692,1,0,,1,,,544
160550,PW21_552,30,Sq. Yards,3212,298,3276,689,1,0,,1,,,544
160675,RW18.2-3062,30,Sq. Yards,3208,294,3264,693,1,0,,1,,,544
161713,RW27.28.26PII_E-1201,30,Sq. Yards,3205,291,3252,690,1,0,,1,,,544
161747,RK5_E-151,30,Sq. Yards,3205,291,3252,683,1,0,,1,,,544
149522,JG24.2_E-20,30,Sq. Yards,3194,280,3200,687,1,0,,1,,,544
149611,PW21_216,30,Sq. Yards,3212,298,3276,683,1,0,,1,,,544
151058,KN9.32_E-31,30,Sq. Yards,3197,283,3215,694,1,0,,1,,,544
151919,CD1B_E-102,30,Sq. Yards,3213,299,3279,690,1,0,,1,,,544
151985,RW27.28.26PII_E-761,30,Sq. Yards,3205,291,3252,685,1,0,,1,,,544
152353,MG9.10.3_E-18,30,Sq. Yards,3207,293,3259,681,1,0,,1,,,544
152455,JR6_E-132,30,Sq. Yards,3206,292,3257,691,1,0,,1,,,544
153598,CD9_E-107,30,Sq. Yards,3213,299,3279,697,1,0,,1,,,544
153866,RK21.2_E-358,30,Sq. Yards,3205,291,3252,692,1,0,,1,,,544
154291,JG23_755,30,Sq. Yards,3194,280,3200,696,1,0,,1,,,544
154625,PWAP_E-491,30,Sq. Yards,3212,298,3276,708,1,0,,1,,,544
155336,PW21_932,30,Sq. Yards,3212,298,3276,709,1,0,,1,,,544
156931,SSPIII20_E-355,30,Sq. Yards,3202,288,3238,699,1,0,,1,,,544
156967,RK21.2_E-432,30,Sq. Yards,3205,291,3252,682,1,0,,1,,,544
157001,JR6_E-323,30,Sq. Yards,3206,292,3257,692,1,0,,1,,,544
157108,RW18.2-3046,30,Sq. Yards,3208,294,3264,692,1,0,,1,,,544
157499,RK21.2_E-118,30,Sq. Yards,3205,291,3252,688,1,0,,1,,,544
157501,PW21_750,30,Sq. Yards,3212,298,3276,928,1,0,,1,,,544
158969,JG24.2_E-10,30,Sq. Yards,3194,280,3200,691,1,0,,1,,,544
159641,PJ28.2_E-54,30,Sq. Yards,3192,278,3193,940,1,0,,1,,,544
159939,RW27.28.26PII_E-1084,30,Sq. Yards,3205,291,3252,694,1,0,,1,,,544
161011,KN9.32_E-140,30,Sq. Yards,3197,283,3215,681,1,0,,1,,,544
161754,JR6_E-84,30,Sq. Yards,3206,292,3257,685,1,0,,1,,,544
161913,MG9.10.3_E-248,30,Sq. Yards,3207,293,3259,693,1,0,,1,,,544
162215,MG9.10.3_E-303,30,Sq. Yards,3207,293,3259,691,1,0,,1,,,544
162547,SD8_E-224,30,Sq. Yards,3200,286,3230,687,1,0,,1,,,544
162579,RW18.2-2639,30,Sq. Yards,3208,294,3264,684,1,0,,1,,,544
147968,PW21_1150,30,Sq. Yards,3212,298,3276,685,1,0,,1,,,544
148132,RK5_E-128,30,Sq. Yards,3205,291,3252,690,1,0,,1,,,544
150272,JG22.2_E-168,30,Sq. Yards,3194,280,3200,681,1,0,,1,,,544
150506,RW19.1_E-134,30,Sq. Yards,3208,294,3264,683,1,0,,1,,,544
150631,RW19.2_E-4,30,Sq. Yards,3208,294,3264,707,1,0,,1,,,544
151944,PWAP_E-461,30,Sq. Yards,3212,298,3276,685,1,0,,1,,,544
152067,RW27.28.26PII_E-1583,30,Sq. Yards,3205,291,3252,685,1,0,,1,,,544
152076,JG23_705,30,Sq. Yards,3194,280,3200,691,1,0,,1,,,544
152269,JG22.2_E-350,30,Sq. Yards,3194,280,3200,692,1,0,,1,,,544
152705,CD9_E-222,30,Sq. Yards,3213,299,3279,695,1,0,,1,,,544
153039,JG23_1123,30,Sq. Yards,3194,280,3200,682,1,0,,1,,,544
155677,RK21.2_E-268,30,Sq. Yards,3205,291,3252,683,1,0,,1,,,544
155886,RW27.28.26PII_E-342,30,Sq. Yards,3205,291,3252,691,1,0,,1,,,544
156415,PW21_69,30,Sq. Yards,3212,298,3276,699,1,0,,1,,,544
157149,MG9.10.3_E-37,30,Sq. Yards,3207,293,3259,684,1,0,,1,,,544
157485,PJ28.2_E-61,30,Sq. Yards,3192,278,3193,935,1,0,,1,,,544
148986,RW18.2-3082,30,Sq. Yards,3208,294,3264,698,1,0,,1,,,544
149086,JG23_1573,30,Sq. Yards,3194,280,3200,691,1,0,,1,,,544
149711,RW27.28.26PII_E-1245,30,Sq. Yards,3205,291,3252,699,1,0,,1,,,544
151626,RW27.28.26PII_E-1091,30,Sq. Yards,3205,291,3252,700,1,0,,1,,,544
151660,RW27.28.26PII_E-768,30,Sq. Yards,3205,291,3252,687,1,0,,1,,,544
151887,RW18.2-2959,30,Sq. Yards,3208,294,3264,698,1,0,,1,,,544
152028,JG23_2134,30,Sq. Yards,3194,280,3200,681,1,0,,1,,,544
152487,RW18.2-3588,30,Sq. Yards,3208,294,3264,708,1,0,,1,,,544
153591,RW18.2-2433,30,Sq. Yards,3208,294,3264,693,1,0,,1,,,544
154191,RW27.28.26PII_E-199,30,Sq. Yards,3205,291,3252,683,1,0,,1,,,544
154491,RW27.28.26PII_E-591,30,Sq. Yards,3205,291,3252,697,1,0,,1,,,544
154557,JG23_2024,30,Sq. Yards,3194,280,3200,688,1,0,,1,,,544
155361,MG9.10.3_E-220,30,Sq. Yards,3207,293,3259,686,1,0,,1,,,544
155402,JG23_1480,30,Sq. Yards,3194,280,3200,681,1,0,,1,,,544
155963,PW21_565,30,Sq. Yards,3212,298,3276,696,1,0,,1,,,544
156263,JG22.2_E-94,30,Sq. Yards,3194,280,3200,683,1,0,,1,,,544
156738,RW18.2-2426,30,Sq. Yards,3208,294,3264,689,1,0,,1,,,544
157101,RW18.2-2873,30,Sq. Yards,3208,294,3264,683,1,0,,1,,,544
157733,SSPIII20_E-506,30,Sq. Yards,3202,288,3238,695,1,0,,1,,,544
157810,RW19.2_E-67,30,Sq. Yards,3208,294,3264,681,1,0,,1,,,544
158671,RW18.2-2432,30,Sq. Yards,3208,294,3264,704,1,0,,1,,,544
158812,RW18.1_E-101,30,Sq. Yards,3208,294,3264,683,1,0,,1,,,544
159014,PJ28.1_E-204,30,Sq. Yards,3192,278,3193,700,1,0,,1,,,544
160875,JG22.2_E-77,30,Sq. Yards,3194,280,3200,1017,1,0,,1,,,544
161020,PW21_413,30,Sq. Yards,3212,298,3276,696,1,0,,1,,,544
161245,SSPIII20_E-313,30,Sq. Yards,3202,288,3238,691,1,0,,1,,,544
161279,RW27.28.26PII_E-612,30,Sq. Yards,3205,291,3252,690,1,0,,1,,,544
147682,RW27.28.26PII_E-185,30,Sq. Yards,3205,291,3252,683,1,0,,1,,,544
147816,KN32_26,30,Sq. Yards,3197,283,3215,692,1,0,,1,,,544
148241,SSPIII20_E-82,30,Sq. Yards,3202,288,3238,711,1,0,,1,,,544
148441,MG9.10.3_E-125,30,Sq. Yards,3207,293,3259,690,1,0,,1,,,544
149352,RK5_E-311,30,Sq. Yards,3205,291,3252,685,1,0,,1,,,544
149713,PWAP_E-72,30,Sq. Yards,3212,298,3276,681,1,0,,1,,,544
149847,RK5_E-147,30,Sq. Yards,3205,291,3252,688,1,0,,1,,,544
149990,PW21_277,30,Sq. Yards,3212,298,3276,928,1,0,,1,,,544
150154,GO16_E-285,30,Sq. Yards,3199,285,3221,702,1,0,,1,,,544
150288,PWAP_E-350,30,Sq. Yards,3212,298,3276,685,1,0,,1,,,544
152019,SSPIII20_E-469,30,Sq. Yards,3202,288,3238,691,1,0,,1,,,544
152553,RK21.2_E-451,30,Sq. Yards,3205,291,3252,684,1,0,,1,,,544
152764,PW21_795,30,Sq. Yards,3212,298,3276,702,1,0,,1,,,544
153053,JG24.2_E-42,30,Sq. Yards,3194,280,3200,689,1,0,,1,,,544
154568,JG22.2_E-381,30,Sq. Yards,3194,280,3200,698,1,0,,1,,,544
154793,JAJ_E-103,30,Sq. Yards,3200,286,3229,684,1,0,,1,,,544
155438,RK5_E-195,30,Sq. Yards,3205,291,3252,685,1,0,,1,,,544
156440,SSPIII20_E-634,30,Sq. Yards,3202,288,3238,691,1,0,,1,,,544
156465,RW36A_E-99,30,Sq. Yards,3205,291,3252,686,1,0,,1,,,544
156997,JG23_978,30,Sq. Yards,3194,280,3200,689,1,0,,1,,,544
157408,PWAP_E-466,30,Sq. Yards,3212,298,3276,691,1,0,,1,,,544
157908,RW27.28.26PII_E-28,30,Sq. Yards,3205,291,3252,683,1,0,,1,,,544
158176,CD9_E-223,30,Sq. Yards,3213,299,3279,686,1,0,,1,,,544
158269,RW27.28.26PII_E-285,30,Sq. Yards,3205,291,3252,689,1,0,,1,,,544
158814,RW27.28.26PII_E-874,30,Sq. Yards,3205,291,3252,683,1,0,,1,,,544
159416,RW18.2-2137,30,Sq. Yards,3208,294,3264,681,1,0,,1,,,544
160182,PW21_412,30,Sq. Yards,3212,298,3276,684,1,0,,1,,,544
160509,KN32_299,30,Sq. Yards,3197,283,3215,684,1,0,,1,,,544
161777,PJ28.1_E-210,30,Sq. Yards,3192,278,3193,681,1,0,,1,,,544
162220,JG23_1111,30,Sq. Yards,3194,280,3200,696,1,0,,1,,,544
147934,JG22.2_E-555,30,Sq. Yards,3194,280,3200,684,1,0,,1,,,544
149202,CD9_E-392,30,Sq. Yards,3213,299,3279,697,1,0,,1,,,544
150131,GO16_E-240,30,Sq. Yards,3199,285,3221,701,1,0,,1,,,544
150140,RW27.28.26PII_E-136,30,Sq. Yards,3205,291,3252,684,1,0,,1,,,544
150440,RK21.2_E-589,30,Sq. Yards,3205,291,3252,700,1,0,,1,,,544
151376,SD8_E-6,30,Sq. Yards,3200,286,3230,684,1,0,,1,,,544
151474,RK5_E-84,30,Sq. Yards,3205,291,3252,700,1,0,,1,,,544
147750,PWAP_E-86,30,Sq. Yards,3212,298,3276,706,1,0,,1,,,544
149479,JAJ_E-34,30,Sq. Yards,3200,286,3229,682,1,0,,1,,,544
149586,JG23_2277,30,Sq. Yards,3194,280,3200,693,1,0,,1,,,544
150020,JR6_E-292,30,Sq. Yards,3206,292,3257,693,1,0,,1,,,544
150179,SSPIII20_E-458,30,Sq. Yards,3202,288,3238,701,1,0,,1,,,544
150356,RW19.1_E-99,30,Sq. Yards,3208,294,3264,690,1,0,,1,,,544
150781,RW18.2-3480,30,Sq. Yards,3208,294,3264,683,1,0,,1,,,544
151124,RW18.2-3721,30,Sq. Yards,3208,294,3264,689,1,0,,1,,,544
152355,PWAP_E-70,30,Sq. Yards,3212,298,3276,687,1,0,,1,,,544
152496,PW21_57,30,Sq. Yards,3212,298,3276,705,1,0,,1,,,544
152619,PW21_737,30,Sq. Yards,3212,298,3276,700,1,0,,1,,,544
152689,RW36A_E-37,30,Sq. Yards,3205,291,3252,687,1,0,,1,,,544
154636,RW27.28.26PII_E-303,30,Sq. Yards,3205,291,3252,681,1,0,,1,,,544
154795,JG23_1647,30,Sq. Yards,3194,280,3200,682,1,0,,1,,,544
155729,PW21_726,30,Sq. Yards,3212,298,3276,687,1,0,,1,,,544
155770,RW19.2_E-12,30,Sq. Yards,3208,294,3264,708,1,0,,1,,,544
156038,RW18.1_E-111,30,Sq. Yards,3208,294,3264,704,1,0,,1,,,544
158476,RW18.2-2318,30,Sq. Yards,3208,294,3264,700,1,0,,1,,,544
159173,PW21_1087,30,Sq. Yards,3212,298,3276,706,1,0,,1,,,544
160811,PW21_274,30,Sq. Yards,3212,298,3276,685,1,0,,1,,,544
161118,RK21.2_E-296,30,Sq. Yards,3205,291,3252,685,1,0,,1,,,544
162345,CD9_E-340,30,Sq. Yards,3213,299,3279,693,1,0,,1,,,544
148477,PJ28.1_E-25,30,Sq. Yards,3192,278,3193,683,1,0,,1,,,544
149386,RW18.2-3132,30,Sq. Yards,3208,294,3264,682,1,0,,1,,,544
149513,RW18.2-2705,30,Sq. Yards,3208,294,3264,708,1,0,,1,,,544
149545,RW18.2-2040,30,Sq. Yards,3208,294,3264,683,1,0,,1,,,544
149745,PWAP_E-321,30,Sq. Yards,3212,298,3276,682,1,0,,1,,,544
150581,MG9.10.3_E-20,30,Sq. Yards,3207,293,3259,692,1,0,,1,,,544
150722,JG23_302,30,Sq. Yards,3194,280,3200,692,1,0,,1,,,544
151549,JG23_2248,30,Sq. Yards,3194,280,3200,696,1,0,,1,,,544
152696,RW27.28.26PII_E-121,30,Sq. Yards,3205,291,3252,686,1,0,,1,,,544
153362,RW18.2-3759,30,Sq. Yards,3208,294,3264,703,1,0,,1,,,544
154800,CD9_E-90,30,Sq. Yards,3213,299,3279,690,1,0,,1,,,544
156533,RW27.28.26PII_E-951,30,Sq. Yards,3205,291,3252,681,1,0,,1,,,544
156672,RW27.28.26PII_E-383,30,Sq. Yards,3205,291,3252,686,1,0,,1,,,544
156772,RW18.2-2559,30,Sq. Yards,3208,294,3264,685,1,0,,1,,,544
157208,PWAP_E-343,30,Sq. Yards,3212,298,3276,684,1,0,,1,,,544
157567,SSPIII20_E-210,30,Sq. Yards,3202,288,3238,700,1,0,,1,,,544
157669,RW18.2-3223,30,Sq. Yards,3208,294,3264,687,1,0,,1,,,544
159005,RW27.28.26PII_E-595,30,Sq. Yards,3205,291,3252,681,1,0,,1,,,544
159046,SSPIII20_E-203,30,Sq. Yards,3202,288,3238,699,1,0,,1,,,544
160452,SSPIII20_E-753,30,Sq. Yards,3202,288,3238,699,1,0,,1,,,544
161679,PW21_740,30,Sq. Yards,3212,298,3276,687,1,0,,1,,,544
161811,JG23_568,30,Sq. Yards,3194,280,3200,681,1,0,,1,,,544
162115,JG22.2_E-221,30,Sq. Yards,3194,280,3200,685,1,0,,1,,,544
148391,CD9_E-445,30,Sq. Yards,3213,299,3279,697,1,0,,1,,,544
149227,GO16_E-14,30,Sq. Yards,3199,285,3221,690,1,0,,1,,,544
152848,PW21_870,30,Sq. Yards,3212,298,3276,698,1,0,,1,,,544
153280,JG23_1782,30,Sq. Yards,3194,280,3200,690,1,0,,1,,,544
153639,JG22.2_E-628,30,Sq. Yards,3194,280,3200,692,1,0,,1,,,544
153741,CD9_E-246,30,Sq. Yards,3213,299,3279,691,1,0,,1,,,544
153848,RW27.28.26PII_E-1307,30,Sq. Yards,3205,291,3252,700,1,0,,1,,,544
154209,JG22.2_E-129,30,Sq. Yards,3194,280,3200,681,1,0,,1,,,544
154684,GO16_E-160,30,Sq. Yards,3199,285,3221,692,1,0,,1,,,544
155050,SSPIII20_E-360,30,Sq. Yards,3202,288,3238,688,1,0,,1,,,544
155309,JG22.2_E-383,30,Sq. Yards,3194,280,3200,698,1,0,,1,,,544
155520,RK21.2_E-260,30,Sq. Yards,3205,291,3252,683,1,0,,1,,,544
156122,PJ28.1_E-104,30,Sq. Yards,3192,278,3193,691,1,0,,1,,,544
157317,SSPIII20_E-186,30,Sq. Yards,3202,288,3238,692,1,0,,1,,,544
157719,JG23_1156,30,Sq. Yards,3194,280,3200,699,1,0,,1,,,544
157726,RW27.28.26PII_E-1014,30,Sq. Yards,3205,291,3252,692,1,0,,1,,,544
158653,PW21_984,30,Sq. Yards,3212,298,3276,710,1,0,,1,,,544
158862,PWAP_E-477,30,Sq. Yards,3212,298,3276,689,1,0,,1,,,544
158919,JAJ_E-8,30,Sq. Yards,3200,286,3229,686,1,0,,1,,,544
147898,PW21_157,30,Sq. Yards,3212,298,3276,684,1,0,,1,,,544
148466,RW27.28.26PII_E-1265,30,Sq. Yards,3205,291,3252,694,1,0,,1,,,544
148895,RK21.2_E-500,30,Sq. Yards,3205,291,3252,698,1,0,,1,,,544
149027,KN9.32_E-46,30,Sq. Yards,3197,283,3215,700,1,0,,1,,,544
149897,SSPIII20_E-746,30,Sq. Yards,3202,288,3238,863,1,0,,1,,,544
149904,RW27.28.26PII_E-432,30,Sq. Yards,3205,291,3252,702,1,0,,1,,,544
152044,JG22.2_E-254,30,Sq. Yards,3194,280,3200,686,1,0,,1,,,544
152435,JG22.2_E-19,30,Sq. Yards,3194,280,3200,702,1,0,,1,,,544
152712,RW18.2-2204,30,Sq. Yards,3208,294,3264,703,1,0,,1,,,544
153580,RK5_E-22,30,Sq. Yards,3205,291,3252,697,1,0,,1,,,544
154909,SSPIII20_E-97,30,Sq. Yards,3202,288,3238,693,1,0,,1,,,544
154945,JR6_E-98,30,Sq. Yards,3206,292,3257,690,1,0,,1,,,544
155752,RW36A_E-130,30,Sq. Yards,3205,291,3252,687,1,0,,1,,,544
156154,SSPIII20_E-211,30,Sq. Yards,3202,288,3238,708,1,0,,1,,,544
156156,SSPIII20_E-35,30,Sq. Yards,3202,288,3238,693,1,0,,1,,,544
156454,RW18.1_E-102,30,Sq. Yards,3208,294,3264,682,1,0,,1,,,544
156858,RW18.2-3518,30,Sq. Yards,3208,294,3264,685,1,0,,1,,,544
157751,GO13.14_56,30,Sq. Yards,3199,285,3221,681,1,0,,1,,,544
157860,PWAP_E-205,30,Sq. Yards,3212,298,3276,699,1,0,,1,,,544
158251,PJ28.3_E-100,30,Sq. Yards,3192,278,3193,935,1,0,,1,,,544
158326,CD9_E-111,30,Sq. Yards,3213,299,3279,689,1,0,,1,,,544
158521,RW18.2-2895,30,Sq. Yards,3208,294,3264,684,1,0,,1,,,544
159332,JAJ_E-132,30,Sq. Yards,3200,286,3229,692,1,0,,1,,,544
160134,PJ28.2_E-96,30,Sq. Yards,3192,278,3193,710,1,0,,1,,,544
160861,RW18.2-3634,30,Sq. Yards,3208,294,3264,697,1,0,,1,,,544
161102,RW18.2-2163,30,Sq. Yards,3208,294,3264,686,1,0,,1,,,544
162063,GO16_E-213,30,Sq. Yards,3199,285,3221,703,1,0,,1,,,544
162531,RW18.2-2740,30,Sq. Yards,3208,294,3264,692,1,0,,1,,,544
148013,RW27.28.26PII_E-1230,30,Sq. Yards,3205,291,3252,685,1,0,,1,,,544
148245,RW27.28.26PII_E-210,30,Sq. Yards,3205,291,3252,690,1,0,,1,,,544
149300,JG22.2_E-236,30,Sq. Yards,3194,280,3200,703,1,0,,1,,,544
149832,PW21_989,30,Sq. Yards,3212,298,3276,701,1,0,,1,,,544
151386,RW27.28.26PII_E-915,30,Sq. Yards,3205,291,3252,696,1,0,,1,,,544
151721,MG9.10.3_E-63,30,Sq. Yards,3207,293,3259,687,1,0,,1,,,544
151921,RW18.2-3098,30,Sq. Yards,3208,294,3264,687,1,0,,1,,,544
152075,RW18.1_E-11,30,Sq. Yards,3208,294,3264,708,1,0,,1,,,544
152440,RW18.2-2867,30,Sq. Yards,3208,294,3264,684,1,0,,1,,,544
152926,JR9_E-25,30,Sq. Yards,3206,292,3257,688,1,0,,1,,,544
152993,CD9_E-192,30,Sq. Yards,3213,299,3279,700,1,0,,1,,,544
153408,JG23_2176,30,Sq. Yards,3194,280,3200,682,1,0,,1,,,544
154629,JG23_1643,30,Sq. Yards,3194,280,3200,689,1,0,,1,,,544
154898,PW21_792,30,Sq. Yards,3212,298,3276,689,1,0,,1,,,544
155097,JG22.2_E-351,30,Sq. Yards,3194,280,3200,692,1,0,,1,,,544
156969,GO16_E-318,30,Sq. Yards,3199,285,3221,691,1,0,,1,,,544
158023,RK21.2_E-65,30,Sq. Yards,3205,291,3252,702,1,0,,1,,,544
158038,RK21.2_E-550,30,Sq. Yards,3205,291,3252,699,1,0,,1,,,544
158524,SD8_E-169,30,Sq. Yards,3200,286,3230,690,1,0,,1,,,544
160631,KN32_357,30,Sq. Yards,3197,283,3215,686,1,0,,1,,,544
161282,SSPIII20_E-683,30,Sq. Yards,3202,288,3238,710,1,0,,1,,,544
162117,RW18.2-2444,30,Sq. Yards,3208,294,3264,681,1,0,,1,,,544
147647,RW18.2-3255,30,Sq. Yards,3208,294,3264,697,1,0,,1,,,544
148276,SSPIII20_E-147,30,Sq. Yards,3202,288,3238,689,1,0,,1,,,544
148390,RW36A_E-271,30,Sq. Yards,3205,291,3252,683,1,0,,1,,,544
149326,RW27.28.26PII_E-1086,30,Sq. Yards,3205,291,3252,685,1,0,,1,,,544
149469,RK5_E-118,30,Sq. Yards,3205,291,3252,690,1,0,,1,,,544
150405,MG9.10.2_E-52,30,Sq. Yards,3207,293,3259,692,1,0,,1,,,544
151291,JG23_1140,30,Sq. Yards,3194,280,3200,682,1,0,,1,,,544
151366,JG23_990,30,Sq. Yards,3194,280,3200,683,1,0,,1,,,544
151434,MG9.10.2_E-50,30,Sq. Yards,3207,293,3259,681,1,0,,1,,,544
151627,RK5_E-234,30,Sq. Yards,3205,291,3252,683,1,0,,1,,,544
152034,RW19.1_E-125,30,Sq. Yards,3208,294,3264,710,1,0,,1,,,544
152445,KN9.32_E-8,30,Sq. Yards,3197,283,3215,695,1,0,,1,,,544
152945,RW18.2-3439,30,Sq. Yards,3208,294,3264,686,1,0,,1,,,544
153488,KN9.32_E-39,30,Sq. Yards,3197,283,3215,682,1,0,,1,,,544
155518,SSPIII20_E-713,30,Sq. Yards,3202,288,3238,688,1,0,,1,,,544
156056,CD1B_E-26,30,Sq. Yards,3213,299,3279,689,1,0,,1,,,544
157126,JG23_2214,30,Sq. Yards,3194,280,3200,682,1,0,,1,,,544
157460,JG22.2_E-518,30,Sq. Yards,3194,280,3200,685,1,0,,1,,,544
157551,PJ28.3_E-153,30,Sq. Yards,3192,278,3193,861,1,0,,1,,,544
157792,RW27.28.26PII_E-767,30,Sq. Yards,3205,291,3252,685,1,0,,1,,,544
157994,GO16_E-126,30,Sq. Yards,3199,285,3221,686,1,0,,1,,,544
158387,MG9.10.3_E-191,30,Sq. Yards,3207,293,3259,690,1,0,,1,,,544
158930,CD9_E-220,30,Sq. Yards,3213,299,3279,692,1,0,,1,,,544
159355,JG23_1014,30,Sq. Yards,3194,280,3200,696,1,0,,1,,,544
159934,GO16_E-73,30,Sq. Yards,3199,285,3221,699,1,0,,1,,,544
159991,RK5_E-261,30,Sq. Yards,3205,291,3252,683,1,0,,1,,,544
160902,RW18.2-2568,30,Sq. Yards,3208,294,3264,698,1,0,,1,,,544
162640,RK5_E-310,30,Sq. Yards,3205,291,3252,691,1,0,,1,,,544
149163,RW36A_E-90,30,Sq. Yards,3205,291,3252,700,1,0,,1,,,544
149199,JG23_2102,30,Sq. Yards,3194,280,3200,683,1,0,,1,,,544
149367,JG23_914,30,Sq. Yards,3194,280,3200,697,1,0,,1,,,544
150217,JG23_2100,30,Sq. Yards,3194,280,3200,685,1,0,,1,,,544
153007,RK5_E-204,30,Sq. Yards,3205,291,3252,690,1,0,,1,,,544
154280,GO13.14_197,30,Sq. Yards,3199,285,3221,695,1,0,,1,,,544
154862,RW18.2-2036,30,Sq. Yards,3208,294,3264,701,1,0,,1,,,544
154983,JG23_2036,30,Sq. Yards,3194,280,3200,694,1,0,,1,,,544
155683,CD1B_E-158,30,Sq. Yards,3213,299,3279,690,1,0,,1,,,544
155734,RW18.2-2190,30,Sq. Yards,3208,294,3264,704,1,0,,1,,,544
156719,PW21_843,30,Sq. Yards,3212,298,3276,688,1,0,,1,,,544
157302,JR6_E-33,30,Sq. Yards,3206,292,3257,694,1,0,,1,,,544
157388,JR6_E-161,30,Sq. Yards,3206,292,3257,694,1,0,,1,,,544
158773,RW18.2-3677,30,Sq. Yards,3208,294,3264,684,1,0,,1,,,544
158842,JG22.2_E-112,30,Sq. Yards,3194,280,3200,702,1,0,,1,,,544
159442,GO13.14_52,30,Sq. Yards,3199,285,3221,681,1,0,,1,,,544
159645,RW27.28.26PII_E-1302,30,Sq. Yards,3205,291,3252,683,1,0,,1,,,544
159795,RW18.2-2962,30,Sq. Yards,3208,294,3264,684,1,0,,1,,,544
159960,RW27.28.26PII_E-411,30,Sq. Yards,3205,291,3252,683,1,0,,1,,,544
160096,RW36A_E-317,30,Sq. Yards,3205,291,3252,684,1,0,,1,,,544
160145,RW18.2-3047,30,Sq. Yards,3208,294,3264,683,1,0,,1,,,544
160495,SSPIII20_E-37,30,Sq. Yards,3202,288,3238,697,1,0,,1,,,544
160799,JG22.2_E-476,30,Sq. Yards,3194,280,3200,695,1,0,,1,,,544
161564,JG23_2287,30,Sq. Yards,3194,280,3200,1050,1,0,,1,,,544
161567,RW18.2-2915,30,Sq. Yards,3208,294,3264,692,1,0,,1,,,544
162468,KN32_17,30,Sq. Yards,3197,283,3215,681,1,0,,1,,,544
148701,CD9_E-237,30,Sq. Yards,3213,299,3279,690,1,0,,1,,,544
148994,JR6_E-322,30,Sq. Yards,3206,292,3257,682,1,0,,1,,,544
149430,JG23_529,30,Sq. Yards,3194,280,3200,695,1,0,,1,,,544
151591,JG22.2_E-88,30,Sq. Yards,3194,280,3200,709,1,0,,1,,,544
151777,PW21_567,30,Sq. Yards,3212,298,3276,692,1,0,,1,,,544
151934,KN9.32_E-36,30,Sq. Yards,3197,283,3215,694,1,0,,1,,,544
151945,RK21.2_E-18,30,Sq. Yards,3205,291,3252,688,1,0,,1,,,544
152520,JG22.2_E-52,30,Sq. Yards,3194,280,3200,682,1,0,,1,,,544
152602,PJ28.2_E-70,30,Sq. Yards,3192,278,3193,940,1,0,,1,,,544
152920,PW21_535,30,Sq. Yards,3212,298,3276,684,1,0,,1,,,544
153020,JG23_1691,30,Sq. Yards,3194,280,3200,683,1,0,,1,,,544
154006,SD8_E-108,30,Sq. Yards,3200,286,3230,683,1,0,,1,,,544
154510,JAJ_E-86,30,Sq. Yards,3200,286,3229,684,1,0,,1,,,544
155939,RW18.2-3292,30,Sq. Yards,3208,294,3264,705,1,0,,1,,,544
156128,PWAP_E-219,30,Sq. Yards,3212,298,3276,701,1,0,,1,,,544
156214,SSPIII20_E-499,30,Sq. Yards,3202,288,3238,706,1,0,,1,,,544
157193,RK21.2_E-392,30,Sq. Yards,3205,291,3252,682,1,0,,1,,,544
157318,RW18.2-2367,30,Sq. Yards,3208,294,3264,692,1,0,,1,,,544
158061,JG23_583,30,Sq. Yards,3194,280,3200,684,1,0,,1,,,544
158268,PW21_114,30,Sq. Yards,3212,298,3276,689,1,0,,1,,,544
160290,JG22.2_E-318,30,Sq. Yards,3194,280,3200,682,1,0,,1,,,544
161351,CD9_E-354,30,Sq. Yards,3213,299,3279,684,1,0,,1,,,544
162005,PW21_393,30,Sq. Yards,3212,298,3276,685,1,0,,1,,,544
162523,CD9_E-133,30,Sq. Yards,3213,299,3279,692,1,0,,1,,,544
147607,JG23_2199,30,Sq. Yards,3194,280,3200,683,1,0,,1,,,544
158072,RK21.2_E-213,30,Sq. Yards,3205,291,3252,690,1,0,,1,,,544
158140,RK21.2_E-386,30,Sq. Yards,3205,291,3252,694,1,0,,1,,,544
158339,JG22.2_E-608,30,Sq. Yards,3194,280,3200,688,1,0,,1,,,544
158576,JR6_E-57,30,Sq. Yards,3206,292,3257,682,1,0,,1,,,544
158790,RW18.2-3000,30,Sq. Yards,3208,294,3264,705,1,0,,1,,,544
159961,JR6_E-338,30,Sq. Yards,3206,292,3257,694,1,0,,1,,,544
159994,JG23_664,30,Sq. Yards,3194,280,3200,711,1,0,,1,,,544
160044,JG22.1_E-91,30,Sq. Yards,3194,280,3200,681,1,0,,1,,,544
160948,JR6_E-351,30,Sq. Yards,3206,292,3257,696,1,0,,1,,,544
161066,JG23_1503,30,Sq. Yards,3194,280,3200,686,1,0,,1,,,544
161633,RW27.28.26PII_E-1131,30,Sq. Yards,3205,291,3252,690,1,0,,1,,,544
161698,JR9PII_E-246,30,Sq. Yards,3206,292,3257,695,1,0,,1,,,544
161733,RW27.28.26PII_E-1666,30,Sq. Yards,3205,291,3252,686,1,0,,1,,,544
161851,CD9_E-57,30,Sq. Yards,3213,299,3279,682,1,0,,1,,,544
162537,JG23_1595,30,Sq. Yards,3194,280,3200,691,1,0,,1,,,544
147554,RW18.2-3285,30,Sq. Yards,3208,294,3264,704,1,0,,1,,,544
147852,RW18.1_E-124,30,Sq. Yards,3208,294,3264,692,1,0,,1,,,544
147952,JG23_1354,30,Sq. Yards,3194,280,3200,683,1,0,,1,,,544
149358,RW27.28.26PII_E-1368,30,Sq. Yards,3205,291,3252,682,1,0,,1,,,544
149758,JR6_E-295,30,Sq. Yards,3206,292,3257,684,1,0,,1,,,544
150509,RW18.1_E-40,30,Sq. Yards,3208,294,3264,709,1,0,,1,,,544
151094,PW21_1113,30,Sq. Yards,3212,298,3276,690,1,0,,1,,,544
151481,PW21_248,30,Sq. Yards,3212,298,3276,686,1,0,,1,,,544
151715,RW27.28.26PII_E-960,30,Sq. Yards,3205,291,3252,691,1,0,,1,,,544
153117,JR6_E-91,30,Sq. Yards,3206,292,3257,695,1,0,,1,,,544
153551,RK5_E-282,30,Sq. Yards,3205,291,3252,683,1,0,,1,,,544
154221,KN32_297,30,Sq. Yards,3197,283,3215,975,1,0,,1,,,544
154553,RW27.28.26PII_E-115,30,Sq. Yards,3205,291,3252,698,1,0,,1,,,544
154706,RW18.2-2519,30,Sq. Yards,3208,294,3264,696,1,0,,1,,,544
160122,RK21.2_E-38,30,Sq. Yards,3205,291,3252,685,1,0,,1,,,544
160135,SSPIII20_E-81,30,Sq. Yards,3202,288,3238,703,1,0,,1,,,544
160422,JG23_800,30,Sq. Yards,3194,280,3200,689,1,0,,1,,,544
162126,MG9.10.2_E-54,30,Sq. Yards,3207,293,3259,693,1,0,,1,,,544
148025,SSPIII20_E-283,30,Sq. Yards,3202,288,3238,689,1,0,,1,,,544
148125,RW27.28.26PII_E-113,30,Sq. Yards,3205,291,3252,681,1,0,,1,,,544
148636,KN32_66,30,Sq. Yards,3197,283,3215,681,1,0,,1,,,544
149702,JG23_841,30,Sq. Yards,3194,280,3200,696,1,0,,1,,,544
150204,PJ28.2_E-84,30,Sq. Yards,3192,278,3193,687,1,0,,1,,,544
150240,PWAP_E-137,30,Sq. Yards,3212,298,3276,706,1,0,,1,,,544
150706,SSPIII20_E-483,30,Sq. Yards,3202,288,3238,701,1,0,,1,,,544
151335,RW18.2-3023,30,Sq. Yards,3208,294,3264,684,1,0,,1,,,544
151633,RW27.28.26PII_E-500,30,Sq. Yards,3205,291,3252,685,1,0,,1,,,544
151669,JR6_E-106,30,Sq. Yards,3206,292,3257,689,1,0,,1,,,544
152403,RW36A_E-207,30,Sq. Yards,3205,291,3252,702,1,0,,1,,,544
152703,JG23_1038,30,Sq. Yards,3194,280,3200,685,1,0,,1,,,544
153239,PW21_255,30,Sq. Yards,3212,298,3276,698,1,0,,1,,,544
153505,KN9.32_E-74,30,Sq. Yards,3197,283,3215,684,1,0,,1,,,544
153941,MG9.10.3_E-30,30,Sq. Yards,3207,293,3259,683,1,0,,1,,,544
155143,RK21.2_E-212,30,Sq. Yards,3205,291,3252,683,1,0,,1,,,544
155645,CD9_E-124,30,Sq. Yards,3213,299,3279,691,1,0,,1,,,544
155777,JG22.2_E-641,30,Sq. Yards,3194,280,3200,681,1,0,,1,,,544
155779,MG9.10.3_E-192,30,Sq. Yards,3207,293,3259,689,1,0,,1,,,544
156724,JG22.1_E-13,30,Sq. Yards,3194,280,3200,696,1,0,,1,,,544
159087,RW27.28.26PII_E-794,30,Sq. Yards,3205,291,3252,681,1,0,,1,,,544
159364,GO16_E-232,30,Sq. Yards,3199,285,3221,685,1,0,,1,,,544
160023,RW18.2-3187,30,Sq. Yards,3208,294,3264,689,1,0,,1,,,544
160334,RW18.2-3801,30,Sq. Yards,3208,294,3264,705,1,0,,1,,,544
161125,SSPIII20_E-112,30,Sq. Yards,3202,288,3238,691,1,0,,1,,,544
161997,PW21_1153,30,Sq. Yards,3212,298,3276,687,1,0,,1,,,544
162406,RW18.2-3653,30,Sq. Yards,3208,294,3264,683,1,0,,1,,,544
162663,GO13.14_43,30,Sq. Yards,3199,285,3221,700,1,0,,1,,,544
148592,JR9PII_E-236,30,Sq. Yards,3206,292,3257,693,1,0,,1,,,544
148653,PW21_804,30,Sq. Yards,3212,298,3276,682,1,0,,1,,,544
148728,MG9.10.2_E-47,30,Sq. Yards,3207,293,3259,689,1,0,,1,,,544
147714,RW27.28.26PII_E-1709,30,Sq. Yards,3205,291,3252,686,1,0,,1,,,544
148243,RK21.2_E-477,30,Sq. Yards,3205,291,3252,681,1,0,,1,,,544
148252,JR6_E-364,30,Sq. Yards,3206,292,3257,696,1,0,,1,,,544
148277,JG22.2_E-153,30,Sq. Yards,3194,280,3200,690,1,0,,1,,,544
148309,JG22.2_E-82,30,Sq. Yards,3194,280,3200,695,1,0,,1,,,544
149779,MG9.10.2_E-24,30,Sq. Yards,3207,293,3259,686,1,0,,1,,,544
151083,RK21.2_E-510,30,Sq. Yards,3205,291,3252,683,1,0,,1,,,544
151685,KN32_320,30,Sq. Yards,3197,283,3215,687,1,0,,1,,,544
151885,JG23_1674,30,Sq. Yards,3194,280,3200,696,1,0,,1,,,544
151951,CD9_E-109,30,Sq. Yards,3213,299,3279,681,1,0,,1,,,544
152296,RW18.2-2178,30,Sq. Yards,3208,294,3264,681,1,0,,1,,,544
153830,RK5_E-13,30,Sq. Yards,3205,291,3252,681,1,0,,1,,,544
154427,JG23_956,30,Sq. Yards,3194,280,3200,1012,1,0,,1,,,544
154691,JG22.2_E-76,30,Sq. Yards,3194,280,3200,686,1,0,,1,,,544
155661,CD9_E-479,30,Sq. Yards,3213,299,3279,697,1,0,,1,,,544
155831,JG22.2_E-481,30,Sq. Yards,3194,280,3200,691,1,0,,1,,,544
157440,RW36A_E-7,30,Sq. Yards,3205,291,3252,687,1,0,,1,,,544
158335,RW27.28.26PII_E-1597,30,Sq. Yards,3205,291,3252,681,1,0,,1,,,544
158444,RK21.2_E-59,30,Sq. Yards,3205,291,3252,690,1,0,,1,,,544
158505,SSPIII20_E-439,30,Sq. Yards,3202,288,3238,707,1,0,,1,,,544
160107,JR6_E-401,30,Sq. Yards,3206,292,3257,695,1,0,,1,,,544
161018,FD9_E-195,30,Sq. Yards,3201,287,3233,681,1,0,,1,,,544
161618,JG22.2_E-364,30,Sq. Yards,3194,280,3200,691,1,0,,1,,,544
162020,JG23_1566,30,Sq. Yards,3194,280,3200,683,1,0,,1,,,544
162145,PWAP_E-372,30,Sq. Yards,3212,298,3276,702,1,0,,1,,,544
147505,JG23_2117,30,Sq. Yards,3194,280,3200,691,1,0,,1,,,544
148109,RW27.28.26PII_E-1616,30,Sq. Yards,3205,291,3252,683,1,0,,1,,,544
148716,RW18.2-2507,30,Sq. Yards,3208,294,3264,697,1,0,,1,,,544
149079,KN9.32_E-146,30,Sq. Yards,3197,283,3215,681,1,0,,1,,,544
149111,JG22.2_E-737,30,Sq. Yards,3194,280,3200,685,1,0,,1,,,544
149152,RW27.28.26PII_E-1144,30,Sq. Yards,3205,291,3252,690,1,0,,1,,,544
149588,JR9PII_E-131,30,Sq. Yards,3206,292,3257,684,1,0,,1,,,544
150413,PW21_587,30,Sq. Yards,3212,298,3276,706,1,0,,1,,,544
151692,JG22.1_E-97,30,Sq. Yards,3194,280,3200,690,1,0,,1,,,544
151860,RW36A_E-147,30,Sq. Yards,3205,291,3252,684,1,0,,1,,,544
152094,JG23_1231,30,Sq. Yards,3194,280,3200,698,1,0,,1,,,544
153489,PWAP_E-195,30,Sq. Yards,3212,298,3276,706,1,0,,1,,,544
153791,JG22.2_E-174,30,Sq. Yards,3194,280,3200,697,1,0,,1,,,544
154098,PWAP_E-483,30,Sq. Yards,3212,298,3276,696,1,0,,1,,,544
155259,KN32_359,30,Sq. Yards,3197,283,3215,686,1,0,,1,,,544
155470,RK21.2_E-341,30,Sq. Yards,3205,291,3252,682,1,0,,1,,,544
155906,RW18.2-2528,30,Sq. Yards,3208,294,3264,703,1,0,,1,,,544
157031,RW18.2-2430,30,Sq. Yards,3208,294,3264,708,1,0,,1,,,544
157608,JG22.2_E-154,30,Sq. Yards,3194,280,3200,699,1,0,,1,,,544
157803,MG9.10.3_E-161,30,Sq. Yards,3207,293,3259,693,1,0,,1,,,544
160009,RW18.2-3348,30,Sq. Yards,3208,294,3264,682,1,0,,1,,,544
160416,JR6_E-32,30,Sq. Yards,3206,292,3257,695,1,0,,1,,,544
160809,SD8_E-196,30,Sq. Yards,3200,286,3230,681,1,0,,1,,,544
147655,JG23_947,30,Sq. Yards,3194,280,3200,690,1,0,,1,,,544
148300,SD8_E-37,30,Sq. Yards,3200,286,3230,695,1,0,,1,,,544
150274,JR6_E-381,30,Sq. Yards,3206,292,3257,683,1,0,,1,,,544
151074,RK5_E-278,30,Sq. Yards,3205,291,3252,681,1,0,,1,,,544
151267,JR9PII_E-247,30,Sq. Yards,3206,292,3257,683,1,0,,1,,,544
151340,SSPIII20_E-411,30,Sq. Yards,3202,288,3238,698,1,0,,1,,,544
151374,CD1B_E-126,30,Sq. Yards,3213,299,3279,683,1,0,,1,,,544
151608,JR9PII_E-199,30,Sq. Yards,3206,292,3257,682,1,0,,1,,,544
154550,PW21_626,30,Sq. Yards,3212,298,3276,684,1,0,,1,,,544
154750,RW18.2-3121,30,Sq. Yards,3208,294,3264,692,1,0,,1,,,544
155622,MG9.10.3_E-316,30,Sq. Yards,3207,293,3259,693,1,0,,1,,,544
156081,RW27.28.26PII_E-1062,30,Sq. Yards,3205,291,3252,690,1,0,,1,,,544
156381,SSPIII20_E-832,30,Sq. Yards,3202,288,3238,696,1,0,,1,,,544
156781,JR6_E-101,30,Sq. Yards,3206,292,3257,695,1,0,,1,,,544
156922,JG23_2056,30,Sq. Yards,3194,280,3200,681,1,0,,1,,,544
157728,SSPIII20_E-462,30,Sq. Yards,3202,288,3238,701,1,0,,1,,,544
148014,RW18.2-2247,30,Sq. Yards,3208,294,3264,698,1,0,,1,,,544
148118,SSPIII20_E-639,30,Sq. Yards,3202,288,3238,702,1,0,,1,,,544
149320,RK21.2_E-55,30,Sq. Yards,3205,291,3252,700,1,0,,1,,,544
150949,RW18.2-3209,30,Sq. Yards,3208,294,3264,711,1,0,,1,,,544
152787,JR6_E-5,30,Sq. Yards,3206,292,3257,694,1,0,,1,,,544
153625,RW18.2-2075,30,Sq. Yards,3208,294,3264,703,1,0,,1,,,544
154659,JG22.2_E-632,30,Sq. Yards,3194,280,3200,691,1,0,,1,,,544
154902,RW36A_E-264,30,Sq. Yards,3205,291,3252,702,1,0,,1,,,544
155236,JR6_E-264,30,Sq. Yards,3206,292,3257,683,1,0,,1,,,544
155302,JG22.2_E-262,30,Sq. Yards,3194,280,3200,683,1,0,,1,,,544
155995,GO16_E-114,30,Sq. Yards,3199,285,3221,698,1,0,,1,,,544
156331,CD9_E-14,30,Sq. Yards,3213,299,3279,682,1,0,,1,,,544
156808,JR6_E-301,30,Sq. Yards,3206,292,3257,699,1,0,,1,,,544
156965,SD8_E-117,30,Sq. Yards,3200,286,3230,695,1,0,,1,,,544
157006,CD1B_E-34,30,Sq. Yards,3213,299,3279,687,1,0,,1,,,544
157376,JG23_1605,30,Sq. Yards,3194,280,3200,683,1,0,,1,,,544
157633,GO13.14_205,30,Sq. Yards,3199,285,3221,690,1,0,,1,,,544
157674,JG23_519,30,Sq. Yards,3194,280,3200,685,1,0,,1,,,544
158135,JR6_E-22,30,Sq. Yards,3206,292,3257,682,1,0,,1,,,544
158780,RW27.28.26PII_E-984,30,Sq. Yards,3205,291,3252,681,1,0,,1,,,544
159407,RW18.2-2154,30,Sq. Yards,3208,294,3264,693,1,0,,1,,,544
159646,RW19.2_E-88,30,Sq. Yards,3208,294,3264,690,1,0,,1,,,544
159750,RW27.28.26PII_E-208,30,Sq. Yards,3205,291,3252,685,1,0,,1,,,544
160911,RK21.2_E-51,30,Sq. Yards,3205,291,3252,686,1,0,,1,,,544
162549,SSPIII20_E-232,30,Sq. Yards,3202,288,3238,698,1,0,,1,,,544
162683,RW27.28.26PII_E-753,30,Sq. Yards,3205,291,3252,686,1,0,,1,,,544
147941,JG22.2_E-319,30,Sq. Yards,3194,280,3200,689,1,0,,1,,,544
148284,RK5_E-244,30,Sq. Yards,3205,291,3252,690,1,0,,1,,,544
148509,JR9PII_E-58,30,Sq. Yards,3206,292,3257,694,1,0,,1,,,544
149377,CD9_E-366,30,Sq. Yards,3213,299,3279,687,1,0,,1,,,544
150181,JG23_691,30,Sq. Yards,3194,280,3200,698,1,0,,1,,,544
150424,GO16_E-368,30,Sq. Yards,3199,285,3221,693,1,0,,1,,,544
150956,PWAP_E-292,30,Sq. Yards,3212,298,3276,686,1,0,,1,,,544
151324,CD9_E-16,30,Sq. Yards,3213,299,3279,686,1,0,,1,,,544
151492,RW27.28.26PII_E-476,30,Sq. Yards,3205,291,3252,682,1,0,,1,,,544
151519,JG24.2_E-28,30,Sq. Yards,3194,280,3200,686,1,0,,1,,,544
151551,RK21.2_E-414,30,Sq. Yards,3205,291,3252,700,1,0,,1,,,544
153162,CD1B_E-155,30,Sq. Yards,3213,299,3279,692,1,0,,1,,,544
153725,KN9.32_E-62,30,Sq. Yards,3197,283,3215,681,1,0,,1,,,544
154736,MG9.10.2_E-18,30,Sq. Yards,3207,293,3259,693,1,0,,1,,,544
157433,RW18.2-3317,30,Sq. Yards,3208,294,3264,681,1,0,,1,,,544
157642,RW27.28.26PII_E-452,30,Sq. Yards,3205,291,3252,690,1,0,,1,,,544
158042,FD9_E-60,30,Sq. Yards,3201,287,3233,703,1,0,,1,,,544
158276,JG23_1395,30,Sq. Yards,3194,280,3200,685,1,0,,1,,,544
158544,SSPIII20_E-225,30,Sq. Yards,3202,288,3238,681,1,0,,1,,,544
158646,JG22.2_E-242,30,Sq. Yards,3194,280,3200,682,1,0,,1,,,544
158712,JG22.2_E-480,30,Sq. Yards,3194,280,3200,684,1,0,,1,,,544
158744,RW27.28.26PII_E-428,30,Sq. Yards,3205,291,3252,702,1,0,,1,,,544
158880,GO16_E-104,30,Sq. Yards,3199,285,3221,693,1,0,,1,,,544
159248,CD9_E-4,30,Sq. Yards,3213,299,3279,692,1,0,,1,,,544
159482,RK21.2_E-106,30,Sq. Yards,3205,291,3252,700,1,0,,1,,,544
159705,RW27.28.26PII_E-958,30,Sq. Yards,3205,291,3252,686,1,0,,1,,,544
160441,RW27.28.26PII_E-228,30,Sq. Yards,3205,291,3252,683,1,0,,1,,,544
148191,JG24.1_E-26,30,Sq. Yards,3194,280,3200,696,1,0,,1,,,544
148193,RW18.2-2669,30,Sq. Yards,3208,294,3264,686,1,0,,1,,,544
148259,RW18.2-2157,30,Sq. Yards,3208,294,3264,697,1,0,,1,,,544
148266,SSPIII20_E-409,30,Sq. Yards,3202,288,3238,706,1,0,,1,,,544
148795,RW19.1_E-58,30,Sq. Yards,3208,294,3264,704,1,0,,1,,,544
148968,JG23_1442,30,Sq. Yards,3194,280,3200,702,1,0,,1,,,544
149468,JG23_2042,30,Sq. Yards,3194,280,3200,701,1,0,,1,,,544
149863,JR6_E-345,30,Sq. Yards,3206,292,3257,687,1,0,,1,,,544
150004,RK5_E-246,30,Sq. Yards,3205,291,3252,696,1,0,,1,,,544
150772,JG22.2_E-22,30,Sq. Yards,3194,280,3200,686,1,0,,1,,,544
150867,KN32_268,30,Sq. Yards,3197,283,3215,681,1,0,,1,,,544
158855,JR6_E-195,30,Sq. Yards,3206,292,3257,695,1,0,,1,,,544
159230,CD1B_E-54,30,Sq. Yards,3213,299,3279,687,1,0,,1,,,544
159321,RW18.2-2930,30,Sq. Yards,3208,294,3264,698,1,0,,1,,,544
160634,JG23_710,30,Sq. Yards,3194,280,3200,684,1,0,,1,,,544
160793,PJ28.2_E-45,30,Sq. Yards,3192,278,3193,711,1,0,,1,,,544
161170,JG22.2_E-4,30,Sq. Yards,3194,280,3200,691,1,0,,1,,,544
161795,RW19.1_E-41,30,Sq. Yards,3208,294,3264,691,1,0,,1,,,544
162563,KN32_222,30,Sq. Yards,3197,283,3215,690,1,0,,1,,,544
147749,RW18.2-2498,30,Sq. Yards,3208,294,3264,704,1,0,,1,,,544
148517,KN32_99,30,Sq. Yards,3197,283,3215,681,1,0,,1,,,544
149017,JG22.2_E-257,30,Sq. Yards,3194,280,3200,697,1,0,,1,,,544
149853,SD8_E-64,30,Sq. Yards,3200,286,3230,688,1,0,,1,,,544
151182,RW18.2-3392,30,Sq. Yards,3208,294,3264,696,1,0,,1,,,544
151700,JG22.2_E-354,30,Sq. Yards,3194,280,3200,691,1,0,,1,,,544
151718,JG23_1732,30,Sq. Yards,3194,280,3200,686,1,0,,1,,,544
151725,JG23_1194,30,Sq. Yards,3194,280,3200,682,1,0,,1,,,544
154058,GO16_E-261,30,Sq. Yards,3199,285,3221,699,1,0,,1,,,544
154569,JR6_E-128,30,Sq. Yards,3206,292,3257,696,1,0,,1,,,544
154937,RW18.2-2585,30,Sq. Yards,3208,294,3264,694,1,0,,1,,,544
155169,JR6_E-191,30,Sq. Yards,3206,292,3257,689,1,0,,1,,,544
155830,SSPIII20_E-553,30,Sq. Yards,3202,288,3238,681,1,0,,1,,,544
156305,JG22.2_E-690,30,Sq. Yards,3194,280,3200,699,1,0,,1,,,544
156373,RW27.28.26PII_E-1720,30,Sq. Yards,3205,291,3252,681,1,0,,1,,,544
156641,CD9_E-45,30,Sq. Yards,3213,299,3279,682,1,0,,1,,,544
156991,PW21_359,30,Sq. Yards,3212,298,3276,692,1,0,,1,,,544
157691,JG23_1239,30,Sq. Yards,3194,280,3200,681,1,0,,1,,,544
157884,CD9_E-105,30,Sq. Yards,3213,299,3279,681,1,0,,1,,,544
158777,JG23_938,30,Sq. Yards,3194,280,3200,685,1,0,,1,,,544
159513,JR6_E-34,30,Sq. Yards,3206,292,3257,692,1,0,,1,,,544
159906,JG22.2_E-150,30,Sq. Yards,3194,280,3200,685,1,0,,1,,,544
160749,RW18.2-2880,30,Sq. Yards,3208,294,3264,697,1,0,,1,,,544
161478,PWAP_E-428,30,Sq. Yards,3212,298,3276,705,1,0,,1,,,544
162189,RW27.28.26PII_E-1651,30,Sq. Yards,3205,291,3252,683,1,0,,1,,,544
147470,RK21.2_E-367,30,Sq. Yards,3205,291,3252,700,1,0,,1,,,544
147819,RW18.2-2627,30,Sq. Yards,3208,294,3264,691,1,0,,1,,,544
148672,RW18.2-3301,30,Sq. Yards,3208,294,3264,697,1,0,,1,,,544
148906,RW18.2-2496,30,Sq. Yards,3208,294,3264,695,1,0,,1,,,544
149308,JG23_1389,30,Sq. Yards,3194,280,3200,682,1,0,,1,,,544
149593,GO16_E-193,30,Sq. Yards,3199,285,3221,703,1,0,,1,,,544
149942,SSPIII20_E-236,30,Sq. Yards,3202,288,3238,691,1,0,,1,,,544
150793,JG23_719,30,Sq. Yards,3194,280,3200,694,1,0,,1,,,544
151114,JG23_591,30,Sq. Yards,3194,280,3200,686,1,0,,1,,,544
151646,PWAP_E-410,30,Sq. Yards,3212,298,3276,687,1,0,,1,,,544
152884,PWAP_E-342,30,Sq. Yards,3212,298,3276,685,1,0,,1,,,544
152916,RW36A_E-53,30,Sq. Yards,3205,291,3252,684,1,0,,1,,,544
153433,RW27.28.26PII_E-1463,30,Sq. Yards,3205,291,3252,690,1,0,,1,,,544
153771,CD1B_E-88,30,Sq. Yards,3213,299,3279,694,1,0,,1,,,544
153869,RK21.2_E-48,30,Sq. Yards,3205,291,3252,696,1,0,,1,,,544
154222,RK21.2_E-317,30,Sq. Yards,3205,291,3252,696,1,0,,1,,,544
156443,FD9_E-87,30,Sq. Yards,3201,287,3233,690,1,0,,1,,,544
157681,JG22.1_E-31,30,Sq. Yards,3194,280,3200,702,1,0,,1,,,544
157732,PWAP_E-122,30,Sq. Yards,3212,298,3276,685,1,0,,1,,,544
157813,RK5_E-82,30,Sq. Yards,3205,291,3252,690,1,0,,1,,,544
157864,FD9_E-169,30,Sq. Yards,3201,287,3233,683,1,0,,1,,,544
157979,MG9.10.3_E-344,30,Sq. Yards,3207,293,3259,695,1,0,,1,,,544
159168,JG23_794,30,Sq. Yards,3194,280,3200,681,1,0,,1,,,544
159987,RW27.28.26PII_E-482,30,Sq. Yards,3205,291,3252,696,1,0,,1,,,544
160138,PWAP_E-248,30,Sq. Yards,3212,298,3276,697,1,0,,1,,,544
160170,RK21.2_E-29,30,Sq. Yards,3205,291,3252,682,1,0,,1,,,544
160338,PW21_569,30,Sq. Yards,3212,298,3276,685,1,0,,1,,,544
160487,KN32_221,30,Sq. Yards,3197,283,3215,681,1,0,,1,,,544
160972,JG22.2_E-165,30,Sq. Yards,3194,280,3200,692,1,0,,1,,,544
161459,RW27.28.26PII_E-104,30,Sq. Yards,3205,291,3252,685,1,0,,1,,,544
161542,RW27.28.26PII_E-1386,30,Sq. Yards,3205,291,3252,690,1,0,,1,,,544
162191,JR6_E-258,30,Sq. Yards,3206,292,3257,699,1,0,,1,,,544
148352,RW18.2-2342,30,Sq. Yards,3208,294,3264,697,1,0,,1,,,544
148407,RK21.2_E-69,30,Sq. Yards,3205,291,3252,681,1,0,,1,,,544
148618,PW21_759,30,Sq. Yards,3212,298,3276,710,1,0,,1,,,544
149652,JR9PII_E-194,30,Sq. Yards,3206,292,3257,693,1,0,,1,,,544
149688,CD9_E-24,30,Sq. Yards,3213,299,3279,691,1,0,,1,,,544
150983,KN32_306,30,Sq. Yards,3197,283,3215,682,1,0,,1,,,544
151560,MG9.10.3_E-267,30,Sq. Yards,3207,293,3259,686,1,0,,1,,,544
152253,RK5_E-99,30,Sq. Yards,3205,291,3252,696,1,0,,1,,,544
152260,JG24.1_E-28,30,Sq. Yards,3194,280,3200,691,1,0,,1,,,544
152662,CD9_E-35,30,Sq. Yards,3213,299,3279,685,1,0,,1,,,544
154602,JR6_E-82,30,Sq. Yards,3206,292,3257,687,1,0,,1,,,544
155027,CD9_E-65,30,Sq. Yards,3213,299,3279,692,1,0,,1,,,544
155538,RW27.28.26PII_E-467,30,Sq. Yards,3205,291,3252,682,1,0,,1,,,544
155806,PWAP_E-15,30,Sq. Yards,3212,298,3276,696,1,0,,1,,,544
156295,RW19.2_E-55,30,Sq. Yards,3208,294,3264,690,1,0,,1,,,544
157233,PJ28.2_E-98,30,Sq. Yards,3192,278,3193,703,1,0,,1,,,544
159639,JG22.2_E-355,30,Sq. Yards,3194,280,3200,694,1,0,,1,,,544
159814,MG9.10.3_E-312,30,Sq. Yards,3207,293,3259,686,1,0,,1,,,544
161186,JG23_1450,30,Sq. Yards,3194,280,3200,702,1,0,,1,,,544
161220,KN32_143,30,Sq. Yards,3197,283,3215,681,1,0,,1,,,544
161745,SSPIII20_E-819,30,Sq. Yards,3202,288,3238,709,1,0,,1,,,544
161788,JG22.2_E-65,30,Sq. Yards,3194,280,3200,691,1,0,,1,,,544
161981,SSPIII20_E-135,30,Sq. Yards,3202,288,3238,690,1,0,,1,,,544
161986,GO16_E-332,30,Sq. Yards,3199,285,3221,682,1,0,,1,,,544
147841,GO16_E-186,30,Sq. Yards,3199,285,3221,684,1,0,,1,,,544
148341,CD1B_E-21,30,Sq. Yards,3213,299,3279,691,1,0,,1,,,544
150145,RW18.2-3782,30,Sq. Yards,3208,294,3264,686,1,0,,1,,,544
150415,JG22.2_E-666,30,Sq. Yards,3194,280,3200,696,1,0,,1,,,544
150456,RW27.28.26PII_E-497,30,Sq. Yards,3205,291,3252,687,1,0,,1,,,544
150458,RK21.2_E-359,30,Sq. Yards,3205,291,3252,696,1,0,,1,,,544
150515,PW21_223,30,Sq. Yards,3212,298,3276,689,1,0,,1,,,544
150715,MG9.10.3_E-118,30,Sq. Yards,3207,293,3259,693,1,0,,1,,,544
151624,JG22.2_E-565,30,Sq. Yards,3194,280,3200,689,1,0,,1,,,544
151719,JR6_E-59,30,Sq. Yards,3206,292,3257,686,1,0,,1,,,544
152430,RW18.2-2912,30,Sq. Yards,3208,294,3264,687,1,0,,1,,,544
152989,RW27.28.26PII_E-1210,30,Sq. Yards,3205,291,3252,702,1,0,,1,,,544
153932,JG22.2_E-313,30,Sq. Yards,3194,280,3200,690,1,0,,1,,,544
154457,RW27.28.26PII_E-621,30,Sq. Yards,3205,291,3252,685,1,0,,1,,,544
154861,JG22.2_E-558,30,Sq. Yards,3194,280,3200,701,1,0,,1,,,544
155268,JR9_E-20,30,Sq. Yards,3206,292,3257,695,1,0,,1,,,544
155429,RK21.2_E-391,30,Sq. Yards,3205,291,3252,690,1,0,,1,,,544
155529,RW18.2-3117,30,Sq. Yards,3208,294,3264,696,1,0,,1,,,544
155570,PW21_299,30,Sq. Yards,3212,298,3276,683,1,0,,1,,,544
156197,JG23_579,30,Sq. Yards,3194,280,3200,1055,1,0,,1,,,544
158512,RW18.2-3288,30,Sq. Yards,3208,294,3264,685,1,0,,1,,,544
158778,RW18.2-3670,30,Sq. Yards,3208,294,3264,703,1,0,,1,,,544
158846,JG23_1725,30,Sq. Yards,3194,280,3200,699,1,0,,1,,,544
159137,PW21_1125,30,Sq. Yards,3212,298,3276,682,1,0,,1,,,544
160039,RW27.28.26PII_E-1661,30,Sq. Yards,3205,291,3252,686,1,0,,1,,,544
160243,JG23_1767,30,Sq. Yards,3194,280,3200,686,1,0,,1,,,544
160375,RW18.2-3502,30,Sq. Yards,3208,294,3264,683,1,0,,1,,,544
161152,JG23_1777,30,Sq. Yards,3194,280,3200,702,1,0,,1,,,544
161345,RW27.28.26PII_E-751,30,Sq. Yards,3205,291,3252,681,1,0,,1,,,544
162254,PW21_1020,30,Sq. Yards,3212,298,3276,685,1,0,,1,,,544
162413,FD9_E-114,30,Sq. Yards,3201,287,3233,685,1,0,,1,,,544
148666,SSPIII20_E-547,30,Sq. Yards,3202,288,3238,851,1,0,,1,,,544
149129,JG22.2_E-244,30,Sq. Yards,3194,280,3200,701,1,0,,1,,,544
149572,PJ28.1_E-140,30,Sq. Yards,3192,278,3193,709,1,0,,1,,,544
150338,MG9.10.3_E-301,30,Sq. Yards,3207,293,3259,690,1,0,,1,,,544
150774,PJ28.1_E-206,30,Sq. Yards,3192,278,3193,913,1,0,,1,,,544
151976,PW21_179,30,Sq. Yards,3212,298,3276,708,1,0,,1,,,544
152605,CD1B_E-139,30,Sq. Yards,3213,299,3279,692,1,0,,1,,,544
153548,JG23_1426,30,Sq. Yards,3194,280,3200,690,1,0,,1,,,544
153939,JG23_2136,30,Sq. Yards,3194,280,3200,686,1,0,,1,,,544
154452,RW27.28.26PII_E-512,30,Sq. Yards,3205,291,3252,690,1,0,,1,,,544
154843,MG9.10.3_E-240,30,Sq. Yards,3207,293,3259,687,1,0,,1,,,544
155086,PW21_1069,30,Sq. Yards,3212,298,3276,692,1,0,,1,,,544
155652,PW21_681,30,Sq. Yards,3212,298,3276,708,1,0,,1,,,544
156990,SSPIII20_E-18,30,Sq. Yards,3202,288,3238,690,1,0,,1,,,544
157483,JG22.2_E-645,30,Sq. Yards,3194,280,3200,682,1,0,,1,,,544
158621,RK5_E-293,30,Sq. Yards,3205,291,3252,683,1,0,,1,,,544
158689,JG23_1974,30,Sq. Yards,3194,280,3200,695,1,0,,1,,,544
159255,JG24.2_E-107,30,Sq. Yards,3194,280,3200,682,1,0,,1,,,544
160168,JG23_1422,30,Sq. Yards,3194,280,3200,697,1,0,,1,,,544
160323,RW19.1_E-89,30,Sq. Yards,3208,294,3264,698,1,0,,1,,,544
160700,PW21_307,30,Sq. Yards,3212,298,3276,687,1,0,,1,,,544
160736,JG24.2_E-8,30,Sq. Yards,3194,280,3200,698,1,0,,1,,,544
161261,PW21_730,30,Sq. Yards,3212,298,3276,694,1,0,,1,,,544
161804,RW27.28.26PII_E-1272,30,Sq. Yards,3205,291,3252,683,1,0,,1,,,544
162197,RK5_E-78,30,Sq. Yards,3205,291,3252,682,1,0,,1,,,544
162674,RW27.28.26PII_E-1159,30,Sq. Yards,3205,291,3252,684,1,0,,1,,,544
148932,JG23_778,30,Sq. Yards,3194,280,3200,702,1,0,,1,,,544
149113,JR9PII_E-175,30,Sq. Yards,3206,292,3257,683,1,0,,1,,,544
153894,GO16_E-340,30,Sq. Yards,3199,285,3221,697,1,0,,1,,,544
154211,KN32_331,30,Sq. Yards,3197,283,3215,687,1,0,,1,,,544
154394,KN9.32_E-94,30,Sq. Yards,3197,283,3215,681,1,0,,1,,,544
154765,RW18.2-3057,30,Sq. Yards,3208,294,3264,692,1,0,,1,,,544
155248,RW18.2-2703,30,Sq. Yards,3208,294,3264,689,1,0,,1,,,544
155816,SSPIII20_E-487,30,Sq. Yards,3202,288,3238,687,1,0,,1,,,544
156470,RW18.2-2563,30,Sq. Yards,3208,294,3264,694,1,0,,1,,,544
156902,JG23_2129,30,Sq. Yards,3194,280,3200,684,1,0,,1,,,544
157155,RW27.28.26PII_E-264,30,Sq. Yards,3205,291,3252,683,1,0,,1,,,544
159327,JG22.2_E-358,30,Sq. Yards,3194,280,3200,683,1,0,,1,,,544
159395,SSPIII20_E-764,30,Sq. Yards,3202,288,3238,693,1,0,,1,,,544
159963,CD9_E-77,30,Sq. Yards,3213,299,3279,690,1,0,,1,,,544
160045,RK5_E-199,30,Sq. Yards,3205,291,3252,697,1,0,,1,,,544
160481,CD1B_E-44,30,Sq. Yards,3213,299,3279,692,1,0,,1,,,544
161331,RW18.2-2268,30,Sq. Yards,3208,294,3264,683,1,0,,1,,,544
161781,JR9PII_E-160,30,Sq. Yards,3206,292,3257,682,1,0,,1,,,544
162268,CD9_E-274,30,Sq. Yards,3213,299,3279,691,1,0,,1,,,544
162435,RK5_E-119,30,Sq. Yards,3205,291,3252,686,1,0,,1,,,544
147608,GO16_E-105,30,Sq. Yards,3199,285,3221,701,1,0,,1,,,544
147615,RW18.1_E-26,30,Sq. Yards,3208,294,3264,698,1,0,,1,,,544
147633,SSPIII20_E-724,30,Sq. Yards,3202,288,3238,710,1,0,,1,,,544
148151,PJ28.3_E-175,30,Sq. Yards,3192,278,3193,935,1,0,,1,,,544
149226,JG23_1738,30,Sq. Yards,3194,280,3200,686,1,0,,1,,,544
149444,MG9.10.3_E-266,30,Sq. Yards,3207,293,3259,691,1,0,,1,,,544
150012,JR6_E-157,30,Sq. Yards,3206,292,3257,687,1,0,,1,,,544
150187,RW18.2-3694,30,Sq. Yards,3208,294,3264,692,1,0,,1,,,544
152645,RW18.2-2622,30,Sq. Yards,3208,294,3264,684,1,0,,1,,,544
152727,RK5_E-344,30,Sq. Yards,3205,291,3252,702,1,0,,1,,,544
153692,RK5_E-175,30,Sq. Yards,3205,291,3252,686,1,0,,1,,,544
154285,JG22.2_E-736,30,Sq. Yards,3194,280,3200,702,1,0,,1,,,544
154292,PWAP_E-147,30,Sq. Yards,3212,298,3276,681,1,0,,1,,,544
154567,JG22.2_E-613,30,Sq. Yards,3194,280,3200,682,1,0,,1,,,544
154699,JG23_1884,30,Sq. Yards,3194,280,3200,689,1,0,,1,,,544
156589,RW27.28.26PII_E-47,30,Sq. Yards,3205,291,3252,693,1,0,,1,,,544
156857,PJ28.1_E-166,30,Sq. Yards,3192,278,3193,935,1,0,,1,,,544
158011,SSPIII20_E-471,30,Sq. Yards,3202,288,3238,704,1,0,,1,,,544
159104,KN32_13,30,Sq. Yards,3197,283,3215,693,1,0,,1,,,544
159858,JG23_552,30,Sq. Yards,3194,280,3200,701,1,0,,1,,,544
160758,MG9.10.3_E-188,30,Sq. Yards,3207,293,3259,683,1,0,,1,,,544
161530,RW36A_E-247,30,Sq. Yards,3205,291,3252,683,1,0,,1,,,544
147650,JG23_1363,30,Sq. Yards,3194,280,3200,692,1,0,,1,,,544
148586,SSPIII20_E-690,30,Sq. Yards,3202,288,3238,688,1,0,,1,,,544
149343,RK21.2_E-50,30,Sq. Yards,3205,291,3252,682,1,0,,1,,,544
149354,RW18.2-2009,30,Sq. Yards,3208,294,3264,700,1,0,,1,,,544
149452,RW18.2-2573,30,Sq. Yards,3208,294,3264,683,1,0,,1,,,544
162007,PW21_298,30,Sq. Yards,3212,298,3276,691,1,0,,1,,,544
147489,PW21_46,30,Sq. Yards,3212,298,3276,686,1,0,,1,,,544
147993,RK5_E-303,30,Sq. Yards,3205,291,3252,682,1,0,,1,,,544
148627,RW18.2-2495,30,Sq. Yards,3208,294,3264,709,1,0,,1,,,544
148702,RW18.1_E-16,30,Sq. Yards,3208,294,3264,707,1,0,,1,,,544
149161,PW21_119,30,Sq. Yards,3212,298,3276,689,1,0,,1,,,544
149461,RW19.2_E-54,30,Sq. Yards,3208,294,3264,710,1,0,,1,,,544
149963,RW27.28.26PII_E-1690,30,Sq. Yards,3205,291,3252,684,1,0,,1,,,544
150238,RW27.28.26PII_E-1400,30,Sq. Yards,3205,291,3252,686,1,0,,1,,,544
151106,JAJ_E-134,30,Sq. Yards,3200,286,3229,682,1,0,,1,,,544
152505,SSPIII20_E-110,30,Sq. Yards,3202,288,3238,692,1,0,,1,,,544
153314,SSPIII20_E-352,30,Sq. Yards,3202,288,3238,704,1,0,,1,,,544
153439,PJ28.3_E-52,30,Sq. Yards,3192,278,3193,935,1,0,,1,,,544
153473,PW21_85,30,Sq. Yards,3212,298,3276,708,1,0,,1,,,544
153748,RW27.28.26PII_E-1662,30,Sq. Yards,3205,291,3252,700,1,0,,1,,,544
154450,GO16_E-20,30,Sq. Yards,3199,285,3221,685,1,0,,1,,,544
157258,JG23_548,30,Sq. Yards,3194,280,3200,694,1,0,,1,,,544
157624,RW18.2-2768,30,Sq. Yards,3208,294,3264,693,1,0,,1,,,544
158764,JG23_1748,30,Sq. Yards,3194,280,3200,1027,1,0,,1,,,544
159298,CD1B_E-178,30,Sq. Yards,3213,299,3279,689,1,0,,1,,,544
159323,KN32_160,30,Sq. Yards,3197,283,3215,685,1,0,,1,,,544
159657,JG23_1300,30,Sq. Yards,3194,280,3200,702,1,0,,1,,,544
162265,RW18.2-2296,30,Sq. Yards,3208,294,3264,703,1,0,,1,,,544
148049,RK21.2_E-592,30,Sq. Yards,3205,291,3252,681,1,0,,1,,,544
149235,SD8_E-123,30,Sq. Yards,3200,286,3230,687,1,0,,1,,,544
149564,GO13.14_258,30,Sq. Yards,3199,285,3221,700,1,0,,1,,,544
149764,FD9_E-95,30,Sq. Yards,3201,287,3233,688,1,0,,1,,,544
150807,RW27.28.26PII_E-1507,30,Sq. Yards,3205,291,3252,702,1,0,,1,,,544
152111,RW27.28.26PII_E-1077,30,Sq. Yards,3205,291,3252,687,1,0,,1,,,544
152293,JR6_E-472,30,Sq. Yards,3206,292,3257,684,1,0,,1,,,544
153697,RW18.2-3066,30,Sq. Yards,3208,294,3264,686,1,0,,1,,,544
154101,FD9_E-176,30,Sq. Yards,3201,287,3233,693,1,0,,1,,,544
155087,JG23_567,30,Sq. Yards,3194,280,3200,695,1,0,,1,,,544
155194,JG22.2_E-276,30,Sq. Yards,3194,280,3200,689,1,0,,1,,,544
156673,PW21_839,30,Sq. Yards,3212,298,3276,708,1,0,,1,,,544
156859,RW18.2-2944,30,Sq. Yards,3208,294,3264,703,1,0,,1,,,544
157652,JG23_559,30,Sq. Yards,3194,280,3200,688,1,0,,1,,,544
157877,RW18.2-3182,30,Sq. Yards,3208,294,3264,701,1,0,,1,,,544
158309,JG22.1_E-131,30,Sq. Yards,3194,280,3200,703,1,0,,1,,,544
158470,CD1B_E-14,30,Sq. Yards,3213,299,3279,689,1,0,,1,,,544
159245,CD9_E-372,30,Sq. Yards,3213,299,3279,695,1,0,,1,,,544
160042,SSPIII20_E-527,30,Sq. Yards,3202,288,3238,692,1,0,,1,,,544
160106,RW27.28.26PII_E-34,30,Sq. Yards,3205,291,3252,686,1,0,,1,,,544
160306,RW18.2-2484,30,Sq. Yards,3208,294,3264,705,1,0,,1,,,544
161353,RW18.2-2716,30,Sq. Yards,3208,294,3264,704,1,0,,1,,,544
162071,JG24.2_E-13,30,Sq. Yards,3194,280,3200,711,1,0,,1,,,544
162496,SSPIII20_E-5,30,Sq. Yards,3202,288,3238,701,1,0,,1,,,544
162632,KN32_202,30,Sq. Yards,3197,283,3215,681,1,0,,1,,,544
147504,PW21_380,30,Sq. Yards,3212,298,3276,681,1,0,,1,,,544
147536,CD1B_E-49,30,Sq. Yards,3213,299,3279,692,1,0,,1,,,544
148138,SSPIII20_E-309,30,Sq. Yards,3202,288,3238,682,1,0,,1,,,544
148219,PW21_809,30,Sq. Yards,3212,298,3276,684,1,0,,1,,,544
148589,RW36A_E-297,30,Sq. Yards,3205,291,3252,683,1,0,,1,,,544
149138,RW18.2-3205,30,Sq. Yards,3208,294,3264,693,1,0,,1,,,544
149223,RW27.28.26PII_E-319,30,Sq. Yards,3205,291,3252,698,1,0,,1,,,544
149608,RW18.2-3374,30,Sq. Yards,3208,294,3264,683,1,0,,1,,,544
149876,RW18.2-2814,30,Sq. Yards,3208,294,3264,689,1,0,,1,,,544
150044,JG23_2234,30,Sq. Yards,3194,280,3200,691,1,0,,1,,,544
150729,JG22.2_E-432,30,Sq. Yards,3194,280,3200,683,1,0,,1,,,544
151061,JG22.1_E-40,30,Sq. Yards,3194,280,3200,1012,1,0,,1,,,544
151261,JG23_423,30,Sq. Yards,3194,280,3200,701,1,0,,1,,,544
151446,JG23_1272,30,Sq. Yards,3194,280,3200,696,1,0,,1,,,544
151546,CD9_E-471,30,Sq. Yards,3213,299,3279,683,1,0,,1,,,544
151831,RW27.28.26PII_E-1366,30,Sq. Yards,3205,291,3252,686,1,0,,1,,,544
152014,RW27.28.26PII_E-1051,30,Sq. Yards,3205,291,3252,690,1,0,,1,,,544
156290,JG22.2_E-703,30,Sq. Yards,3194,280,3200,695,1,0,,1,,,544
156513,JG23_2091,30,Sq. Yards,3194,280,3200,691,1,0,,1,,,544
157592,JG23_557,30,Sq. Yards,3194,280,3200,685,1,0,,1,,,544
157883,KN32_95,30,Sq. Yards,3197,283,3215,698,1,0,,1,,,544
157983,RW27.28.26PII_E-1172,30,Sq. Yards,3205,291,3252,686,1,0,,1,,,544
158687,RW27.28.26PII_E-1609,30,Sq. Yards,3205,291,3252,684,1,0,,1,,,544
159632,RW36A_E-222,30,Sq. Yards,3205,291,3252,682,1,0,,1,,,544
160257,RW27.28.26PII_E-474,30,Sq. Yards,3205,291,3252,686,1,0,,1,,,544
160268,JG23_1912,30,Sq. Yards,3194,280,3200,696,1,0,,1,,,544
160791,JG23_779,30,Sq. Yards,3194,280,3200,695,1,0,,1,,,544
161229,SSPIII20_E-219,30,Sq. Yards,3202,288,3238,681,1,0,,1,,,544
162072,JG23_773,30,Sq. Yards,3194,280,3200,696,1,0,,1,,,544
162672,CD1B_E-16,30,Sq. Yards,3213,299,3279,695,1,0,,1,,,544
147510,RW27.28.26PII_E-254,30,Sq. Yards,3205,291,3252,688,1,0,,1,,,544
147945,JG22.2_E-238,30,Sq. Yards,3194,280,3200,685,1,0,,1,,,544
148128,RW18.2-2725,30,Sq. Yards,3208,294,3264,685,1,0,,1,,,544
152593,PW21_788,30,Sq. Yards,3212,298,3276,710,1,0,,1,,,544
153375,JG23_761,30,Sq. Yards,3194,280,3200,694,1,0,,1,,,544
153443,PJ28.1_E-77,30,Sq. Yards,3192,278,3193,935,1,0,,1,,,544
153676,RW18.2-3196,30,Sq. Yards,3208,294,3264,688,1,0,,1,,,544
153943,PJ28.3_E-6,30,Sq. Yards,3192,278,3193,935,1,0,,1,,,544
154530,PW21_829,30,Sq. Yards,3212,298,3276,711,1,0,,1,,,544
154648,PWAP_E-319,30,Sq. Yards,3212,298,3276,928,1,0,,1,,,544
154812,JG23_1778,30,Sq. Yards,3194,280,3200,683,1,0,,1,,,544
154948,RK21.2_E-366,30,Sq. Yards,3205,291,3252,696,1,0,,1,,,544
155065,JG23_1470,30,Sq. Yards,3194,280,3200,690,1,0,,1,,,544
156101,SSPIII20_E-769,30,Sq. Yards,3202,288,3238,703,1,0,,1,,,544
156619,JG22.2_E-638,30,Sq. Yards,3194,280,3200,691,1,0,,1,,,544
156734,FD9_E-181,30,Sq. Yards,3201,287,3233,685,1,0,,1,,,544
157319,RW27.28.26PII_E-95,30,Sq. Yards,3205,291,3252,691,1,0,,1,,,544
157588,JG23_2159,30,Sq. Yards,3194,280,3200,683,1,0,,1,,,544
157605,FD9_E-32,30,Sq. Yards,3201,287,3233,704,1,0,,1,,,544
157637,JG24.2_E-81,30,Sq. Yards,3194,280,3200,692,1,0,,1,,,544
157770,PW21_470,30,Sq. Yards,3212,298,3276,709,1,0,,1,,,544
157888,PW21_77,30,Sq. Yards,3212,298,3276,686,1,0,,1,,,544
158809,PW21_883,30,Sq. Yards,3212,298,3276,685,1,0,,1,,,544
160127,KN9.32_E-47,30,Sq. Yards,3197,283,3215,687,1,0,,1,,,544
160213,JG23_1537,30,Sq. Yards,3194,280,3200,683,1,0,,1,,,544
161532,GO16_E-187,30,Sq. Yards,3199,285,3221,701,1,0,,1,,,544
162049,RW27.28.26PII_E-1188,30,Sq. Yards,3205,291,3252,682,1,0,,1,,,544
180351,RW18.2_3831,30,Sq. Yards,3208,294,3264,704,1,0,,1,,,544
149612,RW19.1_E-56,30,Sq. Yards,3208,294,3264,703,1,0,,1,,,544
149794,GO16_E-220,30,Sq. Yards,3199,285,3221,681,1,0,,1,,,544
153306,KN9.32_E-54,30,Sq. Yards,3197,283,3215,684,1,0,,1,,,544
155821,RW18.2-3078,30,Sq. Yards,3208,294,3264,708,1,0,,1,,,544
156407,MG9.10.2_E-10,30,Sq. Yards,3207,293,3259,681,1,0,,1,,,544
156832,JG23_1209,30,Sq. Yards,3194,280,3200,691,1,0,,1,,,544
157468,PW21_319,30,Sq. Yards,3212,298,3276,705,1,0,,1,,,544
158129,GO13.14_91,30,Sq. Yards,3199,285,3221,693,1,0,,1,,,544
158393,RK21.2_E-67,30,Sq. Yards,3205,291,3252,683,1,0,,1,,,544
158468,PWAP_E-438,30,Sq. Yards,3212,298,3276,689,1,0,,1,,,544
158486,JG22.2_E-140,30,Sq. Yards,3194,280,3200,696,1,0,,1,,,544
158536,JR6_E-317,30,Sq. Yards,3206,292,3257,683,1,0,,1,,,544
159715,RW18.2-2993,30,Sq. Yards,3208,294,3264,699,1,0,,1,,,544
160333,PW21_1107,30,Sq. Yards,3212,298,3276,774,1,0,,1,,,544
161630,MG9.10.3_E-140,30,Sq. Yards,3207,293,3259,689,1,0,,1,,,544
161962,RW18.2-2512,30,Sq. Yards,3208,294,3264,705,1,0,,1,,,544
161998,RW18.2-2499,30,Sq. Yards,3208,294,3264,689,1,0,,1,,,544
162312,PWAP_E-84,30,Sq. Yards,3212,298,3276,697,1,0,,1,,,544
147605,RW27.28.26PII_E-619,30,Sq. Yards,3205,291,3252,683,1,0,,1,,,544
148643,PW21_389,30,Sq. Yards,3212,298,3276,696,1,0,,1,,,544
148750,GO16_E-185,30,Sq. Yards,3199,285,3221,691,1,0,,1,,,544
148945,PJ28.2_E-15,30,Sq. Yards,3192,278,3193,687,1,0,,1,,,544
149120,JG22.2_E-718,30,Sq. Yards,3194,280,3200,681,1,0,,1,,,544
149413,JG23_2200,30,Sq. Yards,3194,280,3200,684,1,0,,1,,,544
154409,SD8_E-69,30,Sq. Yards,3200,286,3230,694,1,0,,1,,,544
155945,JG23_364,30,Sq. Yards,3194,280,3200,695,1,0,,1,,,544
156054,RW18.2-3623,30,Sq. Yards,3208,294,3264,708,1,0,,1,,,544
156983,RW27.28.26PII_E-6,30,Sq. Yards,3205,291,3252,682,1,0,,1,,,544
158196,RW18.2-2374,30,Sq. Yards,3208,294,3264,708,1,0,,1,,,544
158530,JG23_1604,30,Sq. Yards,3194,280,3200,690,1,0,,1,,,544
158694,RW27.28.26PII_E-1073,30,Sq. Yards,3205,291,3252,690,1,0,,1,,,544
158923,RW18.2-3271,30,Sq. Yards,3208,294,3264,681,1,0,,1,,,544
159030,PW21_326,30,Sq. Yards,3212,298,3276,686,1,0,,1,,,544
159121,KN9.32_E-159,30,Sq. Yards,3197,283,3215,692,1,0,,1,,,544
159155,GO13.14_118,30,Sq. Yards,3199,285,3221,703,1,0,,1,,,544
160691,RW18.2-3704,30,Sq. Yards,3208,294,3264,707,1,0,,1,,,544
160866,RW18.2-2550,30,Sq. Yards,3208,294,3264,681,1,0,,1,,,544
161302,RW27.28.26PII_E-1407,30,Sq. Yards,3205,291,3252,684,1,0,,1,,,544
161829,RW18.2-2840,30,Sq. Yards,3208,294,3264,684,1,0,,1,,,544
162372,KN32_305,30,Sq. Yards,3197,283,3215,692,1,0,,1,,,544
162506,CD9_E-13,30,Sq. Yards,3213,299,3279,696,1,0,,1,,,544
148614,RW18.2-3305,30,Sq. Yards,3208,294,3264,698,1,0,,1,,,544
149282,SSPIII20_E-91,30,Sq. Yards,3202,288,3238,701,1,0,,1,,,544
149382,KN9.32_E-123,30,Sq. Yards,3197,283,3215,687,1,0,,1,,,544
150035,JG23_1917,30,Sq. Yards,3194,280,3200,691,1,0,,1,,,544
151021,RW27.28.26PII_E-633,30,Sq. Yards,3205,291,3252,686,1,0,,1,,,544
151657,JG22.2_E-534,30,Sq. Yards,3194,280,3200,692,1,0,,1,,,544
151804,RW27.28.26PII_E-458,30,Sq. Yards,3205,291,3252,695,1,0,,1,,,544
152858,RW18.2-2653,30,Sq. Yards,3208,294,3264,707,1,0,,1,,,544
153026,KN32_282,30,Sq. Yards,3197,283,3215,681,1,0,,1,,,544
153461,RW36A_E-237,30,Sq. Yards,3205,291,3252,690,1,0,,1,,,544
154915,PW21_659,30,Sq. Yards,3212,298,3276,709,1,0,,1,,,544
155501,JG22.2_E-159,30,Sq. Yards,3194,280,3200,697,1,0,,1,,,544
155915,RW18.1_E-161,30,Sq. Yards,3208,294,3264,688,1,0,,1,,,544
156569,RW27.28.26PII_E-1692,30,Sq. Yards,3205,291,3252,681,1,0,,1,,,544
157088,JR6_E-363,30,Sq. Yards,3206,292,3257,694,1,0,,1,,,544
158609,FD9_E-5,30,Sq. Yards,3201,287,3233,698,1,0,,1,,,544
158941,RW18.2-3198,30,Sq. Yards,3208,294,3264,689,1,0,,1,,,544
159209,JG23_508,30,Sq. Yards,3194,280,3200,701,1,0,,1,,,544
159542,RK21.2_E-569,30,Sq. Yards,3205,291,3252,688,1,0,,1,,,544
160413,RW18.2-2086,30,Sq. Yards,3208,294,3264,689,1,0,,1,,,544
147847,JG23_1026,30,Sq. Yards,3194,280,3200,686,1,0,,1,,,544
148033,JG23_1517,30,Sq. Yards,3194,280,3200,689,1,0,,1,,,544
148801,GO16_E-218,30,Sq. Yards,3199,285,3221,698,1,0,,1,,,544
148937,KN32_51,30,Sq. Yards,3197,283,3215,682,1,0,,1,,,544
149355,RW18.2-3112,30,Sq. Yards,3208,294,3264,695,1,0,,1,,,544
150037,JG23_1626,30,Sq. Yards,3194,280,3200,695,1,0,,1,,,544
150548,RK21.2_E-378,30,Sq. Yards,3205,291,3252,690,1,0,,1,,,544
152252,RW27.28.26PII_E-350,30,Sq. Yards,3205,291,3252,683,1,0,,1,,,544
153238,JG23_2045,30,Sq. Yards,3194,280,3200,685,1,0,,1,,,544
153288,PWAP_E-407,30,Sq. Yards,3212,298,3276,709,1,0,,1,,,544
153717,PWAP_E-231,30,Sq. Yards,3212,298,3276,685,1,0,,1,,,544
154242,JG22.2_E-300,30,Sq. Yards,3194,280,3200,681,1,0,,1,,,544
154349,RW18.2-2425,30,Sq. Yards,3208,294,3264,693,1,0,,1,,,544
154542,RK21.2_E-445,30,Sq. Yards,3205,291,3252,682,1,0,,1,,,544
154753,RW19.1_E-10,30,Sq. Yards,3208,294,3264,697,1,0,,1,,,544
156914,PWAP_E-358,30,Sq. Yards,3212,298,3276,688,1,0,,1,,,544
158329,KN32_243,30,Sq. Yards,3197,283,3215,687,1,0,,1,,,544
158836,JG22.2_E-446,30,Sq. Yards,3194,280,3200,684,1,0,,1,,,544
159490,PW21_925,30,Sq. Yards,3212,298,3276,684,1,0,,1,,,544
160176,RW27.28.26PII_E-1605,30,Sq. Yards,3205,291,3252,685,1,0,,1,,,544
161376,JR6_E-341,30,Sq. Yards,3206,292,3257,684,1,0,,1,,,544
161980,RW18.2-2537,30,Sq. Yards,3208,294,3264,692,1,0,,1,,,544
162187,RW19.1_E-81,30,Sq. Yards,3208,294,3264,689,1,0,,1,,,544
148182,GO16_E-34,30,Sq. Yards,3199,285,3221,683,1,0,,1,,,544
148377,JG23_709,30,Sq. Yards,3194,280,3200,695,1,0,,1,,,544
148850,SSPIII20_E-673,30,Sq. Yards,3202,288,3238,709,1,0,,1,,,544
148950,RW18.2-2320,30,Sq. Yards,3208,294,3264,694,1,0,,1,,,544
152778,RW18.2-3284,30,Sq. Yards,3208,294,3264,703,1,0,,1,,,544
154150,PW21_203,30,Sq. Yards,3212,298,3276,681,1,0,,1,,,544
155688,JG23_345,30,Sq. Yards,3194,280,3200,697,1,0,,1,,,544
156288,PJ28.1_E-187,30,Sq. Yards,3192,278,3193,935,1,0,,1,,,544
156713,JR6_E-44,30,Sq. Yards,3206,292,3257,695,1,0,,1,,,544
156958,JG23_1950,30,Sq. Yards,3194,280,3200,687,1,0,,1,,,544
157449,RK5_E-146,30,Sq. Yards,3205,291,3252,694,1,0,,1,,,544
158128,JG23_2281,30,Sq. Yards,3194,280,3200,684,1,0,,1,,,544
158630,PW21_391,30,Sq. Yards,3212,298,3276,709,1,0,,1,,,544
158889,RW27.28.26PII_E-437,30,Sq. Yards,3205,291,3252,686,1,0,,1,,,544
158987,JR6_E-477,30,Sq. Yards,3206,292,3257,696,1,0,,1,,,544
159128,JG23_1654,30,Sq. Yards,3194,280,3200,681,1,0,,1,,,544
159396,SSPIII20_E-9,30,Sq. Yards,3202,288,3238,681,1,0,,1,,,544
159589,SD8_E-141,30,Sq. Yards,3200,286,3230,695,1,0,,1,,,544
159832,JG22.2_E-260,30,Sq. Yards,3194,280,3200,702,1,0,,1,,,544
160368,JR9PII_E-18,30,Sq. Yards,3206,292,3257,695,1,0,,1,,,544
160468,FD9_E-61,30,Sq. Yards,3201,287,3233,690,1,0,,1,,,544
161727,RW18.2-2368,30,Sq. Yards,3208,294,3264,699,1,0,,1,,,544
161772,CD9_E-184,30,Sq. Yards,3213,299,3279,681,1,0,,1,,,544
161906,SSPIII20_E-126,30,Sq. Yards,3202,288,3238,692,1,0,,1,,,544
162004,JR6_E-23,30,Sq. Yards,3206,292,3257,697,1,0,,1,,,544
148095,KN9.32_E-134,30,Sq. Yards,3197,283,3215,696,1,0,,1,,,544
148181,PW21_486,30,Sq. Yards,3212,298,3276,706,1,0,,1,,,544
149131,GO13.14_261,30,Sq. Yards,3199,285,3221,691,1,0,,1,,,544
149514,JG22.2_E-468,30,Sq. Yards,3194,280,3200,681,1,0,,1,,,544
149549,RW18.2-2865,30,Sq. Yards,3208,294,3264,704,1,0,,1,,,544
149735,PWAP_E-290,30,Sq. Yards,3212,298,3276,683,1,0,,1,,,544
150350,RW18.2-2790,30,Sq. Yards,3208,294,3264,681,1,0,,1,,,544
150686,RW27.28.26PII_E-989,30,Sq. Yards,3205,291,3252,683,1,0,,1,,,544
150985,RW27.28.26PII_E-1365,30,Sq. Yards,3205,291,3252,702,1,0,,1,,,544
150986,SSPIII20_E-127,30,Sq. Yards,3202,288,3238,706,1,0,,1,,,544
151722,JG22.1_E-132,30,Sq. Yards,3194,280,3200,683,1,0,,1,,,544
151807,PWAP_E-332,30,Sq. Yards,3212,298,3276,835,1,0,,1,,,544
152690,RW27.28.26PII_E-899,30,Sq. Yards,3205,291,3252,690,1,0,,1,,,544
152893,RW18.2-3544,30,Sq. Yards,3208,294,3264,703,1,0,,1,,,544
153358,JG23_597,30,Sq. Yards,3194,280,3200,1055,1,0,,1,,,544
153393,SD8_E-22,30,Sq. Yards,3200,286,3230,697,1,0,,1,,,544
153411,RW27.28.26PII_E-1624,30,Sq. Yards,3205,291,3252,684,1,0,,1,,,544
153844,MG9.10.3_E-339,30,Sq. Yards,3207,293,3259,686,1,0,,1,,,544
154012,PWAP_E-110,30,Sq. Yards,3212,298,3276,701,1,0,,1,,,544
155465,RW18.2-3501,30,Sq. Yards,3208,294,3264,684,1,0,,1,,,544
156002,RW27.28.26PII_E-344,30,Sq. Yards,3205,291,3252,683,1,0,,1,,,544
156351,JR6_E-362,30,Sq. Yards,3206,292,3257,684,1,0,,1,,,544
158810,GO16_E-326,30,Sq. Yards,3199,285,3221,691,1,0,,1,,,544
159910,RW27.28.26PII_E-652,30,Sq. Yards,3205,291,3252,692,1,0,,1,,,544
160714,JG24.2_E-54,30,Sq. Yards,3194,280,3200,683,1,0,,1,,,544
160732,JG22.2_E-317,30,Sq. Yards,3194,280,3200,691,1,0,,1,,,544
161350,PWAP_E-427,30,Sq. Yards,3212,298,3276,684,1,0,,1,,,544
162300,JG22.2_E-607,30,Sq. Yards,3194,280,3200,1047,1,0,,1,,,544
147683,PWAP_E-417,30,Sq. Yards,3212,298,3276,695,1,0,,1,,,544
148208,RW27.28.26PII_E-265,30,Sq. Yards,3205,291,3252,690,1,0,,1,,,544
149480,PWAP_E-162,30,Sq. Yards,3212,298,3276,684,1,0,,1,,,544
149687,JG22.2_E-31,30,Sq. Yards,3194,280,3200,685,1,0,,1,,,544
149912,MG9.10.3_E-233,30,Sq. Yards,3207,293,3259,691,1,0,,1,,,544
150498,RW18.1_E-144,30,Sq. Yards,3208,294,3264,683,1,0,,1,,,544
151241,KN32_290,30,Sq. Yards,3197,283,3215,975,1,0,,1,,,544
151359,FD9_E-127,30,Sq. Yards,3201,287,3233,702,1,0,,1,,,544
151877,RW36A_E-50,30,Sq. Yards,3205,291,3252,690,1,0,,1,,,544
152956,PW21_1083,30,Sq. Yards,3212,298,3276,768,1,0,,1,,,544
153356,RK21.2_E-150,30,Sq. Yards,3205,291,3252,686,1,0,,1,,,544
153574,RW36A_E-185,30,Sq. Yards,3205,291,3252,686,1,0,,1,,,544
153631,PW21_60,30,Sq. Yards,3212,298,3276,685,1,0,,1,,,544
153806,RW36A_E-164,30,Sq. Yards,3205,291,3252,684,1,0,,1,,,544
157157,PWAP_E-169,30,Sq. Yards,3212,298,3276,921,1,0,,1,,,544
152869,PJ28.1_E-48,30,Sq. Yards,3192,278,3193,689,1,0,,1,,,544
152880,PJ28.3_E-97,30,Sq. Yards,3192,278,3193,681,1,0,,1,,,544
152948,RK5_E-276,30,Sq. Yards,3205,291,3252,683,1,0,,1,,,544
153707,SD8_E-36,30,Sq. Yards,3200,286,3230,684,1,0,,1,,,544
154109,JG23_2071,30,Sq. Yards,3194,280,3200,699,1,0,,1,,,544
154148,RW27.28.26PII_E-842,30,Sq. Yards,3205,291,3252,698,1,0,,1,,,544
154816,CD9_E-279,30,Sq. Yards,3213,299,3279,699,1,0,,1,,,544
155079,KN32_333,30,Sq. Yards,3197,283,3215,700,1,0,,1,,,544
155109,KN9.32_E-3,30,Sq. Yards,3197,283,3215,955,1,0,,1,,,544
156481,JG24.1_E-14,30,Sq. Yards,3194,280,3200,681,1,0,,1,,,544
156881,KN32_324,30,Sq. Yards,3197,283,3215,975,1,0,,1,,,544
157928,RW18.2-3530,30,Sq. Yards,3208,294,3264,704,1,0,,1,,,544
158721,CD9_E-143,30,Sq. Yards,3213,299,3279,691,1,0,,1,,,544
159028,RW27.28.26PII_E-509,30,Sq. Yards,3205,291,3252,685,1,0,,1,,,544
159157,GO16_E-55,30,Sq. Yards,3199,285,3221,697,1,0,,1,,,544
159866,RW27.28.26PII_E-1025,30,Sq. Yards,3205,291,3252,681,1,0,,1,,,544
159966,SSPIII20_E-612,30,Sq. Yards,3202,288,3238,707,1,0,,1,,,544
160100,CD9_E-477,30,Sq. Yards,3213,299,3279,683,1,0,,1,,,544
160366,RW27.28.26PII_E-1299,30,Sq. Yards,3205,291,3252,684,1,0,,1,,,544
160423,RW18.1_E-119,30,Sq. Yards,3208,294,3264,690,1,0,,1,,,544
160625,RK21.2_E-487,30,Sq. Yards,3205,291,3252,686,1,0,,1,,,544
161025,RW18.2-2782,30,Sq. Yards,3208,294,3264,683,1,0,,1,,,544
161161,SSPIII20_E-656,30,Sq. Yards,3202,288,3238,692,1,0,,1,,,544
161672,RW19.1_E-114,30,Sq. Yards,3208,294,3264,681,1,0,,1,,,544
162172,JG23_2039,30,Sq. Yards,3194,280,3200,684,1,0,,1,,,544
162706,PWAP_E-424,30,Sq. Yards,3212,298,3276,698,1,0,,1,,,544
147563,RK5_E-266,30,Sq. Yards,3205,291,3252,683,1,0,,1,,,544
148885,RW19.1_E-15,30,Sq. Yards,3208,294,3264,689,1,0,,1,,,544
148928,RW27.28.26PII_E-418,30,Sq. Yards,3205,291,3252,690,1,0,,1,,,544
148942,JG23_952,30,Sq. Yards,3194,280,3200,690,1,0,,1,,,544
149228,MG9.10.3_E-152,30,Sq. Yards,3207,293,3259,683,1,0,,1,,,544
149596,JG23_1940,30,Sq. Yards,3194,280,3200,702,1,0,,1,,,544
150600,JR9PII_E-153,30,Sq. Yards,3206,292,3257,690,1,0,,1,,,544
150700,GO13.14_198,30,Sq. Yards,3199,285,3221,682,1,0,,1,,,544
150725,RW27.28.26PII_E-1276,30,Sq. Yards,3205,291,3252,688,1,0,,1,,,544
151493,JG23_891,30,Sq. Yards,3194,280,3200,688,1,0,,1,,,544
151686,JG23_2285,30,Sq. Yards,3194,280,3200,1047,1,0,,1,,,544
151743,PJ28.1_E-177,30,Sq. Yards,3192,278,3193,944,1,0,,1,,,544
153011,RW18.2-2871,30,Sq. Yards,3208,294,3264,704,1,0,,1,,,544
153072,GO16_E-169,30,Sq. Yards,3199,285,3221,703,1,0,,1,,,544
154376,SD8_E-253,30,Sq. Yards,3200,286,3230,681,1,0,,1,,,544
155037,RW27.28.26PII_E-691,30,Sq. Yards,3205,291,3252,697,1,0,,1,,,544
155069,KN9.32_E-56,30,Sq. Yards,3197,283,3215,696,1,0,,1,,,544
155119,RW18.2-3237,30,Sq. Yards,3208,294,3264,685,1,0,,1,,,544
155176,RW18.2-3618,30,Sq. Yards,3208,294,3264,685,1,0,,1,,,544
158252,RW27.28.26PII_E-1186,30,Sq. Yards,3205,291,3252,681,1,0,,1,,,544
158327,JG22.2_E-291,30,Sq. Yards,3194,280,3200,685,1,0,,1,,,544
161503,RW27.28.26PII_E-2,30,Sq. Yards,3205,291,3252,686,1,0,,1,,,544
148321,RW18.2-3267,30,Sq. Yards,3208,294,3264,687,1,0,,1,,,544
148440,CD9_E-157,30,Sq. Yards,3213,299,3279,691,1,0,,1,,,544
149640,RK21.2_E-602,30,Sq. Yards,3205,291,3252,688,1,0,,1,,,544
150093,JG23_1928,30,Sq. Yards,3194,280,3200,682,1,0,,1,,,544
150208,RW18.2-3692,30,Sq. Yards,3208,294,3264,700,1,0,,1,,,544
150910,RW36A_E-149,30,Sq. Yards,3205,291,3252,681,1,0,,1,,,544
151227,RW27.28.26PII_E-41,30,Sq. Yards,3205,291,3252,685,1,0,,1,,,544
152231,RW18.2-2927,30,Sq. Yards,3208,294,3264,703,1,0,,1,,,544
152765,JR9PII_E-243,30,Sq. Yards,3206,292,3257,682,1,0,,1,,,544
152801,RW18.2-2921,30,Sq. Yards,3208,294,3264,708,1,0,,1,,,544
152833,RW27.28.26PII_E-382,30,Sq. Yards,3205,291,3252,681,1,0,,1,,,544
152969,GO16_E-79,30,Sq. Yards,3199,285,3221,681,1,0,,1,,,544
154239,JR6_E-273,30,Sq. Yards,3206,292,3257,686,1,0,,1,,,544
154254,RW27.28.26PII_E-1206,30,Sq. Yards,3205,291,3252,701,1,0,,1,,,544
155943,RW18.2-2033,30,Sq. Yards,3208,294,3264,708,1,0,,1,,,544
156228,RW27.28.26PII_E-578,30,Sq. Yards,3205,291,3252,685,1,0,,1,,,544
147566,CD9_E-385,30,Sq. Yards,3213,299,3279,690,1,0,,1,,,544
148561,JG23_1521,30,Sq. Yards,3194,280,3200,685,1,0,,1,,,544
148661,JG23_1663,30,Sq. Yards,3194,280,3200,685,1,0,,1,,,544
149472,KN32_354,30,Sq. Yards,3197,283,3215,682,1,0,,1,,,544
151065,SSPIII20_E-791,30,Sq. Yards,3202,288,3238,682,1,0,,1,,,544
151076,JG23_1063,30,Sq. Yards,3194,280,3200,705,1,0,,1,,,544
151142,KN9.32_E-82,30,Sq. Yards,3197,283,3215,682,1,0,,1,,,544
151810,JG23_2272,30,Sq. Yards,3194,280,3200,689,1,0,,1,,,544
151903,MG9.10.3_E-366,30,Sq. Yards,3207,293,3259,687,1,0,,1,,,544
152446,JR6_E-386,30,Sq. Yards,3206,292,3257,682,1,0,,1,,,544
152510,RW27.28.26PII_E-1004,30,Sq. Yards,3205,291,3252,686,1,0,,1,,,544
152512,RW19.1_E-22,30,Sq. Yards,3208,294,3264,706,1,0,,1,,,544
154950,RK5_E-339,30,Sq. Yards,3205,291,3252,687,1,0,,1,,,544
155318,RW36A_E-214,30,Sq. Yards,3205,291,3252,692,1,0,,1,,,544
155820,RW18.2-3529,30,Sq. Yards,3208,294,3264,688,1,0,,1,,,544
157826,RW19.2_E-30,30,Sq. Yards,3208,294,3264,695,1,0,,1,,,544
158453,JG23_1975,30,Sq. Yards,3194,280,3200,681,1,0,,1,,,544
159289,RW18.2-2701,30,Sq. Yards,3208,294,3264,705,1,0,,1,,,544
159491,RK21.2_E-155,30,Sq. Yards,3205,291,3252,682,1,0,,1,,,544
161059,RW18.2-2989,30,Sq. Yards,3208,294,3264,692,1,0,,1,,,544
161234,RW18.1_E-113,30,Sq. Yards,3208,294,3264,684,1,0,,1,,,544
161729,PJ28.3_E-198,30,Sq. Yards,3192,278,3193,935,1,0,,1,,,544
162463,PW21_732,30,Sq. Yards,3212,298,3276,691,1,0,,1,,,544
148010,RW27.28.26PII_E-833,30,Sq. Yards,3205,291,3252,693,1,0,,1,,,544
149767,RW18.2-2384,30,Sq. Yards,3208,294,3264,703,1,0,,1,,,544
150032,JG23_1022,30,Sq. Yards,3194,280,3200,702,1,0,,1,,,544
150050,RK21.2_E-87,30,Sq. Yards,3205,291,3252,684,1,0,,1,,,544
150086,JG23_1908,30,Sq. Yards,3194,280,3200,695,1,0,,1,,,544
150517,MG9.10.3_E-136,30,Sq. Yards,3207,293,3259,693,1,0,,1,,,544
152408,GO13.14_234,30,Sq. Yards,3199,285,3221,701,1,0,,1,,,544
152590,MG9.10.3_E-73,30,Sq. Yards,3207,293,3259,689,1,0,,1,,,544
153412,RW27.28.26PII_E-1154,30,Sq. Yards,3205,291,3252,690,1,0,,1,,,544
154998,RW27.28.26PII_E-470,30,Sq. Yards,3205,291,3252,698,1,0,,1,,,544
157755,GO16_E-294,30,Sq. Yards,3199,285,3221,697,1,0,,1,,,544
157774,PW21_752,30,Sq. Yards,3212,298,3276,695,1,0,,1,,,544
159110,RW27.28.26PII_E-513,30,Sq. Yards,3205,291,3252,690,1,0,,1,,,544
159309,JG23_2118,30,Sq. Yards,3194,280,3200,1020,1,0,,1,,,544
159877,RW18.2-3091,30,Sq. Yards,3208,294,3264,690,1,0,,1,,,544
160646,PW21_717,30,Sq. Yards,3212,298,3276,710,1,0,,1,,,544
160664,PW21_70,30,Sq. Yards,3212,298,3276,707,1,0,,1,,,544
160731,RK5_E-114,30,Sq. Yards,3205,291,3252,698,1,0,,1,,,544
161614,CD1B_E-129,30,Sq. Yards,3213,299,3279,699,1,0,,1,,,544
147951,SSPIII20_E-79,30,Sq. Yards,3202,288,3238,706,1,0,,1,,,544
149162,RW27.28.26PII_E-522,30,Sq. Yards,3205,291,3252,687,1,0,,1,,,544
149655,RW27.28.26PII_E-21,30,Sq. Yards,3205,291,3252,688,1,0,,1,,,544
150366,RW27.28.26PII_E-345,30,Sq. Yards,3205,291,3252,689,1,0,,1,,,544
150691,PW21_279,30,Sq. Yards,3212,298,3276,689,1,0,,1,,,544
151034,FD9_E-62,30,Sq. Yards,3201,287,3233,682,1,0,,1,,,544
151041,RW36A_E-123,30,Sq. Yards,3205,291,3252,681,1,0,,1,,,544
151809,RW18.2-3462,30,Sq. Yards,3208,294,3264,698,1,0,,1,,,544
152313,PW21_24,30,Sq. Yards,3212,298,3276,707,1,0,,1,,,544
152863,JR6_E-229,30,Sq. Yards,3206,292,3257,685,1,0,,1,,,544
153220,JR6_E-146,30,Sq. Yards,3206,292,3257,688,1,0,,1,,,544
154410,RW18.2-3651,30,Sq. Yards,3208,294,3264,681,1,0,,1,,,544
154535,JG23_790,30,Sq. Yards,3194,280,3200,1047,1,0,,1,,,544
155928,CD9_E-193,30,Sq. Yards,3213,299,3279,695,1,0,,1,,,544
155953,JG22.1_E-60,30,Sq. Yards,3194,280,3200,696,1,0,,1,,,544
156546,RK5_E-107,30,Sq. Yards,3205,291,3252,688,1,0,,1,,,544
157132,GO13.14_199,30,Sq. Yards,3199,285,3221,682,1,0,,1,,,544
157250,PW21_232,30,Sq. Yards,3212,298,3276,702,1,0,,1,,,544
157582,JG23_511,30,Sq. Yards,3194,280,3200,690,1,0,,1,,,544
159086,SSPIII20_E-275,30,Sq. Yards,3202,288,3238,766,1,0,,1,,,544
159322,RK5_E-231,30,Sq. Yards,3205,291,3252,700,1,0,,1,,,544
159997,JAJ_E-55,30,Sq. Yards,3200,286,3229,691,1,0,,1,,,544
160451,RK21.2_E-454,30,Sq. Yards,3205,291,3252,689,1,0,,1,,,544
153774,SSPIII20_E-604,30,Sq. Yards,3202,288,3238,688,1,0,,1,,,544
153917,SSPIII20_E-58,30,Sq. Yards,3202,288,3238,702,1,0,,1,,,544
155660,JG22.2_E-108,30,Sq. Yards,3194,280,3200,696,1,0,,1,,,544
157493,JR9PII_E-123,30,Sq. Yards,3206,292,3257,696,1,0,,1,,,544
157886,SSPIII20_E-679,30,Sq. Yards,3202,288,3238,685,1,0,,1,,,544
158572,GO16_E-60,30,Sq. Yards,3199,285,3221,688,1,0,,1,,,544
159422,RW18.2-3058,30,Sq. Yards,3208,294,3264,708,1,0,,1,,,544
160201,RK21.2_E-632,30,Sq. Yards,3205,291,3252,683,1,0,,1,,,544
160376,PJ28.3_E-76,30,Sq. Yards,3192,278,3193,691,1,0,,1,,,544
161037,RW18.2-2422,30,Sq. Yards,3208,294,3264,703,1,0,,1,,,544
161151,JR6_E-79,30,Sq. Yards,3206,292,3257,693,1,0,,1,,,544
161319,RK5_E-190,30,Sq. Yards,3205,291,3252,690,1,0,,1,,,544
161519,JG23_2237,30,Sq. Yards,3194,280,3200,681,1,0,,1,,,544
161787,RK21.2_E-305,30,Sq. Yards,3205,291,3252,702,1,0,,1,,,544
162348,RK21.2_E-204,30,Sq. Yards,3205,291,3252,686,1,0,,1,,,544
147916,RW27.28.26PII_E-535,30,Sq. Yards,3205,291,3252,700,1,0,,1,,,544
148909,PW21_527,30,Sq. Yards,3212,298,3276,696,1,0,,1,,,544
149118,KN32_335,30,Sq. Yards,3197,283,3215,681,1,0,,1,,,544
150315,JG22.2_E-657,30,Sq. Yards,3194,280,3200,686,1,0,,1,,,544
150488,RW18.2-2742,30,Sq. Yards,3208,294,3264,682,1,0,,1,,,544
150513,RW27.28.26PII_E-1164,30,Sq. Yards,3205,291,3252,681,1,0,,1,,,544
151449,JR9PII_E-268,30,Sq. Yards,3206,292,3257,684,1,0,,1,,,544
151649,RW27.28.26PII_E-710,30,Sq. Yards,3205,291,3252,695,1,0,,1,,,544
151651,JR6_E-104,30,Sq. Yards,3206,292,3257,682,1,0,,1,,,544
152053,KN32_352,30,Sq. Yards,3197,283,3215,696,1,0,,1,,,544
152664,JG23_1435,30,Sq. Yards,3194,280,3200,685,1,0,,1,,,544
153262,RW27.28.26PII_E-919,30,Sq. Yards,3205,291,3252,690,1,0,,1,,,544
153455,RW27.28.26PII_E-96,30,Sq. Yards,3205,291,3252,690,1,0,,1,,,544
154391,JG23_1271,30,Sq. Yards,3194,280,3200,688,1,0,,1,,,544
155095,SD8_E-255,30,Sq. Yards,3200,286,3230,681,1,0,,1,,,544
155234,RK21.2_E-516,30,Sq. Yards,3205,291,3252,690,1,0,,1,,,544
155604,RW27.28.26PII_E-451,30,Sq. Yards,3205,291,3252,683,1,0,,1,,,544
155797,CD9_E-252,30,Sq. Yards,3213,299,3279,692,1,0,,1,,,544
156170,JG22.2_E-598,30,Sq. Yards,3194,280,3200,691,1,0,,1,,,544
156940,RW27.28.26PII_E-1532,30,Sq. Yards,3205,291,3252,685,1,0,,1,,,544
157042,JG23_1458,30,Sq. Yards,3194,280,3200,696,1,0,,1,,,544
157274,MG9.10.3_E-47,30,Sq. Yards,3207,293,3259,690,1,0,,1,,,544
157365,JG22.2_E-733,30,Sq. Yards,3194,280,3200,685,1,0,,1,,,544
157976,JG23_539,30,Sq. Yards,3194,280,3200,681,1,0,,1,,,544
158142,KN9.32_E-162,30,Sq. Yards,3197,283,3215,692,1,0,,1,,,544
158446,RW27.28.26PII_E-98,30,Sq. Yards,3205,291,3252,690,1,0,,1,,,544
158471,JR9PII_E-240,30,Sq. Yards,3206,292,3257,684,1,0,,1,,,544
159148,JG23_1541,30,Sq. Yards,3194,280,3200,690,1,0,,1,,,544
159280,CD9_E-37,30,Sq. Yards,3213,299,3279,687,1,0,,1,,,544
159337,RW18.2-2833,30,Sq. Yards,3208,294,3264,683,1,0,,1,,,544
159514,RK21.2_E-288,30,Sq. Yards,3205,291,3252,683,1,0,,1,,,544
159582,GO13.14_84,30,Sq. Yards,3199,285,3221,692,1,0,,1,,,544
159950,SSPIII20_E-716,30,Sq. Yards,3202,288,3238,693,1,0,,1,,,544
161477,JR6_E-219,30,Sq. Yards,3206,292,3257,699,1,0,,1,,,544
161881,FD9_E-191,30,Sq. Yards,3201,287,3233,681,1,0,,1,,,544
147751,GO13.14_102,30,Sq. Yards,3199,285,3221,686,1,0,,1,,,544
148521,RW19.2_E-87,30,Sq. Yards,3208,294,3264,705,1,0,,1,,,544
149891,JR9_E-47,30,Sq. Yards,3206,292,3257,685,1,0,,1,,,544
150342,JR6_E-230,30,Sq. Yards,3206,292,3257,684,1,0,,1,,,544
150444,JG22.1_E-113,30,Sq. Yards,3194,280,3200,681,1,0,,1,,,544
150612,RW18.2-3206,30,Sq. Yards,3208,294,3264,697,1,0,,1,,,544
150746,JR6_E-307,30,Sq. Yards,3206,292,3257,693,1,0,,1,,,544
150778,FD9_E-94,30,Sq. Yards,3201,287,3233,700,1,0,,1,,,544
151431,RW36A_E-78,30,Sq. Yards,3205,291,3252,686,1,0,,1,,,544
151916,JG23_287,30,Sq. Yards,3194,280,3200,698,1,0,,1,,,544
151929,RW27.28.26PII_E-1238,30,Sq. Yards,3205,291,3252,685,1,0,,1,,,544
152167,RW18.2-2209,30,Sq. Yards,3208,294,3264,708,1,0,,1,,,544
153852,RW27.28.26PII_E-139,30,Sq. Yards,3205,291,3252,689,1,0,,1,,,544
154369,JR6_E-103,30,Sq. Yards,3206,292,3257,683,1,0,,1,,,544
149978,RW27.28.26PII_E-1282,30,Sq. Yards,3205,291,3252,700,1,0,,1,,,544
150414,CD9_E-141,30,Sq. Yards,3213,299,3279,681,1,0,,1,,,544
152829,JG23_706,30,Sq. Yards,3194,280,3200,681,1,0,,1,,,544
153247,RK5_E-333,30,Sq. Yards,3205,291,3252,691,1,0,,1,,,544
153429,JG23_527,30,Sq. Yards,3194,280,3200,1024,1,0,,1,,,544
153815,JG23_300,30,Sq. Yards,3194,280,3200,682,1,0,,1,,,544
153872,PW21_630,30,Sq. Yards,3212,298,3276,697,1,0,,1,,,544
155276,SSPIII20_E-315,30,Sq. Yards,3202,288,3238,692,1,0,,1,,,544
155312,JG23_1511,30,Sq. Yards,3194,280,3200,687,1,0,,1,,,544
155362,RK5_E-302,30,Sq. Yards,3205,291,3252,689,1,0,,1,,,544
155405,JR9PII_E-15,30,Sq. Yards,3206,292,3257,681,1,0,,1,,,544
156391,PW21_1046,30,Sq. Yards,3212,298,3276,685,1,0,,1,,,544
157391,RW19.1_E-96,30,Sq. Yards,3208,294,3264,685,1,0,,1,,,544
157834,RK21.2_E-133,30,Sq. Yards,3205,291,3252,683,1,0,,1,,,544
158538,RW18.2-2652,30,Sq. Yards,3208,294,3264,700,1,0,,1,,,544
161321,PJ28.3_E-27,30,Sq. Yards,3192,278,3193,962,1,0,,1,,,544
162364,JR6_E-197,30,Sq. Yards,3206,292,3257,689,1,0,,1,,,544
162382,RW27.28.26PII_E-179,30,Sq. Yards,3205,291,3252,702,1,0,,1,,,544
162521,JG23_1028,30,Sq. Yards,3194,280,3200,702,1,0,,1,,,544
147972,JG23_2213,30,Sq. Yards,3194,280,3200,691,1,0,,1,,,544
148406,PW21_685,30,Sq. Yards,3212,298,3276,705,1,0,,1,,,544
149459,RW18.2-2343,30,Sq. Yards,3208,294,3264,709,1,0,,1,,,544
149827,RK21.2_E-100,30,Sq. Yards,3205,291,3252,700,1,0,,1,,,544
150025,RW18.2-2020,30,Sq. Yards,3208,294,3264,687,1,0,,1,,,544
150278,JG23_1790,30,Sq. Yards,3194,280,3200,686,1,0,,1,,,544
151397,PW21_577,30,Sq. Yards,3212,298,3276,709,1,0,,1,,,544
151699,PW21_790,30,Sq. Yards,3212,298,3276,689,1,0,,1,,,544
151931,JG22.2_E-407,30,Sq. Yards,3194,280,3200,681,1,0,,1,,,544
151948,RK21.2_E-176,30,Sq. Yards,3205,291,3252,684,1,0,,1,,,544
153286,JG23_980,30,Sq. Yards,3194,280,3200,688,1,0,,1,,,544
153450,PW21_185,30,Sq. Yards,3212,298,3276,706,1,0,,1,,,544
154022,SSPIII20_E-262,30,Sq. Yards,3202,288,3238,704,1,0,,1,,,544
154722,JG23_1127,30,Sq. Yards,3194,280,3200,702,1,0,,1,,,544
155441,PWAP_E-445,30,Sq. Yards,3212,298,3276,689,1,0,,1,,,544
155843,RW18.2-3830,30,Sq. Yards,3208,294,3264,704,1,0,,1,,,544
156241,RW18.2-3492,30,Sq. Yards,3208,294,3264,704,1,0,,1,,,544
156343,RW27.28.26PII_E-352,30,Sq. Yards,3205,291,3252,686,1,0,,1,,,544
157781,RW27.28.26PII_E-1100,30,Sq. Yards,3205,291,3252,690,1,0,,1,,,544
158283,JR6_E-63,30,Sq. Yards,3206,292,3257,686,1,0,,1,,,544
158985,CD1B_E-172,30,Sq. Yards,3213,299,3279,694,1,0,,1,,,544
159234,SSPIII20_E-339,30,Sq. Yards,3202,288,3238,692,1,0,,1,,,544
161040,JG22.2_E-654,30,Sq. Yards,3194,280,3200,687,1,0,,1,,,544
161240,SSPIII20_E-619,30,Sq. Yards,3202,288,3238,705,1,0,,1,,,544
161810,RW36A_E-177,30,Sq. Yards,3205,291,3252,688,1,0,,1,,,544
162242,CD9_E-112,30,Sq. Yards,3213,299,3279,695,1,0,,1,,,544
162425,RW27.28.26PII_E-356,30,Sq. Yards,3205,291,3252,685,1,0,,1,,,544
162612,RK21.2_E-370,30,Sq. Yards,3205,291,3252,684,1,0,,1,,,544
147557,SSPIII20_E-14,30,Sq. Yards,3202,288,3238,703,1,0,,1,,,544
147630,JG23_1012,30,Sq. Yards,3194,280,3200,690,1,0,,1,,,544
148332,JR9_E-49,30,Sq. Yards,3206,292,3257,697,1,0,,1,,,544
148827,RW18.2-2872,30,Sq. Yards,3208,294,3264,683,1,0,,1,,,544
150199,RW27.28.26PII_E-1700,30,Sq. Yards,3205,291,3252,687,1,0,,1,,,544
150304,RW18.2-3712,30,Sq. Yards,3208,294,3264,685,1,0,,1,,,544
150404,RK21.2_E-472,30,Sq. Yards,3205,291,3252,702,1,0,,1,,,544
150672,PW21_572,30,Sq. Yards,3212,298,3276,708,1,0,,1,,,544
151435,RW27.28.26PII_E-724,30,Sq. Yards,3205,291,3252,690,1,0,,1,,,544
151501,PJ28.3_E-159,30,Sq. Yards,3192,278,3193,681,1,0,,1,,,544
152769,MG9.10.3_E-363,30,Sq. Yards,3207,293,3259,689,1,0,,1,,,544
153137,PW21_1009,30,Sq. Yards,3212,298,3276,711,1,0,,1,,,544
153139,RW18.1_E-123,30,Sq. Yards,3208,294,3264,682,1,0,,1,,,544
153205,JG22.2_E-752,30,Sq. Yards,3194,280,3200,689,1,0,,1,,,544
153641,JR9PII_E-166,30,Sq. Yards,3206,292,3257,689,1,0,,1,,,544
153682,RW36A_E-84,30,Sq. Yards,3205,291,3252,690,1,0,,1,,,544
153809,PW21_645,30,Sq. Yards,3212,298,3276,689,1,0,,1,,,544
157885,KN32_261,30,Sq. Yards,3197,283,3215,687,1,0,,1,,,544
158360,CD1B_E-128,30,Sq. Yards,3213,299,3279,700,1,0,,1,,,544
158894,JG24.1_E-40,30,Sq. Yards,3194,280,3200,685,1,0,,1,,,544
159430,JG22.2_E-78,30,Sq. Yards,3194,280,3200,695,1,0,,1,,,544
160666,PWAP_E-474,30,Sq. Yards,3212,298,3276,684,1,0,,1,,,544
160934,RW27.28.26PII_E-1634,30,Sq. Yards,3205,291,3252,684,1,0,,1,,,544
161470,GO13.14_208,30,Sq. Yards,3199,285,3221,684,1,0,,1,,,544
147913,RW27.28.26PII_E-1107,30,Sq. Yards,3205,291,3252,687,1,0,,1,,,544
148296,RW18.2-2494,30,Sq. Yards,3208,294,3264,697,1,0,,1,,,544
148413,RW18.2-2453,30,Sq. Yards,3208,294,3264,698,1,0,,1,,,544
148949,GO16_E-208,30,Sq. Yards,3199,285,3221,681,1,0,,1,,,544
148996,GO13.14_169,30,Sq. Yards,3199,285,3221,691,1,0,,1,,,544
149818,JR9PII_E-282,30,Sq. Yards,3206,292,3257,689,1,0,,1,,,544
149850,JG23_665,30,Sq. Yards,3194,280,3200,698,1,0,,1,,,544
150185,PWAP_E-418,30,Sq. Yards,3212,298,3276,774,1,0,,1,,,544
150803,JG23_1467,30,Sq. Yards,3194,280,3200,682,1,0,,1,,,544
151172,RW27.28.26PII_E-1278,30,Sq. Yards,3205,291,3252,696,1,0,,1,,,544
151339,RW18.2-2954,30,Sq. Yards,3208,294,3264,683,1,0,,1,,,544
151754,RW27.28.26PII_E-745,30,Sq. Yards,3205,291,3252,686,1,0,,1,,,544
151954,GO16_E-178,30,Sq. Yards,3199,285,3221,683,1,0,,1,,,544
152994,JG23_1018,30,Sq. Yards,3194,280,3200,695,1,0,,1,,,544
153308,PWAP_E-455,30,Sq. Yards,3212,298,3276,709,1,0,,1,,,544
154312,JR6_E-234,30,Sq. Yards,3206,292,3257,695,1,0,,1,,,544
156620,RW18.2-3390,30,Sq. Yards,3208,294,3264,705,1,0,,1,,,544
157170,RW27.28.26PII_E-1296,30,Sq. Yards,3205,291,3252,688,1,0,,1,,,544
157423,JG23_379,30,Sq. Yards,3194,280,3200,695,1,0,,1,,,544
157570,MG9.10.3_E-337,30,Sq. Yards,3207,293,3259,682,1,0,,1,,,544
158191,FD9_E-44,30,Sq. Yards,3201,287,3233,694,1,0,,1,,,544
158441,RW27.28.26PII_E-702,30,Sq. Yards,3205,291,3252,688,1,0,,1,,,544
158742,RW18.1_E-79,30,Sq. Yards,3208,294,3264,697,1,0,,1,,,544
158774,JR9PII_E-288,30,Sq. Yards,3206,292,3257,686,1,0,,1,,,544
158977,SSPIII20_E-699,30,Sq. Yards,3202,288,3238,704,1,0,,1,,,544
159142,MG9.10.3_E-335,30,Sq. Yards,3207,293,3259,693,1,0,,1,,,544
159863,GO13.14_108,30,Sq. Yards,3199,285,3221,697,1,0,,1,,,544
159878,RK21.2_E-567,30,Sq. Yards,3205,291,3252,699,1,0,,1,,,544
160013,JG23_1529,30,Sq. Yards,3194,280,3200,686,1,0,,1,,,544
160595,SSPIII20_E-657,30,Sq. Yards,3202,288,3238,693,1,0,,1,,,544
161149,CD9_E-245,30,Sq. Yards,3213,299,3279,691,1,0,,1,,,544
161581,RK5_E-317,30,Sq. Yards,3205,291,3252,681,1,0,,1,,,544
161867,JR9PII_E-259,30,Sq. Yards,3206,292,3257,699,1,0,,1,,,544
162285,JG23_2087,30,Sq. Yards,3194,280,3200,697,1,0,,1,,,544
148015,RK5_E-236,30,Sq. Yards,3205,291,3252,683,1,0,,1,,,544
148976,RW27.28.26PII_E-741,30,Sq. Yards,3205,291,3252,690,1,0,,1,,,544
149494,GO16_E-301,30,Sq. Yards,3199,285,3221,684,1,0,,1,,,544
150130,JG23_1943,30,Sq. Yards,3194,280,3200,681,1,0,,1,,,544
151084,JG23_679,30,Sq. Yards,3194,280,3200,686,1,0,,1,,,544
151259,JG23_1030,30,Sq. Yards,3194,280,3200,688,1,0,,1,,,544
151977,RW27.28.26PII_E-528,30,Sq. Yards,3205,291,3252,694,1,0,,1,,,544
152270,RK21.2_E-178,30,Sq. Yards,3205,291,3252,684,1,0,,1,,,544
155128,PW21_408,30,Sq. Yards,3212,298,3276,684,1,0,,1,,,544
156003,JG22.2_E-751,30,Sq. Yards,3194,280,3200,687,1,0,,1,,,544
156464,MG9.10.3_E-100,30,Sq. Yards,3207,293,3259,683,1,0,,1,,,544
156689,SSPIII20_E-170,30,Sq. Yards,3202,288,3238,706,1,0,,1,,,544
157000,RK5_E-64,30,Sq. Yards,3205,291,3252,684,1,0,,1,,,544
157811,MG9.10.3_E-212,30,Sq. Yards,3207,293,3259,684,1,0,,1,,,544
158529,RW27.28.26PII_E-1627,30,Sq. Yards,3205,291,3252,681,1,0,,1,,,544
158711,JAJ_E-99,30,Sq. Yards,3200,286,3229,684,1,0,,1,,,544
158861,KN9.32_E-17,30,Sq. Yards,3197,283,3215,697,1,0,,1,,,544
160108,JG22.1_E-41,30,Sq. Yards,3194,280,3200,1053,1,0,,1,,,544
160783,SSPIII20_E-248,30,Sq. Yards,3202,288,3238,702,1,0,,1,,,544
161762,JG23_2076,30,Sq. Yards,3194,280,3200,690,1,0,,1,,,544
162173,RW27.28.26PII_E-650,30,Sq. Yards,3205,291,3252,699,1,0,,1,,,544
162473,RW36A_E-105,30,Sq. Yards,3205,291,3252,702,1,0,,1,,,544
148043,JG23_1115,30,Sq. Yards,3194,280,3200,699,1,0,,1,,,544
155473,JG23_494,30,Sq. Yards,3194,280,3200,694,1,0,,1,,,544
156124,GO16_E-161,30,Sq. Yards,3199,285,3221,682,1,0,,1,,,544
158315,RW36A_E-189,30,Sq. Yards,3205,291,3252,697,1,0,,1,,,544
158398,JG23_2203,30,Sq. Yards,3194,280,3200,685,1,0,,1,,,544
158534,RW36A_E-41,30,Sq. Yards,3205,291,3252,682,1,0,,1,,,544
159151,JG23_1580,30,Sq. Yards,3194,280,3200,692,1,0,,1,,,544
159519,SSPIII20_E-28,30,Sq. Yards,3202,288,3238,689,1,0,,1,,,544
160287,JG23_2185,30,Sq. Yards,3194,280,3200,681,1,0,,1,,,544
162208,PJ28.1_E-200,30,Sq. Yards,3192,278,3193,935,1,0,,1,,,544
147491,GO16_E-182,30,Sq. Yards,3199,285,3221,697,1,0,,1,,,544
147791,JAJ_E-67,30,Sq. Yards,3200,286,3229,693,1,0,,1,,,544
148268,RW18.2-3469,30,Sq. Yards,3208,294,3264,681,1,0,,1,,,544
149236,CD1B_E-152,30,Sq. Yards,3213,299,3279,689,1,0,,1,,,544
149502,PWAP_E-323,30,Sq. Yards,3212,298,3276,687,1,0,,1,,,544
152144,PW21_1026,30,Sq. Yards,3212,298,3276,682,1,0,,1,,,544
152178,KN32_235,30,Sq. Yards,3197,283,3215,693,1,0,,1,,,544
152571,JR6_E-306,30,Sq. Yards,3206,292,3257,684,1,0,,1,,,544
153950,PW21_695,30,Sq. Yards,3212,298,3276,696,1,0,,1,,,544
154082,JG23_840,30,Sq. Yards,3194,280,3200,696,1,0,,1,,,544
154611,SD8_E-97,30,Sq. Yards,3200,286,3230,692,1,0,,1,,,544
155443,CD1B_E-133,30,Sq. Yards,3213,299,3279,685,1,0,,1,,,544
155452,RW27.28.26PII_E-539,30,Sq. Yards,3205,291,3252,702,1,0,,1,,,544
155747,JR9_E-39,30,Sq. Yards,3206,292,3257,685,1,0,,1,,,544
156615,JR6_E-21,30,Sq. Yards,3206,292,3257,695,1,0,,1,,,544
158062,JG22.2_E-595,30,Sq. Yards,3194,280,3200,682,1,0,,1,,,544
159064,PWAP_E-229,30,Sq. Yards,3212,298,3276,684,1,0,,1,,,544
159555,SSPIII20_E-10,30,Sq. Yards,3202,288,3238,692,1,0,,1,,,544
160259,CD1B_E-98,30,Sq. Yards,3213,299,3279,693,1,0,,1,,,544
160961,JG23_470,30,Sq. Yards,3194,280,3200,702,1,0,,1,,,544
161227,RW18.2-2429,30,Sq. Yards,3208,294,3264,685,1,0,,1,,,544
161931,JR6_E-384,30,Sq. Yards,3206,292,3257,696,1,0,,1,,,544
147560,RW27.28.26PII_E-1556,30,Sq. Yards,3205,291,3252,684,1,0,,1,,,544
147827,PJ28.1_E-131,30,Sq. Yards,3192,278,3193,703,1,0,,1,,,544
149081,RK5_E-27,30,Sq. Yards,3205,291,3252,701,1,0,,1,,,544
149499,JG23_1833,30,Sq. Yards,3194,280,3200,686,1,0,,1,,,544
149518,SD8_E-61,30,Sq. Yards,3200,286,3230,694,1,0,,1,,,544
150167,RW18.2-2992,30,Sq. Yards,3208,294,3264,702,1,0,,1,,,544
150736,RW27.28.26PII_E-19,30,Sq. Yards,3205,291,3252,682,1,0,,1,,,544
151154,JG24.2_E-89,30,Sq. Yards,3194,280,3200,686,1,0,,1,,,544
151772,PW21_144,30,Sq. Yards,3212,298,3276,683,1,0,,1,,,544
152107,JR6_E-121,30,Sq. Yards,3206,292,3257,682,1,0,,1,,,544
152272,RW18.2-2907,30,Sq. Yards,3208,294,3264,692,1,0,,1,,,544
152340,KN32_249,30,Sq. Yards,3197,283,3215,696,1,0,,1,,,544
152375,RW18.2-2811,30,Sq. Yards,3208,294,3264,682,1,0,,1,,,544
153693,JG23_1909,30,Sq. Yards,3194,280,3200,682,1,0,,1,,,544
155233,JR6_E-361,30,Sq. Yards,3206,292,3257,696,1,0,,1,,,544
158224,RW18.2-2901,30,Sq. Yards,3208,294,3264,696,1,0,,1,,,544
158255,JG22.2_E-133,30,Sq. Yards,3194,280,3200,694,1,0,,1,,,544
159427,RK5_E-8,30,Sq. Yards,3205,291,3252,684,1,0,,1,,,544
159810,SSPIII20_E-666,30,Sq. Yards,3202,288,3238,691,1,0,,1,,,544
159978,JG23_1328,30,Sq. Yards,3194,280,3200,693,1,0,,1,,,544
160796,RW18.2-2656,30,Sq. Yards,3208,294,3264,681,1,0,,1,,,544
161317,JG23_727,30,Sq. Yards,3194,280,3200,682,1,0,,1,,,544
161382,CD9_E-215,30,Sq. Yards,3213,299,3279,698,1,0,,1,,,544
161750,RW18.2-3520,30,Sq. Yards,3208,294,3264,704,1,0,,1,,,544
162517,JG23_1751,30,Sq. Yards,3194,280,3200,681,1,0,,1,,,544
162653,FD9_E-45,30,Sq. Yards,3201,287,3233,681,1,0,,1,,,544
147986,JG22.2_E-138,30,Sq. Yards,3194,280,3200,696,1,0,,1,,,544
148022,GO13.14_180,30,Sq. Yards,3199,285,3221,683,1,0,,1,,,544
148137,RW27.28.26PII_E-736,30,Sq. Yards,3205,291,3252,690,1,0,,1,,,544
148305,RW18.1_E-64,30,Sq. Yards,3208,294,3264,692,1,0,,1,,,544
148622,SSPIII20_E-214,30,Sq. Yards,3202,288,3238,702,1,0,,1,,,544
149609,RW18.2-2555,30,Sq. Yards,3208,294,3264,689,1,0,,1,,,544
151113,MG9.10.3_E-368,30,Sq. Yards,3207,293,3259,694,1,0,,1,,,544
151447,GO13.14_19,30,Sq. Yards,3199,285,3221,699,1,0,,1,,,544
152610,GO16_E-152,30,Sq. Yards,3199,285,3221,684,1,0,,1,,,544
155552,PW21_668,30,Sq. Yards,3212,298,3276,685,1,0,,1,,,544
156013,JR9_E-60,30,Sq. Yards,3206,292,3257,695,1,0,,1,,,544
156090,JG22.2_E-575,30,Sq. Yards,3194,280,3200,686,1,0,,1,,,544
156524,SD8_E-179,30,Sq. Yards,3200,286,3230,695,1,0,,1,,,544
157026,SSPIII20_E-252,30,Sq. Yards,3202,288,3238,697,1,0,,1,,,544
157117,KN32_24,30,Sq. Yards,3197,283,3215,681,1,0,,1,,,544
157326,JG23_1976,30,Sq. Yards,3194,280,3200,689,1,0,,1,,,544
157892,RW36A_E-184,30,Sq. Yards,3205,291,3252,687,1,0,,1,,,544
158053,RK21.2_E-435,30,Sq. Yards,3205,291,3252,701,1,0,,1,,,544
158162,JG24.2_E-93,30,Sq. Yards,3194,280,3200,681,1,0,,1,,,544
158185,FD9_E-96,30,Sq. Yards,3201,287,3233,686,1,0,,1,,,544
159296,PWAP_E-340,30,Sq. Yards,3212,298,3276,682,1,0,,1,,,544
159932,SSPIII20_E-629,30,Sq. Yards,3202,288,3238,705,1,0,,1,,,544
159964,SSPIII20_E-310,30,Sq. Yards,3202,288,3238,710,1,0,,1,,,544
160164,GO16_E-334,30,Sq. Yards,3199,285,3221,681,1,0,,1,,,544
160398,RK21.2_E-384,30,Sq. Yards,3205,291,3252,690,1,0,,1,,,544
160525,FD9_E-70,30,Sq. Yards,3201,287,3233,684,1,0,,1,,,544
161036,RW27.28.26PII_E-1340,30,Sq. Yards,3205,291,3252,700,1,0,,1,,,544
161134,RW18.2-3325,30,Sq. Yards,3208,294,3264,708,1,0,,1,,,544
161393,MG9.10.3_E-127,30,Sq. Yards,3207,293,3259,686,1,0,,1,,,544
148145,JG23_1575,30,Sq. Yards,3194,280,3200,691,1,0,,1,,,544
148563,JG22.2_E-105,30,Sq. Yards,3194,280,3200,684,1,0,,1,,,544
148613,RW18.2-3798,30,Sq. Yards,3208,294,3264,692,1,0,,1,,,544
148763,CD9_E-414,30,Sq. Yards,3213,299,3279,697,1,0,,1,,,544
149467,RW18.1_E-29,30,Sq. Yards,3208,294,3264,709,1,0,,1,,,544
149650,JG22.2_E-62,30,Sq. Yards,3194,280,3200,695,1,0,,1,,,544
150117,FD9_E-80,30,Sq. Yards,3201,287,3233,686,1,0,,1,,,544
153058,GO16_E-137,30,Sq. Yards,3199,285,3221,684,1,0,,1,,,544
153744,RK21.2_E-344,30,Sq. Yards,3205,291,3252,685,1,0,,1,,,544
155384,PW21_654,30,Sq. Yards,3212,298,3276,774,1,0,,1,,,544
155751,PW21_137,30,Sq. Yards,3212,298,3276,681,1,0,,1,,,544
155784,PW21_836,30,Sq. Yards,3212,298,3276,692,1,0,,1,,,544
155815,PJ28.1_E-189,30,Sq. Yards,3192,278,3193,710,1,0,,1,,,544
156602,JG23_403,30,Sq. Yards,3194,280,3200,682,1,0,,1,,,544
156888,SD8_E-191,30,Sq. Yards,3200,286,3230,686,1,0,,1,,,544
157019,RW27.28.26PII_E-436,30,Sq. Yards,3205,291,3252,681,1,0,,1,,,544
157038,JR9PII_E-80,30,Sq. Yards,3206,292,3257,697,1,0,,1,,,544
157520,JR6_E-259,30,Sq. Yards,3206,292,3257,694,1,0,,1,,,544
159328,FD9_E-18,30,Sq. Yards,3201,287,3233,700,1,0,,1,,,544
159796,RW36A_E-86,30,Sq. Yards,3205,291,3252,681,1,0,,1,,,544
161400,JG23_1567,30,Sq. Yards,3194,280,3200,685,1,0,,1,,,544
161617,JG22.2_E-414,30,Sq. Yards,3194,280,3200,690,1,0,,1,,,544
161699,PJ28.3_E-195,30,Sq. Yards,3192,278,3193,700,1,0,,1,,,544
161950,SD8_E-129,30,Sq. Yards,3200,286,3230,683,1,0,,1,,,544
161985,JG23_349,30,Sq. Yards,3194,280,3200,683,1,0,,1,,,544
162068,PW21_444,30,Sq. Yards,3212,298,3276,709,1,0,,1,,,544
162650,JAJ_E-88,30,Sq. Yards,3200,286,3229,684,1,0,,1,,,544
147622,KN9.32_E-91,30,Sq. Yards,3197,283,3215,681,1,0,,1,,,544
147851,SSPIII20_E-783,30,Sq. Yards,3202,288,3238,681,1,0,,1,,,544
148519,PW21_80,30,Sq. Yards,3212,298,3276,696,1,0,,1,,,544
149301,CD9_E-505,30,Sq. Yards,3213,299,3279,688,1,0,,1,,,544
149923,JG23_661,30,Sq. Yards,3194,280,3200,696,1,0,,1,,,544
150198,MG9.10.2_E-7,30,Sq. Yards,3207,293,3259,686,1,0,,1,,,544
150866,RW18.2-2659,30,Sq. Yards,3208,294,3264,683,1,0,,1,,,544
151684,SSPIII20_E-384,30,Sq. Yards,3202,288,3238,686,1,0,,1,,,544
152538,RW36A_E-216,30,Sq. Yards,3205,291,3252,685,1,0,,1,,,544
152613,RW27.28.26PII_E-1040,30,Sq. Yards,3205,291,3252,690,1,0,,1,,,544
153070,JG23_1878,30,Sq. Yards,3194,280,3200,698,1,0,,1,,,544
153095,CD9_E-440,30,Sq. Yards,3213,299,3279,690,1,0,,1,,,544
153624,SSPIII20_E-727,30,Sq. Yards,3202,288,3238,682,1,0,,1,,,544
154599,PW21_618,30,Sq. Yards,3212,298,3276,696,1,0,,1,,,544
154728,RW19.2_E-50,30,Sq. Yards,3208,294,3264,684,1,0,,1,,,544
154842,JG22.2_E-109,30,Sq. Yards,3194,280,3200,1047,1,0,,1,,,544
155739,PJ28.3_E-25,30,Sq. Yards,3192,278,3193,687,1,0,,1,,,544
147886,RW27.28.26PII_E-1262,30,Sq. Yards,3205,291,3252,693,1,0,,1,,,544
148639,RW18.2-3555,30,Sq. Yards,3208,294,3264,711,1,0,,1,,,544
148890,GO16_E-63,30,Sq. Yards,3199,285,3221,693,1,0,,1,,,544
149039,JG22.2_E-68,30,Sq. Yards,3194,280,3200,693,1,0,,1,,,544
149843,SSPIII20_E-605,30,Sq. Yards,3202,288,3238,691,1,0,,1,,,544
150426,JG23_944,30,Sq. Yards,3194,280,3200,681,1,0,,1,,,544
151162,JR9PII_E-11,30,Sq. Yards,3206,292,3257,684,1,0,,1,,,544
151615,RK21.2_E-348,30,Sq. Yards,3205,291,3252,682,1,0,,1,,,544
153000,PWAP_E-331,30,Sq. Yards,3212,298,3276,694,1,0,,1,,,544
154189,SSPIII20_E-590,30,Sq. Yards,3202,288,3238,705,1,0,,1,,,544
154487,RK21.2_E-322,30,Sq. Yards,3205,291,3252,682,1,0,,1,,,544
154723,RW27.28.26PII_E-1496,30,Sq. Yards,3205,291,3252,682,1,0,,1,,,544
155357,JG23_1270,30,Sq. Yards,3194,280,3200,683,1,0,,1,,,544
156278,PW21_403,30,Sq. Yards,3212,298,3276,709,1,0,,1,,,544
156327,RW36A_E-160,30,Sq. Yards,3205,291,3252,698,1,0,,1,,,544
157897,PJ28.1_E-58,30,Sq. Yards,3192,278,3193,691,1,0,,1,,,544
158065,RK21.2_E-334,30,Sq. Yards,3205,291,3252,696,1,0,,1,,,544
158384,JR6_E-289,30,Sq. Yards,3206,292,3257,686,1,0,,1,,,544
159350,PW21_879,30,Sq. Yards,3212,298,3276,696,1,0,,1,,,544
159752,RW18.2-2481,30,Sq. Yards,3208,294,3264,693,1,0,,1,,,544
160205,RW18.2-2363,30,Sq. Yards,3208,294,3264,711,1,0,,1,,,544
160437,JR9PII_E-6,30,Sq. Yards,3206,292,3257,693,1,0,,1,,,544
162224,JG24.2_E-56,30,Sq. Yards,3194,280,3200,689,1,0,,1,,,544
162562,RW19.1_E-111,30,Sq. Yards,3208,294,3264,690,1,0,,1,,,544
147589,PW21_1054,30,Sq. Yards,3212,298,3276,696,1,0,,1,,,544
148591,RW27.28.26PII_E-924,30,Sq. Yards,3205,291,3252,685,1,0,,1,,,544
148659,JG23_1173,30,Sq. Yards,3194,280,3200,695,1,0,,1,,,544
149004,RW27.28.26PII_E-25,30,Sq. Yards,3205,291,3252,683,1,0,,1,,,544
149463,MG9.10.3_E-193,30,Sq. Yards,3207,293,3259,690,1,0,,1,,,544
149638,RW18.2-3703,30,Sq. Yards,3208,294,3264,686,1,0,,1,,,544
150674,JR9PII_E-109,30,Sq. Yards,3206,292,3257,699,1,0,,1,,,544
151433,RW19.2_E-60,30,Sq. Yards,3208,294,3264,681,1,0,,1,,,544
152544,CD9_E-489,30,Sq. Yards,3213,299,3279,687,1,0,,1,,,544
153207,RW18.1_E-143,30,Sq. Yards,3208,294,3264,694,1,0,,1,,,544
153850,JG22.2_E-325,30,Sq. Yards,3194,280,3200,700,1,0,,1,,,544
154014,JG22.1_E-27,30,Sq. Yards,3194,280,3200,695,1,0,,1,,,544
156815,PW21_280,30,Sq. Yards,3212,298,3276,898,1,0,,1,,,544
157190,RW18.2-3457,30,Sq. Yards,3208,294,3264,692,1,0,,1,,,544
158487,CD9_E-285,30,Sq. Yards,3213,299,3279,697,1,0,,1,,,544
159655,RW36A_E-58,30,Sq. Yards,3205,291,3252,695,1,0,,1,,,544
160298,KN9.32_E-122,30,Sq. Yards,3197,283,3215,695,1,0,,1,,,544
161429,JG23_817,30,Sq. Yards,3194,280,3200,692,1,0,,1,,,544
161838,RW18.2-2169,30,Sq. Yards,3208,294,3264,689,1,0,,1,,,544
147606,JG22.2_E-671,30,Sq. Yards,3194,280,3200,683,1,0,,1,,,544
148174,RK21.2_E-11,30,Sq. Yards,3205,291,3252,691,1,0,,1,,,544
148785,RW27.28.26PII_E-1405,30,Sq. Yards,3205,291,3252,696,1,0,,1,,,544
149160,RK21.2_E-306,30,Sq. Yards,3205,291,3252,697,1,0,,1,,,544
149178,RW27.28.26PII_E-965,30,Sq. Yards,3205,291,3252,690,1,0,,1,,,544
151586,PW21_4,30,Sq. Yards,3212,298,3276,684,1,0,,1,,,544
152879,JG23_1009,30,Sq. Yards,3194,280,3200,702,1,0,,1,,,544
153822,JG24.2_E-51,30,Sq. Yards,3194,280,3200,690,1,0,,1,,,544
154544,RW27.28.26PII_E-462,30,Sq. Yards,3205,291,3252,685,1,0,,1,,,544
155937,JG23_1722,30,Sq. Yards,3194,280,3200,690,1,0,,1,,,544
158345,JG22.2_E-616,30,Sq. Yards,3194,280,3200,1047,1,0,,1,,,544
158363,PW21_469,30,Sq. Yards,3212,298,3276,686,1,0,,1,,,544
158895,RW36A_E-277,30,Sq. Yards,3205,291,3252,681,1,0,,1,,,544
159363,SSPIII20_E-761,30,Sq. Yards,3202,288,3238,708,1,0,,1,,,544
159942,JG23_916,30,Sq. Yards,3194,280,3200,686,1,0,,1,,,544
160649,RW27.28.26PII_E-682,30,Sq. Yards,3205,291,3252,698,1,0,,1,,,544
160853,JR9_E-24,30,Sq. Yards,3206,292,3257,688,1,0,,1,,,544
161210,RW27.28.26PII_E-931,30,Sq. Yards,3205,291,3252,686,1,0,,1,,,544
161989,PW21_1034,30,Sq. Yards,3212,298,3276,684,1,0,,1,,,544
162014,RW18.1_E-148,30,Sq. Yards,3208,294,3264,683,1,0,,1,,,544
148136,KN32_281,30,Sq. Yards,3197,283,3215,681,1,0,,1,,,544
152533,SSPIII20_E-496,30,Sq. Yards,3202,288,3238,866,1,0,,1,,,544
153469,RW18.2-3128,30,Sq. Yards,3208,294,3264,689,1,0,,1,,,544
154086,SD8_E-231,30,Sq. Yards,3200,286,3230,685,1,0,,1,,,544
155041,JG23_723,30,Sq. Yards,3194,280,3200,684,1,0,,1,,,544
155222,GO13.14_189,30,Sq. Yards,3199,285,3221,699,1,0,,1,,,544
156009,JG22.2_E-283,30,Sq. Yards,3194,280,3200,701,1,0,,1,,,544
156609,FD9_E-194,30,Sq. Yards,3201,287,3233,702,1,0,,1,,,544
158183,JR6_E-266,30,Sq. Yards,3206,292,3257,691,1,0,,1,,,544
158381,RK21.2_E-559,30,Sq. Yards,3205,291,3252,696,1,0,,1,,,544
158902,MG9.10.3_E-331,30,Sq. Yards,3207,293,3259,693,1,0,,1,,,544
160521,KN32_211,30,Sq. Yards,3197,283,3215,681,1,0,,1,,,544
162142,JG23_1414,30,Sq. Yards,3194,280,3200,700,1,0,,1,,,544
162508,MG9.10.3_E-24,30,Sq. Yards,3207,293,3259,681,1,0,,1,,,544
148057,SSPIII20_E-596,30,Sq. Yards,3202,288,3238,705,1,0,,1,,,544
148232,PWAP_E-207,30,Sq. Yards,3212,298,3276,691,1,0,,1,,,544
148993,KN9.32_E-5,30,Sq. Yards,3197,283,3215,686,1,0,,1,,,544
149427,FD9_E-106,30,Sq. Yards,3201,287,3233,688,1,0,,1,,,544
150138,JR9PII_E-31,30,Sq. Yards,3206,292,3257,688,1,0,,1,,,544
150331,SSPIII20_E-445,30,Sq. Yards,3202,288,3238,709,1,0,,1,,,544
150340,GO13.14_59,30,Sq. Yards,3199,285,3221,698,1,0,,1,,,544
150429,PWAP_E-172,30,Sq. Yards,3212,298,3276,774,1,0,,1,,,544
150974,SSPIII20_E-470,30,Sq. Yards,3202,288,3238,701,1,0,,1,,,544
151444,PW21_918,30,Sq. Yards,3212,298,3276,709,1,0,,1,,,544
151942,JG23_1723,30,Sq. Yards,3194,280,3200,685,1,0,,1,,,544
152169,PW21_1114,30,Sq. Yards,3212,298,3276,709,1,0,,1,,,544
152846,RW19.2_E-48,30,Sq. Yards,3208,294,3264,689,1,0,,1,,,544
153307,PJ28.1_E-68,30,Sq. Yards,3192,278,3193,944,1,0,,1,,,544
154541,CD9_E-233,30,Sq. Yards,3213,299,3279,681,1,0,,1,,,544
154652,JG23_959,30,Sq. Yards,3194,280,3200,682,1,0,,1,,,544
154975,RW27.28.26PII_E-1287,30,Sq. Yards,3205,291,3252,688,1,0,,1,,,544
155454,PWAP_E-168,30,Sq. Yards,3212,298,3276,768,1,0,,1,,,544
155579,JG24.2_E-19,30,Sq. Yards,3194,280,3200,702,1,0,,1,,,544
157360,RW18.2-2929,30,Sq. Yards,3208,294,3264,686,1,0,,1,,,544
157651,RK5_E-300,30,Sq. Yards,3205,291,3252,683,1,0,,1,,,544
158962,JG23_301,30,Sq. Yards,3194,280,3200,687,1,0,,1,,,544
159357,JR9_E-4,30,Sq. Yards,3206,292,3257,692,1,0,,1,,,544
159696,RK21.2_E-91,30,Sq. Yards,3205,291,3252,697,1,0,,1,,,544
160132,RW18.2-2329,30,Sq. Yards,3208,294,3264,693,1,0,,1,,,544
160425,JG24.1_E-54,30,Sq. Yards,3194,280,3200,683,1,0,,1,,,544
160959,PWAP_E-364,30,Sq. Yards,3212,298,3276,701,1,0,,1,,,544
162340,JG23_1892,30,Sq. Yards,3194,280,3200,696,1,0,,1,,,544
162497,RW18.2-3127,30,Sq. Yards,3208,294,3264,705,1,0,,1,,,544
148046,PW21_58,30,Sq. Yards,3212,298,3276,682,1,0,,1,,,544
148463,JR9PII_E-172,30,Sq. Yards,3206,292,3257,696,1,0,,1,,,544
149050,JG22.1_E-15,30,Sq. Yards,3194,280,3200,683,1,0,,1,,,544
149718,PJ28.2_E-80,30,Sq. Yards,3192,278,3193,861,1,0,,1,,,544
150486,RW18.2-2783,30,Sq. Yards,3208,294,3264,705,1,0,,1,,,544
151654,RW27.28.26PII_E-1453,30,Sq. Yards,3205,291,3252,686,1,0,,1,,,544
152058,RW18.2-3755,30,Sq. Yards,3208,294,3264,689,1,0,,1,,,544
153476,JR6_E-11,30,Sq. Yards,3206,292,3257,682,1,0,,1,,,544
153912,JG22.2_E-744,30,Sq. Yards,3194,280,3200,686,1,0,,1,,,544
154047,PW21_1158,30,Sq. Yards,3212,298,3276,686,1,0,,1,,,544
154097,JG23_1920,30,Sq. Yards,3194,280,3200,691,1,0,,1,,,544
154697,RW18.2-2377,30,Sq. Yards,3208,294,3264,706,1,0,,1,,,544
156133,JG23_390,30,Sq. Yards,3194,280,3200,686,1,0,,1,,,544
157506,RW36A_E-256,30,Sq. Yards,3205,291,3252,688,1,0,,1,,,544
159141,JG22.2_E-258,30,Sq. Yards,3194,280,3200,686,1,0,,1,,,544
159495,JG23_1838,30,Sq. Yards,3194,280,3200,690,1,0,,1,,,544
160110,JG22.1_E-12,30,Sq. Yards,3194,280,3200,695,1,0,,1,,,544
160227,RW27.28.26PII_E-280,30,Sq. Yards,3205,291,3252,686,1,0,,1,,,544
160363,JG23_2184,30,Sq. Yards,3194,280,3200,684,1,0,,1,,,544
160463,SSPIII20_E-321,30,Sq. Yards,3202,288,3238,681,1,0,,1,,,544
160896,RK5_E-143,30,Sq. Yards,3205,291,3252,698,1,0,,1,,,544
161381,JG23_1705,30,Sq. Yards,3194,280,3200,701,1,0,,1,,,544
161431,RW27.28.26PII_E-1250,30,Sq. Yards,3205,291,3252,700,1,0,,1,,,544
148165,SD8_E-124,30,Sq. Yards,3200,286,3230,682,1,0,,1,,,544
148708,CD9_E-132,30,Sq. Yards,3213,299,3279,684,1,0,,1,,,544
149319,JG23_752,30,Sq. Yards,3194,280,3200,685,1,0,,1,,,544
150312,JG23_770,30,Sq. Yards,3194,280,3200,690,1,0,,1,,,544
150341,JG23_1991,30,Sq. Yards,3194,280,3200,684,1,0,,1,,,544
150491,PW21_893,30,Sq. Yards,3212,298,3276,710,1,0,,1,,,544
150591,JG23_637,30,Sq. Yards,3194,280,3200,702,1,0,,1,,,544
151134,RK5_E-323,30,Sq. Yards,3205,291,3252,698,1,0,,1,,,544
151609,GO16_E-343,30,Sq. Yards,3199,285,3221,694,1,0,,1,,,544
151884,RW27.28.26PII_E-748,30,Sq. Yards,3205,291,3252,695,1,0,,1,,,544
151984,RW18.2-3259,30,Sq. Yards,3208,294,3264,681,1,0,,1,,,544
153249,RW27.28.26PII_E-1369,30,Sq. Yards,3205,291,3252,694,1,0,,1,,,544
153706,RW27.28.26PII_E-1575,30,Sq. Yards,3205,291,3252,690,1,0,,1,,,544
154778,PW21_846,30,Sq. Yards,3212,298,3276,704,1,0,,1,,,544
155521,SSPIII20_E-20,30,Sq. Yards,3202,288,3238,692,1,0,,1,,,544
156221,JG24.2_E-67,30,Sq. Yards,3194,280,3200,690,1,0,,1,,,544
157368,JAJ_E-114,30,Sq. Yards,3200,286,3229,682,1,0,,1,,,544
157675,MG9.10.3_E-170,30,Sq. Yards,3207,293,3259,685,1,0,,1,,,544
157836,SSPIII20_E-844,30,Sq. Yards,3202,288,3238,690,1,0,,1,,,544
158729,JG23_1381,30,Sq. Yards,3194,280,3200,686,1,0,,1,,,544
158754,RK21.2_E-66,30,Sq. Yards,3205,291,3252,688,1,0,,1,,,544
158879,PWAP_E-166,30,Sq. Yards,3212,298,3276,710,1,0,,1,,,544
160669,JG22.2_E-119,30,Sq. Yards,3194,280,3200,696,1,0,,1,,,544
161855,RW27.28.26PII_E-336,30,Sq. Yards,3205,291,3252,684,1,0,,1,,,544
162248,PJ28.3_E-207,30,Sq. Yards,3192,278,3193,935,1,0,,1,,,544
162466,JG23_934,30,Sq. Yards,3194,280,3200,687,1,0,,1,,,544
162673,SSPIII20_E-96,30,Sq. Yards,3202,288,3238,694,1,0,,1,,,544
147592,PWAP_E-371,30,Sq. Yards,3212,298,3276,701,1,0,,1,,,544
149364,RW36A_E-194,30,Sq. Yards,3205,291,3252,692,1,0,,1,,,544
150385,KN32_291,30,Sq. Yards,3197,283,3215,693,1,0,,1,,,544
151085,PW21_623,30,Sq. Yards,3212,298,3276,684,1,0,,1,,,544
151489,JR6_E-285,30,Sq. Yards,3206,292,3257,686,1,0,,1,,,544
152040,RW19.1_E-27,30,Sq. Yards,3208,294,3264,692,1,0,,1,,,544
152289,JG23_1169,30,Sq. Yards,3194,280,3200,683,1,0,,1,,,544
152657,RW27.28.26PII_E-1279,30,Sq. Yards,3205,291,3252,694,1,0,,1,,,544
152876,RW18.2-2463,30,Sq. Yards,3208,294,3264,710,1,0,,1,,,544
152976,RW18.2-3364,30,Sq. Yards,3208,294,3264,682,1,0,,1,,,544
153025,RK5_E-157,30,Sq. Yards,3205,291,3252,690,1,0,,1,,,544
153776,JG23_1211,30,Sq. Yards,3194,280,3200,696,1,0,,1,,,544
154262,RW18.2-3584,30,Sq. Yards,3208,294,3264,707,1,0,,1,,,544
155901,RK21.2_E-92,30,Sq. Yards,3205,291,3252,690,1,0,,1,,,544
155934,MG9.10.3_E-250,30,Sq. Yards,3207,293,3259,692,1,0,,1,,,544
156320,JG23_1536,30,Sq. Yards,3194,280,3200,693,1,0,,1,,,544
156419,SSPIII20_E-213,30,Sq. Yards,3202,288,3238,708,1,0,,1,,,544
156484,RW18.2-3377,30,Sq. Yards,3208,294,3264,683,1,0,,1,,,544
157252,PWAP_E-441,30,Sq. Yards,3212,298,3276,691,1,0,,1,,,544
157420,RW18.2-2345,30,Sq. Yards,3208,294,3264,710,1,0,,1,,,544
157956,JG22.2_E-315,30,Sq. Yards,3194,280,3200,686,1,0,,1,,,544
158892,RW18.2-2184,30,Sq. Yards,3208,294,3264,700,1,0,,1,,,544
159359,SD8_E-109,30,Sq. Yards,3200,286,3230,685,1,0,,1,,,544
147744,PW21_36,30,Sq. Yards,3212,298,3276,708,1,0,,1,,,544
148630,PW21_807,30,Sq. Yards,3212,298,3276,703,1,0,,1,,,544
148665,JG24.1_E-13,30,Sq. Yards,3194,280,3200,1019,1,0,,1,,,544
148947,RW18.2-3220,30,Sq. Yards,3208,294,3264,691,1,0,,1,,,544
149065,RW36A_E-246,30,Sq. Yards,3205,291,3252,681,1,0,,1,,,544
149548,RK21.2_E-541,30,Sq. Yards,3205,291,3252,696,1,0,,1,,,544
149734,RW18.2-3750,30,Sq. Yards,3208,294,3264,705,1,0,,1,,,544
149865,RW27.28.26PII_E-1134,30,Sq. Yards,3205,291,3252,701,1,0,,1,,,544
150283,PJ28.1_E-121,30,Sq. Yards,3192,278,3193,935,1,0,,1,,,544
150470,RW18.2-2072,30,Sq. Yards,3208,294,3264,700,1,0,,1,,,544
151487,RK21.2_E-525,30,Sq. Yards,3205,291,3252,700,1,0,,1,,,544
151705,RW27.28.26PII_E-715,30,Sq. Yards,3205,291,3252,692,1,0,,1,,,544
152138,RW18.2-2091,30,Sq. Yards,3208,294,3264,704,1,0,,1,,,544
152341,RW27.28.26PII_E-671,30,Sq. Yards,3205,291,3252,699,1,0,,1,,,544
162442,PW21_1094,30,Sq. Yards,3212,298,3276,708,1,0,,1,,,544
147532,JG23_1196,30,Sq. Yards,3194,280,3200,695,1,0,,1,,,544
147957,SSPIII20_E-685,30,Sq. Yards,3202,288,3238,709,1,0,,1,,,544
148927,RW27.28.26PII_E-1512,30,Sq. Yards,3205,291,3252,682,1,0,,1,,,544
149393,JG23_1706,30,Sq. Yards,3194,280,3200,702,1,0,,1,,,544
149395,JG23_1220,30,Sq. Yards,3194,280,3200,692,1,0,,1,,,544
149706,PJ28.3_E-84,30,Sq. Yards,3192,278,3193,935,1,0,,1,,,544
151274,JG22.1_E-103,30,Sq. Yards,3194,280,3200,690,1,0,,1,,,544
152069,JG23_1986,30,Sq. Yards,3194,280,3200,701,1,0,,1,,,544
152335,PW21_1141,30,Sq. Yards,3212,298,3276,706,1,0,,1,,,544
152646,RW18.2-2724,30,Sq. Yards,3208,294,3264,702,1,0,,1,,,544
153382,JR9PII_E-237,30,Sq. Yards,3206,292,3257,691,1,0,,1,,,544
154477,MG9.10.2_E-6,30,Sq. Yards,3207,293,3259,687,1,0,,1,,,544
154507,RK21.2_E-479,30,Sq. Yards,3205,291,3252,681,1,0,,1,,,544
154643,RW27.28.26PII_E-1324,30,Sq. Yards,3205,291,3252,692,1,0,,1,,,544
154918,PW21_613,30,Sq. Yards,3212,298,3276,703,1,0,,1,,,544
154920,GO16_E-29,30,Sq. Yards,3199,285,3221,692,1,0,,1,,,544
155720,RW18.2-3314,30,Sq. Yards,3208,294,3264,681,1,0,,1,,,544
157858,RW27.28.26PII_E-1473,30,Sq. Yards,3205,291,3252,696,1,0,,1,,,544
159689,KN32_135,30,Sq. Yards,3197,283,3215,696,1,0,,1,,,544
160064,SD8_E-99,30,Sq. Yards,3200,286,3230,693,1,0,,1,,,544
161061,RK5_E-357,30,Sq. Yards,3205,291,3252,700,1,0,,1,,,544
161570,JG22.2_E-653,30,Sq. Yards,3194,280,3200,700,1,0,,1,,,544
162499,JG23_650,30,Sq. Yards,3194,280,3200,689,1,0,,1,,,544
162697,PWAP_E-433,30,Sq. Yards,3212,298,3276,709,1,0,,1,,,544
147559,JG23_1556,30,Sq. Yards,3194,280,3200,691,1,0,,1,,,544
147960,CD9_E-463,30,Sq. Yards,3213,299,3279,689,1,0,,1,,,544
148213,JG23_1687,30,Sq. Yards,3194,280,3200,686,1,0,,1,,,544
149531,JR9PII_E-64,30,Sq. Yards,3206,292,3257,682,1,0,,1,,,544
150036,JG22.2_E-172,30,Sq. Yards,3194,280,3200,687,1,0,,1,,,544
150585,RK5_E-63,30,Sq. Yards,3205,291,3252,684,1,0,,1,,,544
150653,PWAP_E-204,30,Sq. Yards,3212,298,3276,699,1,0,,1,,,544
151604,SD8_E-23,30,Sq. Yards,3200,286,3230,684,1,0,,1,,,544
151739,GO16_E-255,30,Sq. Yards,3199,285,3221,682,1,0,,1,,,544
152089,PWAP_E-413,30,Sq. Yards,3212,298,3276,704,1,0,,1,,,544
152225,JR6_E-353,30,Sq. Yards,3206,292,3257,694,1,0,,1,,,544
152857,RW36A_E-103,30,Sq. Yards,3205,291,3252,685,1,0,,1,,,544
153044,JG23_558,30,Sq. Yards,3194,280,3200,696,1,0,,1,,,544
154030,JR6_E-328,30,Sq. Yards,3206,292,3257,687,1,0,,1,,,544
154297,JR9PII_E-5,30,Sq. Yards,3206,292,3257,696,1,0,,1,,,544
154430,SSPIII20_E-681,30,Sq. Yards,3202,288,3238,702,1,0,,1,,,544
155116,JG23_1600,30,Sq. Yards,3194,280,3200,682,1,0,,1,,,544
155333,RW36A_E-298,30,Sq. Yards,3205,291,3252,683,1,0,,1,,,544
155966,JR6_E-107,30,Sq. Yards,3206,292,3257,684,1,0,,1,,,544
156401,SD8_E-230,30,Sq. Yards,3200,286,3230,693,1,0,,1,,,544
157787,SSPIII20_E-781,30,Sq. Yards,3202,288,3238,705,1,0,,1,,,544
159024,JG23_1828,30,Sq. Yards,3194,280,3200,692,1,0,,1,,,544
159059,PW21_497,30,Sq. Yards,3212,298,3276,688,1,0,,1,,,544
159409,RK5_E-163,30,Sq. Yards,3205,291,3252,695,1,0,,1,,,544
159692,MG9.10.3_E-79,30,Sq. Yards,3207,293,3259,691,1,0,,1,,,544
159828,JG23_500,30,Sq. Yards,3194,280,3200,681,1,0,,1,,,544
159945,KN32_52,30,Sq. Yards,3197,283,3215,684,1,0,,1,,,544
160078,SSPIII20_E-443,30,Sq. Yards,3202,288,3238,766,1,0,,1,,,544
160177,RW27.28.26PII_E-31,30,Sq. Yards,3205,291,3252,696,1,0,,1,,,544
160764,PW21_537,30,Sq. Yards,3212,298,3276,709,1,0,,1,,,544
161414,CD9_E-473,30,Sq. Yards,3213,299,3279,682,1,0,,1,,,544
162685,RW18.2-2392,30,Sq. Yards,3208,294,3264,704,1,0,,1,,,544
147501,RW27.28.26PII_E-1103,30,Sq. Yards,3205,291,3252,695,1,0,,1,,,544
147788,MG9.10.3_E-243,30,Sq. Yards,3207,293,3259,682,1,0,,1,,,544
147918,RW19.1_E-63,30,Sq. Yards,3208,294,3264,696,1,0,,1,,,544
148673,RK5_E-42,30,Sq. Yards,3205,291,3252,683,1,0,,1,,,544
149156,KN9.32_E-14,30,Sq. Yards,3197,283,3215,694,1,0,,1,,,544
149590,CD1B_E-145,30,Sq. Yards,3213,299,3279,699,1,0,,1,,,544
150060,PJ28.2_E-7,30,Sq. Yards,3192,278,3193,687,1,0,,1,,,544
150258,RW19.1_E-70,30,Sq. Yards,3208,294,3264,698,1,0,,1,,,544
162038,PW21_259,30,Sq. Yards,3212,298,3276,696,1,0,,1,,,544
162363,KN32_242,30,Sq. Yards,3197,283,3215,691,1,0,,1,,,544
148313,MG9.10.2_E-41,30,Sq. Yards,3207,293,3259,687,1,0,,1,,,544
148481,SSPIII20_E-89,30,Sq. Yards,3202,288,3238,703,1,0,,1,,,544
148582,RW27.28.26PII_E-1432,30,Sq. Yards,3205,291,3252,692,1,0,,1,,,544
148682,PJ28.2_E-59,30,Sq. Yards,3192,278,3193,935,1,0,,1,,,544
149232,JG22.2_E-199,30,Sq. Yards,3194,280,3200,682,1,0,,1,,,544
149281,JG24.2_E-132,30,Sq. Yards,3194,280,3200,682,1,0,,1,,,544
149417,SSPIII20_E-441,30,Sq. Yards,3202,288,3238,693,1,0,,1,,,544
149968,RW27.28.26PII_E-1527,30,Sq. Yards,3205,291,3252,688,1,0,,1,,,544
151136,CD9_E-504,30,Sq. Yards,3213,299,3279,682,1,0,,1,,,544
151139,RW27.28.26PII_E-1682,30,Sq. Yards,3205,291,3252,691,1,0,,1,,,544
151486,FD9_E-76,30,Sq. Yards,3201,287,3233,695,1,0,,1,,,544
152358,RW27.28.26PII_E-959,30,Sq. Yards,3205,291,3252,681,1,0,,1,,,544
153911,RW27.28.26PII_E-367,30,Sq. Yards,3205,291,3252,690,1,0,,1,,,544
154511,PWAP_E-336,30,Sq. Yards,3212,298,3276,695,1,0,,1,,,544
154515,RK5_E-283,30,Sq. Yards,3205,291,3252,684,1,0,,1,,,544
154612,SSPIII20_E-231,30,Sq. Yards,3202,288,3238,863,1,0,,1,,,544
154747,JG23_1457,30,Sq. Yards,3194,280,3200,695,1,0,,1,,,544
155497,RK21.2_E-471,30,Sq. Yards,3205,291,3252,701,1,0,,1,,,544
155633,PW21_496,30,Sq. Yards,3212,298,3276,697,1,0,,1,,,544
157005,SSPIII20_E-195,30,Sq. Yards,3202,288,3238,708,1,0,,1,,,544
157370,RK21.2_E-572,30,Sq. Yards,3205,291,3252,690,1,0,,1,,,544
158459,PJ28.1_E-19,30,Sq. Yards,3192,278,3193,684,1,0,,1,,,544
158909,RW27.28.26PII_E-733,30,Sq. Yards,3205,291,3252,695,1,0,,1,,,544
159545,RW18.1_E-50,30,Sq. Yards,3208,294,3264,703,1,0,,1,,,544
159728,SSPIII20_E-293,30,Sq. Yards,3202,288,3238,700,1,0,,1,,,544
159742,RK21.2_E-518,30,Sq. Yards,3205,291,3252,682,1,0,,1,,,544
160228,PWAP_E-298,30,Sq. Yards,3212,298,3276,696,1,0,,1,,,544
160881,JR6_E-8,30,Sq. Yards,3206,292,3257,694,1,0,,1,,,544
161632,PWAP_E-442,30,Sq. Yards,3212,298,3276,947,1,0,,1,,,544
161968,PWAP_E-281,30,Sq. Yards,3212,298,3276,696,1,0,,1,,,544
162318,RW18.2-2664,30,Sq. Yards,3208,294,3264,707,1,0,,1,,,544
162503,GO16_E-174,30,Sq. Yards,3199,285,3221,700,1,0,,1,,,544
162568,FD9_E-90,30,Sq. Yards,3201,287,3233,688,1,0,,1,,,544
148090,SD8_E-115,30,Sq. Yards,3200,286,3230,688,1,0,,1,,,544
148290,RW27.28.26PII_E-384,30,Sq. Yards,3205,291,3252,684,1,0,,1,,,544
148383,RW27.28.26PII_E-939,30,Sq. Yards,3205,291,3252,690,1,0,,1,,,544
149244,JR9PII_E-14,30,Sq. Yards,3206,292,3257,681,1,0,,1,,,544
150455,RW27.28.26PII_E-1428,30,Sq. Yards,3205,291,3252,686,1,0,,1,,,544
151845,RK5_E-309,30,Sq. Yards,3205,291,3252,684,1,0,,1,,,544
152070,JG23_751,30,Sq. Yards,3194,280,3200,691,1,0,,1,,,544
152209,FD9_E-140,30,Sq. Yards,3201,287,3233,686,1,0,,1,,,544
152756,PWAP_E-326,30,Sq. Yards,3212,298,3276,709,1,0,,1,,,544
153438,JR6_E-154,30,Sq. Yards,3206,292,3257,692,1,0,,1,,,544
153817,SD8_E-217,30,Sq. Yards,3200,286,3230,686,1,0,,1,,,544
154592,RW19.1_E-61,30,Sq. Yards,3208,294,3264,698,1,0,,1,,,544
154642,SSPIII20_E-1,30,Sq. Yards,3202,288,3238,688,1,0,,1,,,544
155889,RW27.28.26PII_E-1519,30,Sq. Yards,3205,291,3252,696,1,0,,1,,,544
156332,JR6_E-39,30,Sq. Yards,3206,292,3257,690,1,0,,1,,,544
158611,JG23_1770,30,Sq. Yards,3194,280,3200,1053,1,0,,1,,,544
159404,JG23_545,30,Sq. Yards,3194,280,3200,701,1,0,,1,,,544
161126,PW21_191,30,Sq. Yards,3212,298,3276,774,1,0,,1,,,544
162698,SD8_E-190,30,Sq. Yards,3200,286,3230,694,1,0,,1,,,544
148418,JG23_314,30,Sq. Yards,3194,280,3200,681,1,0,,1,,,544
148884,JR6_E-156,30,Sq. Yards,3206,292,3257,691,1,0,,1,,,544
149018,CD9_E-438,30,Sq. Yards,3213,299,3279,690,1,0,,1,,,544
150120,RW18.2-2504,30,Sq. Yards,3208,294,3264,700,1,0,,1,,,544
151115,JG23_310,30,Sq. Yards,3194,280,3200,698,1,0,,1,,,544
151292,MG9.10.3_E-245,30,Sq. Yards,3207,293,3259,690,1,0,,1,,,544
151953,JG23_994,30,Sq. Yards,3194,280,3200,686,1,0,,1,,,544
152221,SSPIII20_E-835,30,Sq. Yards,3202,288,3238,681,1,0,,1,,,544
152319,PWAP_E-489,30,Sq. Yards,3212,298,3276,703,1,0,,1,,,544
154134,SSPIII20_E-812,30,Sq. Yards,3202,288,3238,691,1,0,,1,,,544
159004,PW21_447,30,Sq. Yards,3212,298,3276,682,1,0,,1,,,544
159279,MG9.10.2_E-23,30,Sq. Yards,3207,293,3259,688,1,0,,1,,,544
159572,RW18.2-2828,30,Sq. Yards,3208,294,3264,710,1,0,,1,,,544
160408,GO13.14_220,30,Sq. Yards,3199,285,3221,699,1,0,,1,,,544
148150,JG23_1913,30,Sq. Yards,3194,280,3200,695,1,0,,1,,,544
149218,RW18.2-3334,30,Sq. Yards,3208,294,3264,681,1,0,,1,,,544
149577,RW18.2-3460,30,Sq. Yards,3208,294,3264,705,1,0,,1,,,544
149822,GO16_E-214,30,Sq. Yards,3199,285,3221,683,1,0,,1,,,544
150249,PJ28.1_E-124,30,Sq. Yards,3192,278,3193,935,1,0,,1,,,544
150322,JG24.2_E-21,30,Sq. Yards,3194,280,3200,691,1,0,,1,,,544
151051,RW18.2-2483,30,Sq. Yards,3208,294,3264,705,1,0,,1,,,544
151460,RW18.2-3447,30,Sq. Yards,3208,294,3264,687,1,0,,1,,,544
151494,CD9_E-75,30,Sq. Yards,3213,299,3279,684,1,0,,1,,,544
151894,JR6_E-139,30,Sq. Yards,3206,292,3257,681,1,0,,1,,,544
152119,PWAP_E-305,30,Sq. Yards,3212,298,3276,710,1,0,,1,,,544
152294,RW18.2-3484,30,Sq. Yards,3208,294,3264,708,1,0,,1,,,544
152589,JR9PII_E-253,30,Sq. Yards,3206,292,3257,689,1,0,,1,,,544
153366,PWAP_E-200,30,Sq. Yards,3212,298,3276,697,1,0,,1,,,544
153689,JG22.2_E-505,30,Sq. Yards,3194,280,3200,687,1,0,,1,,,544
153934,GO13.14_110,30,Sq. Yards,3199,285,3221,684,1,0,,1,,,544
154168,RW27.28.26PII_E-32,30,Sq. Yards,3205,291,3252,687,1,0,,1,,,544
155034,RK21.2_E-77,30,Sq. Yards,3205,291,3252,684,1,0,,1,,,544
155363,JAJ_E-131,30,Sq. Yards,3200,286,3229,692,1,0,,1,,,544
156131,PW21_425,30,Sq. Yards,3212,298,3276,688,1,0,,1,,,544
157574,RK5_E-335,30,Sq. Yards,3205,291,3252,687,1,0,,1,,,544
158078,RW18.2-3479,30,Sq. Yards,3208,294,3264,703,1,0,,1,,,544
158210,JG22.2_E-488,30,Sq. Yards,3194,280,3200,688,1,0,,1,,,544
162349,SSPIII20_E-381,30,Sq. Yards,3202,288,3238,689,1,0,,1,,,544
162583,KN32_285,30,Sq. Yards,3197,283,3215,697,1,0,,1,,,544
149091,KN9.32_E-19,30,Sq. Yards,3197,283,3215,681,1,0,,1,,,544
149423,JR6_E-167,30,Sq. Yards,3206,292,3257,686,1,0,,1,,,544
150108,RW18.2-3795,30,Sq. Yards,3208,294,3264,703,1,0,,1,,,544
150710,MG9.10.3_E-270,30,Sq. Yards,3207,293,3259,690,1,0,,1,,,544
151682,RW27.28.26PII_E-814,30,Sq. Yards,3205,291,3252,687,1,0,,1,,,544
151814,RW18.2-3031,30,Sq. Yards,3208,294,3264,710,1,0,,1,,,544
152065,JG22.2_E-3,30,Sq. Yards,3194,280,3200,686,1,0,,1,,,544
152365,JR9PII_E-214,30,Sq. Yards,3206,292,3257,683,1,0,,1,,,544
152514,JG23_1648,30,Sq. Yards,3194,280,3200,684,1,0,,1,,,544
152816,PJ28.1_E-32,30,Sq. Yards,3192,278,3193,699,1,0,,1,,,544
152899,JR6_E-316,30,Sq. Yards,3206,292,3257,696,1,0,,1,,,544
153701,PJ28.1_E-9,30,Sq. Yards,3192,278,3193,1052,1,0,,1,,,544
153820,PJ28.3_E-64,30,Sq. Yards,3192,278,3193,935,1,0,,1,,,544
155239,GO16_E-263,30,Sq. Yards,3199,285,3221,697,1,0,,1,,,544
155409,JG23_1469,30,Sq. Yards,3194,280,3200,711,1,0,,1,,,544
155509,MG9.10.3_E-358,30,Sq. Yards,3207,293,3259,689,1,0,,1,,,544
156294,RW27.28.26PII_E-1468,30,Sq. Yards,3205,291,3252,686,1,0,,1,,,544
156777,JR6_E-413,30,Sq. Yards,3206,292,3257,685,1,0,,1,,,544
156826,SSPIII20_E-821,30,Sq. Yards,3202,288,3238,681,1,0,,1,,,544
157147,PWAP_E-302,30,Sq. Yards,3212,298,3276,704,1,0,,1,,,544
157196,RW36A_E-31,30,Sq. Yards,3205,291,3252,697,1,0,,1,,,544
157311,SSPIII20_E-545,30,Sq. Yards,3202,288,3238,687,1,0,,1,,,544
157462,KN32_329,30,Sq. Yards,3197,283,3215,681,1,0,,1,,,544
157881,JG23_570,30,Sq. Yards,3194,280,3200,693,1,0,,1,,,544
158247,JG23_1688,30,Sq. Yards,3194,280,3200,691,1,0,,1,,,544
159568,PW21_770,30,Sq. Yards,3212,298,3276,706,1,0,,1,,,544
159802,RW18.2-3622,30,Sq. Yards,3208,294,3264,683,1,0,,1,,,544
161857,RW27.28.26PII_E-905,30,Sq. Yards,3205,291,3252,686,1,0,,1,,,544
147822,PW21_521,30,Sq. Yards,3212,298,3276,695,1,0,,1,,,544
147840,RW18.2-3176,30,Sq. Yards,3208,294,3264,689,1,0,,1,,,544
147933,RW27.28.26PII_E-631,30,Sq. Yards,3205,291,3252,689,1,0,,1,,,544
148265,RW27.28.26PII_E-840,30,Sq. Yards,3205,291,3252,686,1,0,,1,,,544
151277,JG23_936,30,Sq. Yards,3194,280,3200,686,1,0,,1,,,544
151309,JG23_1176,30,Sq. Yards,3194,280,3200,683,1,0,,1,,,544
152888,RW27.28.26PII_E-349,30,Sq. Yards,3205,291,3252,701,1,0,,1,,,544
161326,SSPIII20_E-757,30,Sq. Yards,3202,288,3238,692,1,0,,1,,,544
161480,JG23_1311,30,Sq. Yards,3194,280,3200,692,1,0,,1,,,544
162330,RW27.28.26PII_E-78,30,Sq. Yards,3205,291,3252,696,1,0,,1,,,544
148016,KN32_130,30,Sq. Yards,3197,283,3215,681,1,0,,1,,,544
148886,RW27.28.26PII_E-932,30,Sq. Yards,3205,291,3252,683,1,0,,1,,,544
149854,PW21_711,30,Sq. Yards,3212,298,3276,688,1,0,,1,,,544
149911,PW21_83,30,Sq. Yards,3212,298,3276,707,1,0,,1,,,544
149945,RW18.2-3519,30,Sq. Yards,3208,294,3264,682,1,0,,1,,,544
150347,JAJ_E-22,30,Sq. Yards,3200,286,3229,690,1,0,,1,,,544
150381,RW27.28.26PII_E-1336,30,Sq. Yards,3205,291,3252,700,1,0,,1,,,544
150588,RW27.28.26PII_E-966,30,Sq. Yards,3205,291,3252,688,1,0,,1,,,544
151458,RW18.2-2235,30,Sq. Yards,3208,294,3264,704,1,0,,1,,,544
151785,PW21_944,30,Sq. Yards,3212,298,3276,684,1,0,,1,,,544
154734,PW21_48,30,Sq. Yards,3212,298,3276,704,1,0,,1,,,544
156529,GO16_E-282,30,Sq. Yards,3199,285,3221,698,1,0,,1,,,544
156565,JR6_E-48,30,Sq. Yards,3206,292,3257,689,1,0,,1,,,544
156633,JG23_1644,30,Sq. Yards,3194,280,3200,691,1,0,,1,,,544
157199,JR6_E-179,30,Sq. Yards,3206,292,3257,692,1,0,,1,,,544
157465,JR6_E-431,30,Sq. Yards,3206,292,3257,689,1,0,,1,,,544
158003,MG9.10.3_E-34,30,Sq. Yards,3207,293,3259,693,1,0,,1,,,544
158010,CD9_E-509,30,Sq. Yards,3213,299,3279,696,1,0,,1,,,544
158546,RW19.1_E-74,30,Sq. Yards,3208,294,3264,695,1,0,,1,,,544
159203,JG24.1_E-10,30,Sq. Yards,3194,280,3200,694,1,0,,1,,,544
159571,PW21_423,30,Sq. Yards,3212,298,3276,696,1,0,,1,,,544
159682,SSPIII20_E-509,30,Sq. Yards,3202,288,3238,684,1,0,,1,,,544
160318,RK21.2_E-394,30,Sq. Yards,3205,291,3252,691,1,0,,1,,,544
161654,JG23_787,30,Sq. Yards,3194,280,3200,697,1,0,,1,,,544
162290,RW36A_E-116,30,Sq. Yards,3205,291,3252,682,1,0,,1,,,544
148019,RK21.2_E-252,30,Sq. Yards,3205,291,3252,684,1,0,,1,,,544
148104,SSPIII20_E-572,30,Sq. Yards,3202,288,3238,691,1,0,,1,,,544
148504,JG24.2_E-15,30,Sq. Yards,3194,280,3200,684,1,0,,1,,,544
148640,RW27.28.26PII_E-99,30,Sq. Yards,3205,291,3252,683,1,0,,1,,,544
149740,JG22.2_E-158,30,Sq. Yards,3194,280,3200,689,1,0,,1,,,544
149857,JR6_E-359,30,Sq. Yards,3206,292,3257,683,1,0,,1,,,544
151478,JG23_429,30,Sq. Yards,3194,280,3200,691,1,0,,1,,,544
151565,RW36A_E-120,30,Sq. Yards,3205,291,3252,699,1,0,,1,,,544
151982,PWAP_E-215,30,Sq. Yards,3212,298,3276,705,1,0,,1,,,544
152716,RW18.2-2104,30,Sq. Yards,3208,294,3264,700,1,0,,1,,,544
153584,JG22.2_E-701,30,Sq. Yards,3194,280,3200,686,1,0,,1,,,544
153969,PJ28.1_E-195,30,Sq. Yards,3192,278,3193,974,1,0,,1,,,544
154203,KN32_193,30,Sq. Yards,3197,283,3215,975,1,0,,1,,,544
154488,RW27.28.26PII_E-30,30,Sq. Yards,3205,291,3252,700,1,0,,1,,,544
154771,PW21_1136,30,Sq. Yards,3212,298,3276,695,1,0,,1,,,544
155307,RK21.2_E-249,30,Sq. Yards,3205,291,3252,695,1,0,,1,,,544
156092,PW21_395,30,Sq. Yards,3212,298,3276,696,1,0,,1,,,544
156192,RW27.28.26PII_E-1494,30,Sq. Yards,3205,291,3252,690,1,0,,1,,,544
156679,PWAP_E-400,30,Sq. Yards,3212,298,3276,708,1,0,,1,,,544
157128,JG23_1757,30,Sq. Yards,3194,280,3200,702,1,0,,1,,,544
157747,JG23_807,30,Sq. Yards,3194,280,3200,698,1,0,,1,,,544
158434,RW27.28.26PII_E-1108,30,Sq. Yards,3205,291,3252,681,1,0,,1,,,544
159249,MG9.10.3_E-82,30,Sq. Yards,3207,293,3259,693,1,0,,1,,,544
159487,JG23_560,30,Sq. Yards,3194,280,3200,683,1,0,,1,,,544
159985,PJ28.3_E-120,30,Sq. Yards,3192,278,3193,710,1,0,,1,,,544
160889,RW18.2-3431,30,Sq. Yards,3208,294,3264,707,1,0,,1,,,544
161306,JG23_814,30,Sq. Yards,3194,280,3200,683,1,0,,1,,,544
161791,JG23_1107,30,Sq. Yards,3194,280,3200,691,1,0,,1,,,544
147490,FD9_E-130,30,Sq. Yards,3201,287,3233,685,1,0,,1,,,544
149026,RW27.28.26PII_E-701,30,Sq. Yards,3205,291,3252,688,1,0,,1,,,544
149405,RW27.28.26PII_E-1326,30,Sq. Yards,3205,291,3252,686,1,0,,1,,,544
149862,PW21_856,30,Sq. Yards,3212,298,3276,707,1,0,,1,,,544
150316,RW18.2-2984,30,Sq. Yards,3208,294,3264,689,1,0,,1,,,544
150780,RW27.28.26PII_E-1197,30,Sq. Yards,3205,291,3252,681,1,0,,1,,,544
150798,RW27.28.26PII_E-1304,30,Sq. Yards,3205,291,3252,682,1,0,,1,,,544
151920,JG22.2_E-303,30,Sq. Yards,3194,280,3200,696,1,0,,1,,,544
154348,RW18.2-2233,30,Sq. Yards,3208,294,3264,698,1,0,,1,,,544
155888,JG23_1067,30,Sq. Yards,3194,280,3200,697,1,0,,1,,,544
157349,PW21_12,30,Sq. Yards,3212,298,3276,681,1,0,,1,,,544
157851,PW21_982,30,Sq. Yards,3212,298,3276,692,1,0,,1,,,544
158628,JG23_1086,30,Sq. Yards,3194,280,3200,1023,1,0,,1,,,544
159523,GO16_E-290,30,Sq. Yards,3199,285,3221,690,1,0,,1,,,544
160223,SSPIII20_E-59,30,Sq. Yards,3202,288,3238,702,1,0,,1,,,544
160627,RW27.28.26PII_E-689,30,Sq. Yards,3205,291,3252,692,1,0,,1,,,544
161304,JR6_E-382,30,Sq. Yards,3206,292,3257,693,1,0,,1,,,544
161436,RW18.2-2754,30,Sq. Yards,3208,294,3264,696,1,0,,1,,,544
161970,RW27.28.26PII_E-420,30,Sq. Yards,3205,291,3252,684,1,0,,1,,,544
162061,RW18.2-3674,30,Sq. Yards,3208,294,3264,686,1,0,,1,,,544
162399,RW27.28.26PII_E-1237,30,Sq. Yards,3205,291,3252,689,1,0,,1,,,544
147627,MG9.10.3_E-202,30,Sq. Yards,3207,293,3259,682,1,0,,1,,,544
147727,PJ28.1_E-112,30,Sq. Yards,3192,278,3193,935,1,0,,1,,,544
148113,GO16_E-89,30,Sq. Yards,3199,285,3221,688,1,0,,1,,,544
148764,RK21.2_E-116,30,Sq. Yards,3205,291,3252,682,1,0,,1,,,544
149568,RK21.2_E-338,30,Sq. Yards,3205,291,3252,702,1,0,,1,,,544
149600,GO16_E-95,30,Sq. Yards,3199,285,3221,696,1,0,,1,,,544
150886,JG23_592,30,Sq. Yards,3194,280,3200,1055,1,0,,1,,,544
150971,SSPIII20_E-52,30,Sq. Yards,3202,288,3238,766,1,0,,1,,,544
151454,PW21_123,30,Sq. Yards,3212,298,3276,774,1,0,,1,,,544
151789,JAJ_E-52,30,Sq. Yards,3200,286,3229,693,1,0,,1,,,544
151822,RW19.2_E-42,30,Sq. Yards,3208,294,3264,684,1,0,,1,,,544
151890,RK5_E-56,30,Sq. Yards,3205,291,3252,692,1,0,,1,,,544
152725,RW18.2-2832,30,Sq. Yards,3208,294,3264,698,1,0,,1,,,544
153512,RW18.2-2825,30,Sq. Yards,3208,294,3264,700,1,0,,1,,,544
154043,KN32_42,30,Sq. Yards,3197,283,3215,694,1,0,,1,,,544
154462,RW27.28.26PII_E-1126,30,Sq. Yards,3205,291,3252,681,1,0,,1,,,544
155265,RK5_E-256,30,Sq. Yards,3205,291,3252,684,1,0,,1,,,544
155366,RK5_E-40,30,Sq. Yards,3205,291,3252,686,1,0,,1,,,544
155515,RK21.2_E-554,30,Sq. Yards,3205,291,3252,690,1,0,,1,,,544
155884,JG23_329,30,Sq. Yards,3194,280,3200,698,1,0,,1,,,544
156587,RW18.2-2336,30,Sq. Yards,3208,294,3264,687,1,0,,1,,,544
156938,RW18.1_E-70,30,Sq. Yards,3208,294,3264,697,1,0,,1,,,544
157337,JG22.2_E-231,30,Sq. Yards,3194,280,3200,703,1,0,,1,,,544
157338,JR9_E-12,30,Sq. Yards,3206,292,3257,681,1,0,,1,,,544
158073,RW18.2-3107,30,Sq. Yards,3208,294,3264,703,1,0,,1,,,544
158274,RW27.28.26PII_E-1291,30,Sq. Yards,3205,291,3252,685,1,0,,1,,,544
158291,RW19.1_E-46,30,Sq. Yards,3208,294,3264,708,1,0,,1,,,544
158724,RW27.28.26PII_E-1222,30,Sq. Yards,3205,291,3252,686,1,0,,1,,,544
158824,JG24.2_E-1,30,Sq. Yards,3194,280,3200,682,1,0,,1,,,544
158859,RW27.28.26PII_E-1169,30,Sq. Yards,3205,291,3252,693,1,0,,1,,,544
159060,JG22.2_E-747,30,Sq. Yards,3194,280,3200,681,1,0,,1,,,544
159428,PWAP_E-80,30,Sq. Yards,3212,298,3276,683,1,0,,1,,,544
159727,RW27.28.26PII_E-678,30,Sq. Yards,3205,291,3252,695,1,0,,1,,,544
159746,RW27.28.26PII_E-520,30,Sq. Yards,3205,291,3252,692,1,0,,1,,,544
159760,JR6_E-442,30,Sq. Yards,3206,292,3257,682,1,0,,1,,,544
160060,JG23_948,30,Sq. Yards,3194,280,3200,685,1,0,,1,,,544
160095,RW18.2-2614,30,Sq. Yards,3208,294,3264,687,1,0,,1,,,544
160531,RW18.1_E-108,30,Sq. Yards,3208,294,3264,686,1,0,,1,,,544
160581,JG24.1_E-57,30,Sq. Yards,3194,280,3200,695,1,0,,1,,,544
160845,GO13.14_210,30,Sq. Yards,3199,285,3221,696,1,0,,1,,,544
160846,JG23_594,30,Sq. Yards,3194,280,3200,681,1,0,,1,,,544
161835,JG23_609,30,Sq. Yards,3194,280,3200,691,1,0,,1,,,544
162149,SSPIII20_E-101,30,Sq. Yards,3202,288,3238,700,1,0,,1,,,544
162200,SD8_E-232,30,Sq. Yards,3200,286,3230,681,1,0,,1,,,544
147537,KN9.32_E-148,30,Sq. Yards,3197,283,3215,681,1,0,,1,,,544
147571,JR6_E-115,30,Sq. Yards,3206,292,3257,695,1,0,,1,,,544
147803,SD8_E-66,30,Sq. Yards,3200,286,3230,684,1,0,,1,,,544
148339,KN32_355,30,Sq. Yards,3197,283,3215,695,1,0,,1,,,544
150309,RW27.28.26PII_E-137,30,Sq. Yards,3205,291,3252,701,1,0,,1,,,544
150679,KN32_53,30,Sq. Yards,3197,283,3215,686,1,0,,1,,,544
151381,SSPIII20_E-285,30,Sq. Yards,3202,288,3238,688,1,0,,1,,,544
162029,JR9PII_E-155,30,Sq. Yards,3206,292,3257,692,1,0,,1,,,544
162106,SSPIII20_E-261,30,Sq. Yards,3202,288,3238,703,1,0,,1,,,544
162170,RW27.28.26PII_E-158,30,Sq. Yards,3205,291,3252,683,1,0,,1,,,544
162538,CD9_E-46,30,Sq. Yards,3213,299,3279,685,1,0,,1,,,544
162638,RW19.2_E-83,30,Sq. Yards,3208,294,3264,708,1,0,,1,,,544
147577,SSPIII20_E-474,30,Sq. Yards,3202,288,3238,682,1,0,,1,,,544
147777,RK5_E-141,30,Sq. Yards,3205,291,3252,700,1,0,,1,,,544
149064,CD9_E-389,30,Sq. Yards,3213,299,3279,695,1,0,,1,,,544
149182,JG23_1555,30,Sq. Yards,3194,280,3200,685,1,0,,1,,,544
149331,RW27.28.26PII_E-703,30,Sq. Yards,3205,291,3252,684,1,0,,1,,,544
149982,RK5_E-327,30,Sq. Yards,3205,291,3252,682,1,0,,1,,,544
150768,RK5_E-222,30,Sq. Yards,3205,291,3252,683,1,0,,1,,,544
150904,RK21.2_E-301,30,Sq. Yards,3205,291,3252,682,1,0,,1,,,544
151854,PJ28.3_E-65,30,Sq. Yards,3192,278,3193,944,1,0,,1,,,544
152125,RW18.2-2222,30,Sq. Yards,3208,294,3264,688,1,0,,1,,,544
152808,RW27.28.26PII_E-1171,30,Sq. Yards,3205,291,3252,683,1,0,,1,,,544
153294,RW27.28.26PII_E-416,30,Sq. Yards,3205,291,3252,686,1,0,,1,,,544
153679,SSPIII20_E-143,30,Sq. Yards,3202,288,3238,687,1,0,,1,,,544
153980,RW36A_E-93,30,Sq. Yards,3205,291,3252,696,1,0,,1,,,544
154294,GO13.14_112,30,Sq. Yards,3199,285,3221,684,1,0,,1,,,544
155083,JG22.2_E-192,30,Sq. Yards,3194,280,3200,686,1,0,,1,,,544
155616,RW27.28.26PII_E-1451,30,Sq. Yards,3205,291,3252,681,1,0,,1,,,544
155651,CD9_E-361,30,Sq. Yards,3213,299,3279,692,1,0,,1,,,544
155834,CD9_E-170,30,Sq. Yards,3213,299,3279,693,1,0,,1,,,544
157473,JR6_E-275,30,Sq. Yards,3206,292,3257,694,1,0,,1,,,544
158406,RW18.1_E-62,30,Sq. Yards,3208,294,3264,701,1,0,,1,,,544
159041,JG23_513,30,Sq. Yards,3194,280,3200,696,1,0,,1,,,544
159660,RW18.2-2338,30,Sq. Yards,3208,294,3264,685,1,0,,1,,,544
159709,JG22.2_E-508,30,Sq. Yards,3194,280,3200,687,1,0,,1,,,544
161800,FD9_E-69,30,Sq. Yards,3201,287,3233,695,1,0,,1,,,544
147533,PJ28.3_E-68,30,Sq. Yards,3192,278,3193,944,1,0,,1,,,544
148501,RW18.2-3251,30,Sq. Yards,3208,294,3264,705,1,0,,1,,,544
149037,RW27.28.26PII_E-223,30,Sq. Yards,3205,291,3252,681,1,0,,1,,,544
149087,JG23_327,30,Sq. Yards,3194,280,3200,692,1,0,,1,,,544
149555,SSPIII20_E-575,30,Sq. Yards,3202,288,3238,692,1,0,,1,,,544
149973,JG24.2_E-69,30,Sq. Yards,3194,280,3200,695,1,0,,1,,,544
150280,PJ28.3_E-216,30,Sq. Yards,3192,278,3193,935,1,0,,1,,,544
150530,PW21_453,30,Sq. Yards,3212,298,3276,687,1,0,,1,,,544
151159,JG24.2_E-32,30,Sq. Yards,3194,280,3200,682,1,0,,1,,,544
151802,RW18.2-3339,30,Sq. Yards,3208,294,3264,684,1,0,,1,,,544
151834,RW27.28.26PII_E-275,30,Sq. Yards,3205,291,3252,691,1,0,,1,,,544
151902,JAJ_E-40,30,Sq. Yards,3200,286,3229,689,1,0,,1,,,544
151909,RW18.2-2414,30,Sq. Yards,3208,294,3264,711,1,0,,1,,,544
151959,JG24.2_E-125,30,Sq. Yards,3194,280,3200,691,1,0,,1,,,544
152327,RW27.28.26PII_E-1298,30,Sq. Yards,3205,291,3252,696,1,0,,1,,,544
152345,SSPIII20_E-766,30,Sq. Yards,3202,288,3238,701,1,0,,1,,,544
152388,JG23_1843,30,Sq. Yards,3194,280,3200,682,1,0,,1,,,544
152720,JR9PII_E-27,30,Sq. Yards,3206,292,3257,691,1,0,,1,,,544
153274,JG22.2_E-640,30,Sq. Yards,3194,280,3200,701,1,0,,1,,,544
153431,RW18.2-2323,30,Sq. Yards,3208,294,3264,705,1,0,,1,,,544
153992,JR9PII_E-30,30,Sq. Yards,3206,292,3257,684,1,0,,1,,,544
154017,CD9_E-441,30,Sq. Yards,3213,299,3279,689,1,0,,1,,,544
154635,RK5_E-196,30,Sq. Yards,3205,291,3252,702,1,0,,1,,,544
155142,MG9.10.3_E-114,30,Sq. Yards,3207,293,3259,691,1,0,,1,,,544
155628,RW27.28.26PII_E-1072,30,Sq. Yards,3205,291,3252,698,1,0,,1,,,544
155771,KN32_87,30,Sq. Yards,3197,283,3215,683,1,0,,1,,,544
155853,PJ28.3_E-62,30,Sq. Yards,3192,278,3193,974,1,0,,1,,,544
156489,JG23_881,30,Sq. Yards,3194,280,3200,691,1,0,,1,,,544
156700,SSPIII20_E-152,30,Sq. Yards,3202,288,3238,702,1,0,,1,,,544
156750,KN9.32_E-53,30,Sq. Yards,3197,283,3215,681,1,0,,1,,,544
156839,SSPIII20_E-223,30,Sq. Yards,3202,288,3238,701,1,0,,1,,,544
157100,RW27.28.26PII_E-589,30,Sq. Yards,3205,291,3252,683,1,0,,1,,,544
157175,CD9_E-451,30,Sq. Yards,3213,299,3279,685,1,0,,1,,,544
157975,RW27.28.26PII_E-430,30,Sq. Yards,3205,291,3252,683,1,0,,1,,,544
154654,RW27.28.26PII_E-305,30,Sq. Yards,3205,291,3252,690,1,0,,1,,,544
154707,RW18.2-2780,30,Sq. Yards,3208,294,3264,681,1,0,,1,,,544
155575,KN32_288,30,Sq. Yards,3197,283,3215,684,1,0,,1,,,544
156277,KN32_276,30,Sq. Yards,3197,283,3215,695,1,0,,1,,,544
156896,JG23_586,30,Sq. Yards,3194,280,3200,685,1,0,,1,,,544
157028,JG23_1170,30,Sq. Yards,3194,280,3200,685,1,0,,1,,,544
157411,SSPIII20_E-599,30,Sq. Yards,3202,288,3238,682,1,0,,1,,,544
157515,RW27.28.26PII_E-579,30,Sq. Yards,3205,291,3252,690,1,0,,1,,,544
158851,JG23_1874,30,Sq. Yards,3194,280,3200,694,1,0,,1,,,544
159185,RW27.28.26PII_E-294,30,Sq. Yards,3205,291,3252,684,1,0,,1,,,544
159436,PJ28.1_E-46,30,Sq. Yards,3192,278,3193,935,1,0,,1,,,544
160570,JG23_1416,30,Sq. Yards,3194,280,3200,695,1,0,,1,,,544
160955,JG23_1074,30,Sq. Yards,3194,280,3200,684,1,0,,1,,,544
161289,RW27.28.26PII_E-1643,30,Sq. Yards,3205,291,3252,698,1,0,,1,,,544
162525,RK5_E-54,30,Sq. Yards,3205,291,3252,682,1,0,,1,,,544
149194,JG23_1407,30,Sq. Yards,3194,280,3200,1020,1,0,,1,,,544
149219,RW27.28.26PII_E-1046,30,Sq. Yards,3205,291,3252,696,1,0,,1,,,544
149873,PJ28.3_E-209,30,Sq. Yards,3192,278,3193,935,1,0,,1,,,544
151702,RW18.2-2727,30,Sq. Yards,3208,294,3264,683,1,0,,1,,,544
153188,PWAP_E-500,30,Sq. Yards,3212,298,3276,692,1,0,,1,,,544
154717,JG24.2_E-112,30,Sq. Yards,3194,280,3200,696,1,0,,1,,,544
154760,CD9_E-501,30,Sq. Yards,3213,299,3279,697,1,0,,1,,,544
154785,RW18.2-3306,30,Sq. Yards,3208,294,3264,710,1,0,,1,,,544
155328,PW21_350,30,Sq. Yards,3212,298,3276,711,1,0,,1,,,544
156732,JR6_E-25,30,Sq. Yards,3206,292,3257,692,1,0,,1,,,544
157786,JR6_E-221,30,Sq. Yards,3206,292,3257,682,1,0,,1,,,544
157950,RW18.2-2434,30,Sq. Yards,3208,294,3264,690,1,0,,1,,,544
158118,RW27.28.26PII_E-868,30,Sq. Yards,3205,291,3252,701,1,0,,1,,,544
158518,CD9_E-244,30,Sq. Yards,3213,299,3279,692,1,0,,1,,,544
159172,GO16_E-297,30,Sq. Yards,3199,285,3221,702,1,0,,1,,,544
159933,JG22.2_E-370,30,Sq. Yards,3194,280,3200,700,1,0,,1,,,544
160240,PW21_860,30,Sq. Yards,3212,298,3276,709,1,0,,1,,,544
160415,RW18.2-2145,30,Sq. Yards,3208,294,3264,700,1,0,,1,,,544
161362,PWAP_E-514,30,Sq. Yards,3212,298,3276,710,1,0,,1,,,544
162455,RW27.28.26PII_E-1308,30,Sq. Yards,3205,291,3252,692,1,0,,1,,,544
147995,RW18.2-3525,30,Sq. Yards,3208,294,3264,683,1,0,,1,,,544
148546,RW18.2-2971,30,Sq. Yards,3208,294,3264,681,1,0,,1,,,544
148813,PW21_473,30,Sq. Yards,3212,298,3276,687,1,0,,1,,,544
150100,JG23_2133,30,Sq. Yards,3194,280,3200,695,1,0,,1,,,544
150285,PW21_576,30,Sq. Yards,3212,298,3276,683,1,0,,1,,,544
151171,SD8_E-203,30,Sq. Yards,3200,286,3230,694,1,0,,1,,,544
153175,RW18.2-2882,30,Sq. Yards,3208,294,3264,703,1,0,,1,,,544
153511,SSPIII20_E-201,30,Sq. Yards,3202,288,3238,700,1,0,,1,,,544
153762,SSPIII20_E-631,30,Sq. Yards,3202,288,3238,709,1,0,,1,,,544
154361,PW21_994,30,Sq. Yards,3212,298,3276,685,1,0,,1,,,544
154461,JG23_2068,30,Sq. Yards,3194,280,3200,689,1,0,,1,,,544
154548,JG22.2_E-189,30,Sq. Yards,3194,280,3200,691,1,0,,1,,,544
155147,GO13.14_104,30,Sq. Yards,3199,285,3221,694,1,0,,1,,,544
155716,JG23_1980,30,Sq. Yards,3194,280,3200,682,1,0,,1,,,544
156634,RW27.28.26PII_E-372,30,Sq. Yards,3205,291,3252,684,1,0,,1,,,544
156752,JG24.1_E-48,30,Sq. Yards,3194,280,3200,686,1,0,,1,,,544
157052,RK21.2_E-377,30,Sq. Yards,3205,291,3252,698,1,0,,1,,,544
157706,SD8_E-192,30,Sq. Yards,3200,286,3230,697,1,0,,1,,,544
157891,JG22.2_E-700,30,Sq. Yards,3194,280,3200,702,1,0,,1,,,544
158374,KN32_49,30,Sq. Yards,3197,283,3215,694,1,0,,1,,,544
158910,JG22.2_E-669,30,Sq. Yards,3194,280,3200,686,1,0,,1,,,544
158927,JG23_1616,30,Sq. Yards,3194,280,3200,690,1,0,,1,,,544
158991,SSPIII20_E-73,30,Sq. Yards,3202,288,3238,707,1,0,,1,,,544
159659,JG23_681,30,Sq. Yards,3194,280,3200,693,1,0,,1,,,544
159677,RW18.2-3700,30,Sq. Yards,3208,294,3264,710,1,0,,1,,,544
160328,PW21_946,30,Sq. Yards,3212,298,3276,702,1,0,,1,,,544
160899,JG22.2_E-265,30,Sq. Yards,3194,280,3200,681,1,0,,1,,,544
161700,JG23_293,30,Sq. Yards,3194,280,3200,691,1,0,,1,,,544
162132,MG9.10.3_E-237,30,Sq. Yards,3207,293,3259,693,1,0,,1,,,544
148209,JG23_1779,30,Sq. Yards,3194,280,3200,693,1,0,,1,,,544
148616,JG23_1551,30,Sq. Yards,3194,280,3200,682,1,0,,1,,,544
148920,JAJ_E-66,30,Sq. Yards,3200,286,3229,681,1,0,,1,,,544
149654,GO16_E-82,30,Sq. Yards,3199,285,3221,685,1,0,,1,,,544
150990,JG23_1310,30,Sq. Yards,3194,280,3200,695,1,0,,1,,,544
151117,JG22.2_E-543,30,Sq. Yards,3194,280,3200,696,1,0,,1,,,544
152998,RW18.2-2300,30,Sq. Yards,3208,294,3264,704,1,0,,1,,,544
153257,JG22.2_E-106,30,Sq. Yards,3194,280,3200,700,1,0,,1,,,544
153764,JG23_2284,30,Sq. Yards,3194,280,3200,696,1,0,,1,,,544
154559,RK21.2_E-183,30,Sq. Yards,3205,291,3252,683,1,0,,1,,,544
156163,PWAP_E-460,30,Sq. Yards,3212,298,3276,835,1,0,,1,,,544
156238,RW18.2-2846,30,Sq. Yards,3208,294,3264,709,1,0,,1,,,544
156374,RW27.28.26PII_E-13,30,Sq. Yards,3205,291,3252,684,1,0,,1,,,544
156874,CD9_E-364,30,Sq. Yards,3213,299,3279,694,1,0,,1,,,544
157040,JG22.2_E-722,30,Sq. Yards,3194,280,3200,702,1,0,,1,,,544
157074,RW18.2-3134,30,Sq. Yards,3208,294,3264,683,1,0,,1,,,544
157808,PJ28.1_E-107,30,Sq. Yards,3192,278,3193,944,1,0,,1,,,544
158237,PW21_744,30,Sq. Yards,3212,298,3276,692,1,0,,1,,,544
158310,PW21_902,30,Sq. Yards,3212,298,3276,691,1,0,,1,,,544
158344,RW18.1_E-34,30,Sq. Yards,3208,294,3264,697,1,0,,1,,,544
158637,JG22.2_E-188,30,Sq. Yards,3194,280,3200,702,1,0,,1,,,544
158903,JG23_339,30,Sq. Yards,3194,280,3200,699,1,0,,1,,,544
158939,SSPIII20_E-202,30,Sq. Yards,3202,288,3238,697,1,0,,1,,,544
159048,RW18.2-2264,30,Sq. Yards,3208,294,3264,683,1,0,,1,,,544
159239,RW27.28.26PII_E-328,30,Sq. Yards,3205,291,3252,686,1,0,,1,,,544
159446,JR6_E-209,30,Sq. Yards,3206,292,3257,681,1,0,,1,,,544
159716,RW18.2-3094,30,Sq. Yards,3208,294,3264,698,1,0,,1,,,544
159773,RK21.2_E-82,30,Sq. Yards,3205,291,3252,702,1,0,,1,,,544
160184,RW18.2-2764,30,Sq. Yards,3208,294,3264,707,1,0,,1,,,544
161545,RW27.28.26PII_E-1731,30,Sq. Yards,3205,291,3252,683,1,0,,1,,,544
161677,PW21_364,30,Sq. Yards,3212,298,3276,706,1,0,,1,,,544
162454,JG23_942,30,Sq. Yards,3194,280,3200,699,1,0,,1,,,544
162681,KN32_234,30,Sq. Yards,3197,283,3215,681,1,0,,1,,,544
148282,JG23_466,30,Sq. Yards,3194,280,3200,682,1,0,,1,,,544
148718,RW18.2-3823,30,Sq. Yards,3208,294,3264,700,1,0,,1,,,544
149109,SD8_E-173,30,Sq. Yards,3200,286,3230,684,1,0,,1,,,544
149920,RW18.1_E-17,30,Sq. Yards,3208,294,3264,682,1,0,,1,,,544
151224,RK5_E-272,30,Sq. Yards,3205,291,3252,701,1,0,,1,,,544
151326,JG23_1800,30,Sq. Yards,3194,280,3200,693,1,0,,1,,,544
151349,JR9_E-56,30,Sq. Yards,3206,292,3257,689,1,0,,1,,,544
151694,PWAP_E-347,30,Sq. Yards,3212,298,3276,684,1,0,,1,,,544
153157,JR6_E-331,30,Sq. Yards,3206,292,3257,689,1,0,,1,,,544
153864,KN32_256,30,Sq. Yards,3197,283,3215,975,1,0,,1,,,544
153998,RW27.28.26PII_E-260,30,Sq. Yards,3205,291,3252,685,1,0,,1,,,544
154157,RW27.28.26PII_E-1191,30,Sq. Yards,3205,291,3252,683,1,0,,1,,,544
154995,RK21.2_E-117,30,Sq. Yards,3205,291,3252,681,1,0,,1,,,544
155170,RW19.2_E-23,30,Sq. Yards,3208,294,3264,711,1,0,,1,,,544
155895,RW27.28.26PII_E-297,30,Sq. Yards,3205,291,3252,694,1,0,,1,,,544
156104,RK21.2_E-466,30,Sq. Yards,3205,291,3252,702,1,0,,1,,,544
156597,JG23_629,30,Sq. Yards,3194,280,3200,686,1,0,,1,,,544
156767,RW27.28.26PII_E-739,30,Sq. Yards,3205,291,3252,685,1,0,,1,,,544
156872,JG23_1845,30,Sq. Yards,3194,280,3200,695,1,0,,1,,,544
157140,RW18.2-3612,30,Sq. Yards,3208,294,3264,692,1,0,,1,,,544
157401,RW18.2-2645,30,Sq. Yards,3208,294,3264,684,1,0,,1,,,544
158103,PW21_1053,30,Sq. Yards,3212,298,3276,709,1,0,,1,,,544
158178,RW19.1_E-88,30,Sq. Yards,3208,294,3264,686,1,0,,1,,,544
158980,CD9_E-32,30,Sq. Yards,3213,299,3279,690,1,0,,1,,,544
159414,JG22.1_E-4,30,Sq. Yards,3194,280,3200,689,1,0,,1,,,544
159441,RW27.28.26PII_E-1404,30,Sq. Yards,3205,291,3252,682,1,0,,1,,,544
159505,RW18.2-2208,30,Sq. Yards,3208,294,3264,711,1,0,,1,,,544
159748,JG22.1_E-19,30,Sq. Yards,3194,280,3200,692,1,0,,1,,,544
160443,GO16_E-58,30,Sq. Yards,3199,285,3221,699,1,0,,1,,,544
160877,JG22.2_E-386,30,Sq. Yards,3194,280,3200,681,1,0,,1,,,544
161311,JG23_2206,30,Sq. Yards,3194,280,3200,700,1,0,,1,,,544
161586,RW27.28.26PII_E-571,30,Sq. Yards,3205,291,3252,702,1,0,,1,,,544
151864,CD1B_E-107,30,Sq. Yards,3213,299,3279,686,1,0,,1,,,544
154436,RW18.1_E-128,30,Sq. Yards,3208,294,3264,700,1,0,,1,,,544
154655,JR9PII_E-250,30,Sq. Yards,3206,292,3257,688,1,0,,1,,,544
154904,PJ28.1_E-95,30,Sq. Yards,3192,278,3193,940,1,0,,1,,,544
154974,JG23_1186,30,Sq. Yards,3194,280,3200,686,1,0,,1,,,544
155123,PW21_124,30,Sq. Yards,3212,298,3276,689,1,0,,1,,,544
156310,JG23_464,30,Sq. Yards,3194,280,3200,688,1,0,,1,,,544
156325,JG22.2_E-37,30,Sq. Yards,3194,280,3200,699,1,0,,1,,,544
157078,JG23_874,30,Sq. Yards,3194,280,3200,697,1,0,,1,,,544
157178,PJ28.1_E-71,30,Sq. Yards,3192,278,3193,690,1,0,,1,,,544
158233,CD9_E-99,30,Sq. Yards,3213,299,3279,693,1,0,,1,,,544
160303,KN9.32_E-137,30,Sq. Yards,3197,283,3215,685,1,0,,1,,,544
160707,JR6_E-16,30,Sq. Yards,3206,292,3257,693,1,0,,1,,,544
162628,RW18.2-3680,30,Sq. Yards,3208,294,3264,704,1,0,,1,,,544
147956,RW18.2-2102,30,Sq. Yards,3208,294,3264,693,1,0,,1,,,544
148006,PW21_751,30,Sq. Yards,3212,298,3276,690,1,0,,1,,,544
148299,CD9_E-422,30,Sq. Yards,3213,299,3279,681,1,0,,1,,,544
149696,RW27.28.26PII_E-50,30,Sq. Yards,3205,291,3252,686,1,0,,1,,,544
150107,KN32_317,30,Sq. Yards,3197,283,3215,681,1,0,,1,,,544
150932,RW27.28.26PII_E-1175,30,Sq. Yards,3205,291,3252,685,1,0,,1,,,544
151075,KN32_264,30,Sq. Yards,3197,283,3215,691,1,0,,1,,,544
151282,CD9_E-93,30,Sq. Yards,3213,299,3279,681,1,0,,1,,,544
151536,JR9PII_E-277,30,Sq. Yards,3206,292,3257,688,1,0,,1,,,544
152000,FD9_E-19,30,Sq. Yards,3201,287,3233,698,1,0,,1,,,544
152154,JG23_1075,30,Sq. Yards,3194,280,3200,683,1,0,,1,,,544
153004,RW19.1_E-34,30,Sq. Yards,3208,294,3264,705,1,0,,1,,,544
155880,RW18.2-2416,30,Sq. Yards,3208,294,3264,697,1,0,,1,,,544
156323,RK5_E-209,30,Sq. Yards,3205,291,3252,690,1,0,,1,,,544
156555,MG9.10.3_E-166,30,Sq. Yards,3207,293,3259,693,1,0,,1,,,544
156691,CD9_E-346,30,Sq. Yards,3213,299,3279,697,1,0,,1,,,544
157859,JG22.2_E-145,30,Sq. Yards,3194,280,3200,696,1,0,,1,,,544
158881,PW21_731,30,Sq. Yards,3212,298,3276,696,1,0,,1,,,544
160317,RW18.1_E-116,30,Sq. Yards,3208,294,3264,708,1,0,,1,,,544
161714,PJ28.2_E-76,30,Sq. Yards,3192,278,3193,974,1,0,,1,,,544
161953,GO16_E-217,30,Sq. Yards,3199,285,3221,690,1,0,,1,,,544
162671,RW27.28.26PII_E-725,30,Sq. Yards,3205,291,3252,700,1,0,,1,,,544
148187,RW18.2-2681,30,Sq. Yards,3208,294,3264,684,1,0,,1,,,544
149557,RW27.28.26PII_E-734,30,Sq. Yards,3205,291,3252,684,1,0,,1,,,544
149757,RW18.1_E-92,30,Sq. Yards,3208,294,3264,696,1,0,,1,,,544
150325,FD9_E-154,30,Sq. Yards,3201,287,3233,683,1,0,,1,,,544
150359,SSPIII20_E-40,30,Sq. Yards,3202,288,3238,681,1,0,,1,,,544
150844,RW18.2-3581,30,Sq. Yards,3208,294,3264,703,1,0,,1,,,544
150878,PW21_419,30,Sq. Yards,3212,298,3276,697,1,0,,1,,,544
151110,RW27.28.26PII_E-550,30,Sq. Yards,3205,291,3252,690,1,0,,1,,,544
151582,CD9_E-125,30,Sq. Yards,3213,299,3279,683,1,0,,1,,,544
151829,JG23_796,30,Sq. Yards,3194,280,3200,688,1,0,,1,,,544
152133,JG22.1_E-98,30,Sq. Yards,3194,280,3200,691,1,0,,1,,,544
153888,RW27.28.26PII_E-972,30,Sq. Yards,3205,291,3252,688,1,0,,1,,,544
154588,RW18.2-3787,30,Sq. Yards,3208,294,3264,686,1,0,,1,,,544
154603,PW21_154,30,Sq. Yards,3212,298,3276,691,1,0,,1,,,544
154754,JG22.2_E-691,30,Sq. Yards,3194,280,3200,683,1,0,,1,,,544
155490,JG23_1985,30,Sq. Yards,3194,280,3200,695,1,0,,1,,,544
155590,RW27.28.26PII_E-661,30,Sq. Yards,3205,291,3252,681,1,0,,1,,,544
155826,KN32_214,30,Sq. Yards,3197,283,3215,681,1,0,,1,,,544
156977,PJ28.1_E-43,30,Sq. Yards,3192,278,3193,935,1,0,,1,,,544
157277,RW27.28.26PII_E-288,30,Sq. Yards,3205,291,3252,690,1,0,,1,,,544
158066,SSPIII20_E-86,30,Sq. Yards,3202,288,3238,681,1,0,,1,,,544
158317,JG22.2_E-281,30,Sq. Yards,3194,280,3200,681,1,0,,1,,,544
160204,PW21_286,30,Sq. Yards,3212,298,3276,683,1,0,,1,,,544
161072,KN32_351,30,Sq. Yards,3197,283,3215,697,1,0,,1,,,544
161372,PW21_162,30,Sq. Yards,3212,298,3276,709,1,0,,1,,,544
161776,PW21_1100,30,Sq. Yards,3212,298,3276,691,1,0,,1,,,544
162193,FD9_E-1,30,Sq. Yards,3201,287,3233,684,1,0,,1,,,544
180243,RW36A_E-328,30,Sq. Yards,3205,291,3252,683,1,0,,1,,,544
148892,RK21.2_E-62,30,Sq. Yards,3205,291,3252,683,1,0,,1,,,544
149125,RW27.28.26PII_E-333,30,Sq. Yards,3205,291,3252,682,1,0,,1,,,544
149272,RK21.2_E-502,30,Sq. Yards,3205,291,3252,686,1,0,,1,,,544
149291,JR9PII_E-281,30,Sq. Yards,3206,292,3257,689,1,0,,1,,,544
149991,RW18.2-3043,30,Sq. Yards,3208,294,3264,692,1,0,,1,,,544
150327,JR6_E-281,30,Sq. Yards,3206,292,3257,685,1,0,,1,,,544
150763,RW18.2-3539,30,Sq. Yards,3208,294,3264,685,1,0,,1,,,544
151329,JG24.1_E-58,30,Sq. Yards,3194,280,3200,683,1,0,,1,,,544
151331,CD9_E-267,30,Sq. Yards,3213,299,3279,692,1,0,,1,,,544
151495,RK21.2_E-211,30,Sq. Yards,3205,291,3252,689,1,0,,1,,,544
151663,SSPIII20_E-197,30,Sq. Yards,3202,288,3238,692,1,0,,1,,,544
151880,PJ28.1_E-172,30,Sq. Yards,3192,278,3193,687,1,0,,1,,,544
152431,RW36A_E-274,30,Sq. Yards,3205,291,3252,684,1,0,,1,,,544
152699,PW21_168,30,Sq. Yards,3212,298,3276,694,1,0,,1,,,544
153435,RK21.2_E-127,30,Sq. Yards,3205,291,3252,690,1,0,,1,,,544
153937,GO16_E-267,30,Sq. Yards,3199,285,3221,698,1,0,,1,,,544
154137,RW27.28.26PII_E-1179,30,Sq. Yards,3205,291,3252,686,1,0,,1,,,544
154337,SSPIII20_E-399,30,Sq. Yards,3202,288,3238,682,1,0,,1,,,544
155390,JAJ_E-43,30,Sq. Yards,3200,286,3229,685,1,0,,1,,,544
155673,JG23_729,30,Sq. Yards,3194,280,3200,701,1,0,,1,,,544
156041,JG22.2_E-683,30,Sq. Yards,3194,280,3200,681,1,0,,1,,,544
156143,RW18.1_E-47,30,Sq. Yards,3208,294,3264,707,1,0,,1,,,544
156562,PJ28.2_E-65,30,Sq. Yards,3192,278,3193,974,1,0,,1,,,544
157045,JG23_1099,30,Sq. Yards,3194,280,3200,695,1,0,,1,,,544
158417,RW27.28.26PII_E-42,30,Sq. Yards,3205,291,3252,682,1,0,,1,,,544
158951,PWAP_E-406,30,Sq. Yards,3212,298,3276,688,1,0,,1,,,544
159385,RK21.2_E-159,30,Sq. Yards,3205,291,3252,690,1,0,,1,,,544
159821,PW21_1152,30,Sq. Yards,3212,298,3276,692,1,0,,1,,,544
162127,JG23_644,30,Sq. Yards,3194,280,3200,686,1,0,,1,,,544
162493,JG24.2_E-7,30,Sq. Yards,3194,280,3200,685,1,0,,1,,,544
147766,PW21_575,30,Sq. Yards,3212,298,3276,707,1,0,,1,,,544
148566,RW18.2-3225,30,Sq. Yards,3208,294,3264,696,1,0,,1,,,544
148568,FD9_E-43,30,Sq. Yards,3201,287,3233,694,1,0,,1,,,544
148634,RW19.1_E-42,30,Sq. Yards,3208,294,3264,698,1,0,,1,,,544
148859,MG9.10.3_E-225,30,Sq. Yards,3207,293,3259,693,1,0,,1,,,544
149036,RW27.28.26PII_E-1029,30,Sq. Yards,3205,291,3252,701,1,0,,1,,,544
149268,JG23_2047,30,Sq. Yards,3194,280,3200,684,1,0,,1,,,544
149563,SSPIII20_E-397,30,Sq. Yards,3202,288,3238,693,1,0,,1,,,544
149965,CD9_E-2,30,Sq. Yards,3213,299,3279,683,1,0,,1,,,544
150472,RW27.28.26PII_E-503,30,Sq. Yards,3205,291,3252,688,1,0,,1,,,544
150574,PW21_516,30,Sq. Yards,3212,298,3276,688,1,0,,1,,,544
151508,RW27.28.26PII_E-24,30,Sq. Yards,3205,291,3252,702,1,0,,1,,,544
151574,RW27.28.26PII_E-821,30,Sq. Yards,3205,291,3252,685,1,0,,1,,,544
151808,RW27.28.26PII_E-570,30,Sq. Yards,3205,291,3252,702,1,0,,1,,,544
152737,PWAP_E-434,30,Sq. Yards,3212,298,3276,692,1,0,,1,,,544
152980,JG23_1789,30,Sq. Yards,3194,280,3200,682,1,0,,1,,,544
153441,PJ28.3_E-5,30,Sq. Yards,3192,278,3193,688,1,0,,1,,,544
154718,PWAP_E-295,30,Sq. Yards,3212,298,3276,684,1,0,,1,,,544
155277,JG23_1412,30,Sq. Yards,3194,280,3200,691,1,0,,1,,,544
156011,JG24.1_E-35,30,Sq. Yards,3194,280,3200,689,1,0,,1,,,544
156649,RW18.2-3257,30,Sq. Yards,3208,294,3264,708,1,0,,1,,,544
156947,PJ28.3_E-149,30,Sq. Yards,3192,278,3193,700,1,0,,1,,,544
157251,CD9_E-254,30,Sq. Yards,3213,299,3279,684,1,0,,1,,,544
157785,KN9.32_E-157,30,Sq. Yards,3197,283,3215,694,1,0,,1,,,544
158153,PJ28.2_E-40,30,Sq. Yards,3192,278,3193,935,1,0,,1,,,544
158296,JG24.2_E-33,30,Sq. Yards,3194,280,3200,696,1,0,,1,,,544
158462,SSPIII20_E-74,30,Sq. Yards,3202,288,3238,697,1,0,,1,,,544
160191,RW19.1_E-135,30,Sq. Yards,3208,294,3264,699,1,0,,1,,,544
160266,PJ28.3_E-217,30,Sq. Yards,3192,278,3193,944,1,0,,1,,,544
160559,RW18.1_E-72,30,Sq. Yards,3208,294,3264,681,1,0,,1,,,544
161329,RW18.2-2581,30,Sq. Yards,3208,294,3264,681,1,0,,1,,,544
147460,PWAP_E-46,30,Sq. Yards,3212,298,3276,710,1,0,,1,,,544
147709,PW21_294,30,Sq. Yards,3212,298,3276,706,1,0,,1,,,544
148345,PWAP_E-239,30,Sq. Yards,3212,298,3276,711,1,0,,1,,,544
148882,PWAP_E-90,30,Sq. Yards,3212,298,3276,703,1,0,,1,,,544
147935,JG23_1126,30,Sq. Yards,3194,280,3200,708,1,0,,1,,,544
148271,PW21_821,30,Sq. Yards,3212,298,3276,928,1,0,,1,,,544
150011,RK5_E-218,30,Sq. Yards,3205,291,3252,690,1,0,,1,,,544
150241,PW21_765,30,Sq. Yards,3212,298,3276,684,1,0,,1,,,544
151545,PWAP_E-157,30,Sq. Yards,3212,298,3276,687,1,0,,1,,,544
151713,JG22.2_E-587,30,Sq. Yards,3194,280,3200,682,1,0,,1,,,544
152617,JG23_1478,30,Sq. Yards,3194,280,3200,1047,1,0,,1,,,544
152968,RK5_E-350,30,Sq. Yards,3205,291,3252,684,1,0,,1,,,544
153153,JR9PII_E-99,30,Sq. Yards,3206,292,3257,695,1,0,,1,,,544
153166,PW21_327,30,Sq. Yards,3212,298,3276,711,1,0,,1,,,544
153685,SSPIII20_E-731,30,Sq. Yards,3202,288,3238,684,1,0,,1,,,544
153921,MG9.10.3_E-348,30,Sq. Yards,3207,293,3259,693,1,0,,1,,,544
154187,JG22.2_E-197,30,Sq. Yards,3194,280,3200,690,1,0,,1,,,544
155693,SSPIII20_E-622,30,Sq. Yards,3202,288,3238,684,1,0,,1,,,544
156376,MG9.10.3_E-165,30,Sq. Yards,3207,293,3259,689,1,0,,1,,,544
156459,JG24.2_E-53,30,Sq. Yards,3194,280,3200,683,1,0,,1,,,544
156846,GO13.14_49,30,Sq. Yards,3199,285,3221,698,1,0,,1,,,544
157010,RW27.28.26PII_E-897,30,Sq. Yards,3205,291,3252,688,1,0,,1,,,544
157097,KN9.32_E-40,30,Sq. Yards,3197,283,3215,685,1,0,,1,,,544
157329,JR6_E-333,30,Sq. Yards,3206,292,3257,690,1,0,,1,,,544
157431,JG23_1661,30,Sq. Yards,3194,280,3200,702,1,0,,1,,,544
160320,RW27.28.26PII_E-243,30,Sq. Yards,3205,291,3252,693,1,0,,1,,,544
160890,RW27.28.26PII_E-1158,30,Sq. Yards,3205,291,3252,694,1,0,,1,,,544
161458,PWAP_E-102,30,Sq. Yards,3212,298,3276,710,1,0,,1,,,544
161743,KN9.32_E-22,30,Sq. Yards,3197,283,3215,690,1,0,,1,,,544
161873,RK21.2_E-240,30,Sq. Yards,3205,291,3252,692,1,0,,1,,,544
162511,KN32_349,30,Sq. Yards,3197,283,3215,683,1,0,,1,,,544
147856,SSPIII20_E-719,30,Sq. Yards,3202,288,3238,690,1,0,,1,,,544
148099,RK21.2_E-514,30,Sq. Yards,3205,291,3252,696,1,0,,1,,,544
148274,PW21_448,30,Sq. Yards,3212,298,3276,706,1,0,,1,,,544
148710,RW18.2-3295,30,Sq. Yards,3208,294,3264,707,1,0,,1,,,544
151382,CD9_E-486,30,Sq. Yards,3213,299,3279,700,1,0,,1,,,544
151818,JG23_2008,30,Sq. Yards,3194,280,3200,691,1,0,,1,,,544
151900,KN32_232,30,Sq. Yards,3197,283,3215,693,1,0,,1,,,544
152511,PWAP_E-158,30,Sq. Yards,3212,298,3276,939,1,0,,1,,,544
152936,PJ28.3_E-58,30,Sq. Yards,3192,278,3193,1008,1,0,,1,,,544
152997,FD9_E-164,30,Sq. Yards,3201,287,3233,696,1,0,,1,,,544
153254,RW18.2-2968,30,Sq. Yards,3208,294,3264,704,1,0,,1,,,544
153547,JG24.2_E-45,30,Sq. Yards,3194,280,3200,693,1,0,,1,,,544
153783,SSPIII20_E-109,30,Sq. Yards,3202,288,3238,706,1,0,,1,,,544
156909,RW18.2-2531,30,Sq. Yards,3208,294,3264,704,1,0,,1,,,544
157141,PW21_1048,30,Sq. Yards,3212,298,3276,689,1,0,,1,,,544
157416,CD9_E-466,30,Sq. Yards,3213,299,3279,690,1,0,,1,,,544
157984,PW21_390,30,Sq. Yards,3212,298,3276,682,1,0,,1,,,544
158502,SD8_E-135,30,Sq. Yards,3200,286,3230,690,1,0,,1,,,544
158802,RK21.2_E-226,30,Sq. Yards,3205,291,3252,690,1,0,,1,,,544
158995,RK5_E-152,30,Sq. Yards,3205,291,3252,702,1,0,,1,,,544
159045,JG23_395,30,Sq. Yards,3194,280,3200,697,1,0,,1,,,544
159738,RW36A_E-197,30,Sq. Yards,3205,291,3252,688,1,0,,1,,,544
161228,JG23_384,30,Sq. Yards,3194,280,3200,685,1,0,,1,,,544
162028,RW18.2-2883,30,Sq. Yards,3208,294,3264,698,1,0,,1,,,544
162296,SSPIII20_E-351,30,Sq. Yards,3202,288,3238,705,1,0,,1,,,544
162507,PW21_293,30,Sq. Yards,3212,298,3276,691,1,0,,1,,,544
162532,JR9_E-19,30,Sq. Yards,3206,292,3257,685,1,0,,1,,,544
162682,RW27.28.26PII_E-38,30,Sq. Yards,3205,291,3252,699,1,0,,1,,,544
147704,JG23_618,30,Sq. Yards,3194,280,3200,691,1,0,,1,,,544
148755,RK21.2_E-369,30,Sq. Yards,3205,291,3252,697,1,0,,1,,,544
148855,RW18.2-2419,30,Sq. Yards,3208,294,3264,689,1,0,,1,,,544
150744,SSPIII20_E-326,30,Sq. Yards,3202,288,3238,701,1,0,,1,,,544
151314,RW27.28.26PII_E-1249,30,Sq. Yards,3205,291,3252,700,1,0,,1,,,544
151563,JG22.2_E-34,30,Sq. Yards,3194,280,3200,1047,1,0,,1,,,544
151629,JG23_1443,30,Sq. Yards,3194,280,3200,682,1,0,,1,,,544
151697,JG22.2_E-622,30,Sq. Yards,3194,280,3200,681,1,0,,1,,,544
151882,PJ28.1_E-164,30,Sq. Yards,3192,278,3193,703,1,0,,1,,,544
152280,GO13.14_23,30,Sq. Yards,3199,285,3221,701,1,0,,1,,,544
156182,JR9PII_E-255,30,Sq. Yards,3206,292,3257,683,1,0,,1,,,544
156907,PJ28.3_E-19,30,Sq. Yards,3192,278,3193,688,1,0,,1,,,544
158193,JG22.2_E-118,30,Sq. Yards,3194,280,3200,701,1,0,,1,,,544
158254,PW21_440,30,Sq. Yards,3212,298,3276,688,1,0,,1,,,544
159129,JG23_747,30,Sq. Yards,3194,280,3200,685,1,0,,1,,,544
160976,RW27.28.26PII_E-1611,30,Sq. Yards,3205,291,3252,681,1,0,,1,,,544
161112,JG23_2031,30,Sq. Yards,3194,280,3200,681,1,0,,1,,,544
161419,RW27.28.26PII_E-405,30,Sq. Yards,3205,291,3252,686,1,0,,1,,,544
161580,PWAP_E-303,30,Sq. Yards,3212,298,3276,689,1,0,,1,,,544
149243,RK5_E-135,30,Sq. Yards,3205,291,3252,691,1,0,,1,,,544
149277,JR6_E-329,30,Sq. Yards,3206,292,3257,682,1,0,,1,,,544
149756,MG9.10.3_E-5,30,Sq. Yards,3207,293,3259,695,1,0,,1,,,544
149820,MG9.10.2_E-66,30,Sq. Yards,3207,293,3259,695,1,0,,1,,,544
150583,JG23_1889,30,Sq. Yards,3194,280,3200,682,1,0,,1,,,544
150590,JG23_575,30,Sq. Yards,3194,280,3200,686,1,0,,1,,,544
152062,RW27.28.26PII_E-1213,30,Sq. Yards,3205,291,3252,700,1,0,,1,,,544
153198,RW27.28.26PII_E-880,30,Sq. Yards,3205,291,3252,684,1,0,,1,,,544
153891,KN9.32_E-103,30,Sq. Yards,3197,283,3215,696,1,0,,1,,,544
154225,RW36A_E-94,30,Sq. Yards,3205,291,3252,690,1,0,,1,,,544
154266,RW18.2-2387,30,Sq. Yards,3208,294,3264,690,1,0,,1,,,544
155493,PW21_834,30,Sq. Yards,3212,298,3276,691,1,0,,1,,,544
157008,JR9PII_E-227,30,Sq. Yards,3206,292,3257,695,1,0,,1,,,544
157699,JG22.2_E-507,30,Sq. Yards,3194,280,3200,688,1,0,,1,,,544
158212,RW36A_E-113,30,Sq. Yards,3205,291,3252,681,1,0,,1,,,544
159448,RW18.2-2032,30,Sq. Yards,3208,294,3264,704,1,0,,1,,,544
159548,CD1B_E-120,30,Sq. Yards,3213,299,3279,695,1,0,,1,,,544
160050,RW18.2-3574,30,Sq. Yards,3208,294,3264,690,1,0,,1,,,544
160341,CD9_E-469,30,Sq. Yards,3213,299,3279,681,1,0,,1,,,544
160609,RW18.2-2524,30,Sq. Yards,3208,294,3264,681,1,0,,1,,,544
160643,SSPIII20_E-807,30,Sq. Yards,3202,288,3238,871,1,0,,1,,,544
161086,RW18.2-2136,30,Sq. Yards,3208,294,3264,695,1,0,,1,,,544
162245,GO13.14_221,30,Sq. Yards,3199,285,3221,701,1,0,,1,,,544
147468,JR6_E-206,30,Sq. Yards,3206,292,3257,690,1,0,,1,,,544
147702,JG23_2222,30,Sq. Yards,3194,280,3200,682,1,0,,1,,,544
148004,PW21_262,30,Sq. Yards,3212,298,3276,708,1,0,,1,,,544
148757,FD9_E-188,30,Sq. Yards,3201,287,3233,992,1,0,,1,,,544
148872,JG23_1945,30,Sq. Yards,3194,280,3200,698,1,0,,1,,,544
148940,RW18.1_E-77,30,Sq. Yards,3208,294,3264,683,1,0,,1,,,544
149340,RW18.2-3778,30,Sq. Yards,3208,294,3264,697,1,0,,1,,,544
149374,JAJ_E-33,30,Sq. Yards,3200,286,3229,686,1,0,,1,,,544
149606,RW36A_E-62,30,Sq. Yards,3205,291,3252,681,1,0,,1,,,544
149642,PJ28.2_E-20,30,Sq. Yards,3192,278,3193,704,1,0,,1,,,544
150776,JR9PII_E-70,30,Sq. Yards,3206,292,3257,686,1,0,,1,,,544
150810,PJ28.1_E-123,30,Sq. Yards,3192,278,3193,692,1,0,,1,,,544
150944,JG23_1488,30,Sq. Yards,3194,280,3200,695,1,0,,1,,,544
151680,RW27.28.26PII_E-679,30,Sq. Yards,3205,291,3252,682,1,0,,1,,,544
151848,RW18.2-3737,30,Sq. Yards,3208,294,3264,690,1,0,,1,,,544
152282,RW27.28.26PII_E-1676,30,Sq. Yards,3205,291,3252,696,1,0,,1,,,544
152397,JG23_1839,30,Sq. Yards,3194,280,3200,702,1,0,,1,,,544
152601,KN9.32_E-33,30,Sq. Yards,3197,283,3215,684,1,0,,1,,,544
153150,RW18.2-2770,30,Sq. Yards,3208,294,3264,685,1,0,,1,,,544
153167,JG22.2_E-393,30,Sq. Yards,3194,280,3200,691,1,0,,1,,,544
153986,JG23_1000,30,Sq. Yards,3194,280,3200,690,1,0,,1,,,544
154605,JG23_765,30,Sq. Yards,3194,280,3200,683,1,0,,1,,,544
155088,JG22.2_E-292,30,Sq. Yards,3194,280,3200,681,1,0,,1,,,544
155356,GO16_E-148,30,Sq. Yards,3199,285,3221,681,1,0,,1,,,544
155926,RW18.2-2331,30,Sq. Yards,3208,294,3264,704,1,0,,1,,,544
156177,JG23_2026,30,Sq. Yards,3194,280,3200,1055,1,0,,1,,,544
156411,JAJ_E-41,30,Sq. Yards,3200,286,3229,693,1,0,,1,,,544
157281,GO16_E-272,30,Sq. Yards,3199,285,3221,684,1,0,,1,,,544
157798,JG23_554,30,Sq. Yards,3194,280,3200,681,1,0,,1,,,544
158015,RW18.2-2146,30,Sq. Yards,3208,294,3264,698,1,0,,1,,,544
158281,RW18.2-3304,30,Sq. Yards,3208,294,3264,681,1,0,,1,,,544
158517,RW19.1_E-26,30,Sq. Yards,3208,294,3264,685,1,0,,1,,,544
158815,RW27.28.26PII_E-908,30,Sq. Yards,3205,291,3252,690,1,0,,1,,,544
151932,RW27.28.26PII_E-1212,30,Sq. Yards,3205,291,3252,702,1,0,,1,,,544
152732,SSPIII20_E-550,30,Sq. Yards,3202,288,3238,711,1,0,,1,,,544
153968,SSPIII20_E-421,30,Sq. Yards,3202,288,3238,681,1,0,,1,,,544
154672,JR9PII_E-25,30,Sq. Yards,3206,292,3257,683,1,0,,1,,,544
154840,JG24.1_E-37,30,Sq. Yards,3194,280,3200,684,1,0,,1,,,544
154989,RW36A_E-137,30,Sq. Yards,3205,291,3252,694,1,0,,1,,,544
156276,SD8_E-27,30,Sq. Yards,3200,286,3230,681,1,0,,1,,,544
156291,RW18.2-2052,30,Sq. Yards,3208,294,3264,689,1,0,,1,,,544
156629,JR9PII_E-279,30,Sq. Yards,3206,292,3257,689,1,0,,1,,,544
156695,CD9_E-104,30,Sq. Yards,3213,299,3279,694,1,0,,1,,,544
157061,PW21_377,30,Sq. Yards,3212,298,3276,684,1,0,,1,,,544
157380,RW27.28.26PII_E-1338,30,Sq. Yards,3205,291,3252,688,1,0,,1,,,544
157880,JG23_2015,30,Sq. Yards,3194,280,3200,682,1,0,,1,,,544
157916,JG23_1255,30,Sq. Yards,3194,280,3200,686,1,0,,1,,,544
157999,JR6_E-467,30,Sq. Yards,3206,292,3257,690,1,0,,1,,,544
159418,PW21_160,30,Sq. Yards,3212,298,3276,701,1,0,,1,,,544
160988,RW36A_E-278,30,Sq. Yards,3205,291,3252,681,1,0,,1,,,544
161690,JG23_1572,30,Sq. Yards,3194,280,3200,691,1,0,,1,,,544
161926,GO16_E-45,30,Sq. Yards,3199,285,3221,690,1,0,,1,,,544
162426,RW27.28.26PII_E-971,30,Sq. Yards,3205,291,3252,690,1,0,,1,,,544
162577,JR9PII_E-180,30,Sq. Yards,3206,292,3257,695,1,0,,1,,,544
147481,GO16_E-100,30,Sq. Yards,3199,285,3221,697,1,0,,1,,,544
148567,RW27.28.26PII_E-129,30,Sq. Yards,3205,291,3252,702,1,0,,1,,,544
148624,PWAP_E-512,30,Sq. Yards,3212,298,3276,696,1,0,,1,,,544
149521,JAJ_E-82,30,Sq. Yards,3200,286,3229,684,1,0,,1,,,544
149971,RW36A_E-76,30,Sq. Yards,3205,291,3252,683,1,0,,1,,,544
150371,RW27.28.26PII_E-351,30,Sq. Yards,3205,291,3252,684,1,0,,1,,,544
150389,CD9_E-180,30,Sq. Yards,3213,299,3279,692,1,0,,1,,,544
150900,JG23_1073,30,Sq. Yards,3194,280,3200,685,1,0,,1,,,544
150939,JG22.2_E-74,30,Sq. Yards,3194,280,3200,692,1,0,,1,,,544
151736,RW18.2-3732,30,Sq. Yards,3208,294,3264,686,1,0,,1,,,544
152068,RW18.2-2276,30,Sq. Yards,3208,294,3264,692,1,0,,1,,,544
152161,SSPIII20_E-117,30,Sq. Yards,3202,288,3238,709,1,0,,1,,,544
152454,RW18.2-2042,30,Sq. Yards,3208,294,3264,707,1,0,,1,,,544
153197,SSPIII20_E-120,30,Sq. Yards,3202,288,3238,702,1,0,,1,,,544
154519,MG9.10.2_E-60,30,Sq. Yards,3207,293,3259,681,1,0,,1,,,544
154944,JG24.1_E-22,30,Sq. Yards,3194,280,3200,681,1,0,,1,,,544
155269,RW18.2-3553,30,Sq. Yards,3208,294,3264,707,1,0,,1,,,544
155962,JG22.2_E-406,30,Sq. Yards,3194,280,3200,688,1,0,,1,,,544
156312,RW19.2_E-22,30,Sq. Yards,3208,294,3264,692,1,0,,1,,,544
156891,JG22.2_E-289,30,Sq. Yards,3194,280,3200,693,1,0,,1,,,544
157184,RW27.28.26PII_E-191,30,Sq. Yards,3205,291,3252,698,1,0,,1,,,544
157684,RW18.2-2518,30,Sq. Yards,3208,294,3264,682,1,0,,1,,,544
157959,RW36A_E-275,30,Sq. Yards,3205,291,3252,690,1,0,,1,,,544
158245,MG9.10.2_E-3,30,Sq. Yards,3207,293,3259,693,1,0,,1,,,544
158527,JAJ_E-104,30,Sq. Yards,3200,286,3229,682,1,0,,1,,,544
159038,CD9_E-295,30,Sq. Yards,3213,299,3279,695,1,0,,1,,,544
159356,JG23_690,30,Sq. Yards,3194,280,3200,697,1,0,,1,,,544
160360,JG23_1166,30,Sq. Yards,3194,280,3200,699,1,0,,1,,,544
160460,PW21_365,30,Sq. Yards,3212,298,3276,696,1,0,,1,,,544
161117,RW18.2-3350,30,Sq. Yards,3208,294,3264,685,1,0,,1,,,544
161410,SSPIII20_E-185,30,Sq. Yards,3202,288,3238,687,1,0,,1,,,544
161939,PW21_1016,30,Sq. Yards,3212,298,3276,705,1,0,,1,,,544
162089,PW21_530,30,Sq. Yards,3212,298,3276,688,1,0,,1,,,544
148904,PW21_1110,30,Sq. Yards,3212,298,3276,684,1,0,,1,,,544
148923,JG23_599,30,Sq. Yards,3194,280,3200,690,1,0,,1,,,544
149691,JG23_1313,30,Sq. Yards,3194,280,3200,696,1,0,,1,,,544
151765,RW18.2-2946,30,Sq. Yards,3208,294,3264,692,1,0,,1,,,544
152501,RW36A_E-285,30,Sq. Yards,3205,291,3252,685,1,0,,1,,,544
153352,MG9.10.3_E-15,30,Sq. Yards,3207,293,3259,689,1,0,,1,,,544
154573,KN32_272,30,Sq. Yards,3197,283,3215,681,1,0,,1,,,544
154790,CD9_E-43,30,Sq. Yards,3213,299,3279,685,1,0,,1,,,544
155709,JG23_998,30,Sq. Yards,3194,280,3200,691,1,0,,1,,,544
155890,PJ28.3_E-75,30,Sq. Yards,3192,278,3193,689,1,0,,1,,,544
156996,RW27.28.26PII_E-1540,30,Sq. Yards,3205,291,3252,683,1,0,,1,,,544
152710,MG9.10.3_E-333,30,Sq. Yards,3207,293,3259,693,1,0,,1,,,544
152759,SSPIII20_E-465,30,Sq. Yards,3202,288,3238,682,1,0,,1,,,544
152977,SSPIII20_E-348,30,Sq. Yards,3202,288,3238,698,1,0,,1,,,544
154045,JG23_2260,30,Sq. Yards,3194,280,3200,1053,1,0,,1,,,544
155782,RW27.28.26PII_E-146,30,Sq. Yards,3205,291,3252,685,1,0,,1,,,544
156718,JR6_E-296,30,Sq. Yards,3206,292,3257,684,1,0,,1,,,544
157286,PW21_739,30,Sq. Yards,3212,298,3276,696,1,0,,1,,,544
157536,PW21_1014,30,Sq. Yards,3212,298,3276,692,1,0,,1,,,544
158640,RW27.28.26PII_E-1493,30,Sq. Yards,3205,291,3252,683,1,0,,1,,,544
158957,CD9_E-197,30,Sq. Yards,3213,299,3279,683,1,0,,1,,,544
159862,JG23_2221,30,Sq. Yards,3194,280,3200,689,1,0,,1,,,544
161916,RW18.2-3654,30,Sq. Yards,3208,294,3264,684,1,0,,1,,,544
147494,JG23_742,30,Sq. Yards,3194,280,3200,683,1,0,,1,,,544
149080,RW27.28.26PII_E-581,30,Sq. Yards,3205,291,3252,695,1,0,,1,,,544
149166,RW27.28.26PII_E-1354,30,Sq. Yards,3205,291,3252,693,1,0,,1,,,544
149230,SSPIII20_E-775,30,Sq. Yards,3202,288,3238,701,1,0,,1,,,544
149383,JG22.2_E-676,30,Sq. Yards,3194,280,3200,691,1,0,,1,,,544
149565,JG22.2_E-578,30,Sq. Yards,3194,280,3200,691,1,0,,1,,,544
150251,RW18.2-2206,30,Sq. Yards,3208,294,3264,686,1,0,,1,,,544
151456,RW18.2-3119,30,Sq. Yards,3208,294,3264,704,1,0,,1,,,544
153141,KN32_336,30,Sq. Yards,3197,283,3215,696,1,0,,1,,,544
154028,JR6_E-211,30,Sq. Yards,3206,292,3257,683,1,0,,1,,,544
154313,RW18.1_E-130,30,Sq. Yards,3208,294,3264,682,1,0,,1,,,544
155031,JG23_1670,30,Sq. Yards,3194,280,3200,686,1,0,,1,,,544
155096,RK5_E-93,30,Sq. Yards,3205,291,3252,686,1,0,,1,,,544
155649,JG23_1027,30,Sq. Yards,3194,280,3200,693,1,0,,1,,,544
155668,CD9_E-239,30,Sq. Yards,3213,299,3279,689,1,0,,1,,,544
156035,RW27.28.26PII_E-112,30,Sq. Yards,3205,291,3252,682,1,0,,1,,,544
156317,PW21_835,30,Sq. Yards,3212,298,3276,710,1,0,,1,,,544
156971,GO16_E-221,30,Sq. Yards,3199,285,3221,683,1,0,,1,,,544
158675,JG23_417,30,Sq. Yards,3194,280,3200,681,1,0,,1,,,544
159893,RW18.2-2141,30,Sq. Yards,3208,294,3264,705,1,0,,1,,,544
160879,RW18.2-2298,30,Sq. Yards,3208,294,3264,694,1,0,,1,,,544
161315,FD9_E-119,30,Sq. Yards,3201,287,3233,695,1,0,,1,,,544
162551,RK21.2_E-490,30,Sq. Yards,3205,291,3252,699,1,0,,1,,,544
147862,RK21.2_E-486,30,Sq. Yards,3205,291,3252,698,1,0,,1,,,544
148130,JG22.2_E-719,30,Sq. Yards,3194,280,3200,685,1,0,,1,,,544
148179,RW18.2-3321,30,Sq. Yards,3208,294,3264,708,1,0,,1,,,544
148311,RW18.1_E-156,30,Sq. Yards,3208,294,3264,698,1,0,,1,,,544
148480,RW18.2-2868,30,Sq. Yards,3208,294,3264,691,1,0,,1,,,544
149416,RW27.28.26PII_E-877,30,Sq. Yards,3205,291,3252,683,1,0,,1,,,544
150383,JG23_623,30,Sq. Yards,3194,280,3200,688,1,0,,1,,,544
150751,RW27.28.26PII_E-164,30,Sq. Yards,3205,291,3252,683,1,0,,1,,,544
153192,JG23_1132,30,Sq. Yards,3194,280,3200,696,1,0,,1,,,544
153677,SSPIII20_E-790,30,Sq. Yards,3202,288,3238,686,1,0,,1,,,544
154714,RW27.28.26PII_E-1600,30,Sq. Yards,3205,291,3252,682,1,0,,1,,,544
155300,RW27.28.26PII_E-414,30,Sq. Yards,3205,291,3252,684,1,0,,1,,,544
155832,JG23_1961,30,Sq. Yards,3194,280,3200,695,1,0,,1,,,544
156085,RK5_E-67,30,Sq. Yards,3205,291,3252,688,1,0,,1,,,544
157336,RW18.2-3351,30,Sq. Yards,3208,294,3264,696,1,0,,1,,,544
157653,PWAP_E-362,30,Sq. Yards,3212,298,3276,691,1,0,,1,,,544
157757,RW18.2-2203,30,Sq. Yards,3208,294,3264,683,1,0,,1,,,544
158507,JG23_1910,30,Sq. Yards,3194,280,3200,691,1,0,,1,,,544
158690,JG23_1233,30,Sq. Yards,3194,280,3200,694,1,0,,1,,,544
159125,JG22.1_E-76,30,Sq. Yards,3194,280,3200,686,1,0,,1,,,544
159358,RW18.2-2371,30,Sq. Yards,3208,294,3264,704,1,0,,1,,,544
161751,JG22.2_E-455,30,Sq. Yards,3194,280,3200,700,1,0,,1,,,544
162452,CD9_E-250,30,Sq. Yards,3213,299,3279,692,1,0,,1,,,544
147535,RW36A_E-233,30,Sq. Yards,3205,291,3252,701,1,0,,1,,,544
147567,PW21_634,30,Sq. Yards,3212,298,3276,704,1,0,,1,,,544
147601,PW21_269,30,Sq. Yards,3212,298,3276,684,1,0,,1,,,544
148269,PW21_943,30,Sq. Yards,3212,298,3276,709,1,0,,1,,,544
148588,PW21_621,30,Sq. Yards,3212,298,3276,688,1,0,,1,,,544
149875,PWAP_E-463,30,Sq. Yards,3212,298,3276,684,1,0,,1,,,544
154666,JG23_1684,30,Sq. Yards,3194,280,3200,685,1,0,,1,,,544
154895,KN9.32_E-111,30,Sq. Yards,3197,283,3215,687,1,0,,1,,,544
155102,RW19.1_E-72,30,Sq. Yards,3208,294,3264,711,1,0,,1,,,544
155134,RK21.2_E-166,30,Sq. Yards,3205,291,3252,684,1,0,,1,,,544
156065,SD8_E-63,30,Sq. Yards,3200,286,3230,683,1,0,,1,,,544
158569,JG23_1366,30,Sq. Yards,3194,280,3200,1055,1,0,,1,,,544
159405,PWAP_E-160,30,Sq. Yards,3212,298,3276,699,1,0,,1,,,544
160686,SD8_E-216,30,Sq. Yards,3200,286,3230,686,1,0,,1,,,544
160786,JG22.2_E-207,30,Sq. Yards,3194,280,3200,697,1,0,,1,,,544
161209,JG23_1462,30,Sq. Yards,3194,280,3200,695,1,0,,1,,,544
162181,RW18.2-2521,30,Sq. Yards,3208,294,3264,698,1,0,,1,,,544
162188,RK21.2_E-4,30,Sq. Yards,3205,291,3252,692,1,0,,1,,,544
147987,PW21_64,30,Sq. Yards,3212,298,3276,685,1,0,,1,,,544
148787,MG9.10.3_E-126,30,Sq. Yards,3207,293,3259,683,1,0,,1,,,544
149257,RW36A_E-265,30,Sq. Yards,3205,291,3252,691,1,0,,1,,,544
149342,JR6_E-319,30,Sq. Yards,3206,292,3257,685,1,0,,1,,,544
149523,JG23_1554,30,Sq. Yards,3194,280,3200,682,1,0,,1,,,544
149810,RW27.28.26PII_E-940,30,Sq. Yards,3205,291,3252,690,1,0,,1,,,544
151695,RK21.2_E-6,30,Sq. Yards,3205,291,3252,695,1,0,,1,,,544
152982,PW21_201,30,Sq. Yards,3212,298,3276,768,1,0,,1,,,544
153886,FD9_E-112,30,Sq. Yards,3201,287,3233,887,1,0,,1,,,544
154286,JG23_758,30,Sq. Yards,3194,280,3200,700,1,0,,1,,,544
155107,PW21_593,30,Sq. Yards,3212,298,3276,696,1,0,,1,,,544
155439,SD8_E-105,30,Sq. Yards,3200,286,3230,695,1,0,,1,,,544
155877,JG22.2_E-734,30,Sq. Yards,3194,280,3200,689,1,0,,1,,,544
156492,PW21_1047,30,Sq. Yards,3212,298,3276,691,1,0,,1,,,544
157130,RW27.28.26PII_E-823,30,Sq. Yards,3205,291,3252,701,1,0,,1,,,544
157647,RW18.2-3669,30,Sq. Yards,3208,294,3264,681,1,0,,1,,,544
158934,JG23_976,30,Sq. Yards,3194,280,3200,682,1,0,,1,,,544
160787,KN32_3,30,Sq. Yards,3197,283,3215,687,1,0,,1,,,544
162057,MG9.10.3_E-179,30,Sq. Yards,3207,293,3259,692,1,0,,1,,,544
162176,PWAP_E-127,30,Sq. Yards,3212,298,3276,898,1,0,,1,,,544
147522,KN9.32_E-156,30,Sq. Yards,3197,283,3215,684,1,0,,1,,,544
149380,JG22.2_E-731,30,Sq. Yards,3194,280,3200,681,1,0,,1,,,544
149387,RK5_E-264,30,Sq. Yards,3205,291,3252,683,1,0,,1,,,544
149948,RW36A_E-112,30,Sq. Yards,3205,291,3252,692,1,0,,1,,,544
150298,JG23_822,30,Sq. Yards,3194,280,3200,699,1,0,,1,,,544
150605,RK5_E-120,30,Sq. Yards,3205,291,3252,686,1,0,,1,,,544
150948,GO13.14_46,30,Sq. Yards,3199,285,3221,682,1,0,,1,,,544
151123,RW18.2-2423,30,Sq. Yards,3208,294,3264,693,1,0,,1,,,544
151577,RW27.28.26PII_E-1520,30,Sq. Yards,3205,291,3252,685,1,0,,1,,,544
151734,CD9_E-115,30,Sq. Yards,3213,299,3279,692,1,0,,1,,,544
151745,MG9.10.3_E-95,30,Sq. Yards,3207,293,3259,690,1,0,,1,,,544
152184,RK21.2_E-467,30,Sq. Yards,3205,291,3252,681,1,0,,1,,,544
152202,RW18.2-2128,30,Sq. Yards,3208,294,3264,692,1,0,,1,,,544
152427,PJ28.1_E-180,30,Sq. Yards,3192,278,3193,935,1,0,,1,,,544
152438,JR6_E-455,30,Sq. Yards,3206,292,3257,684,1,0,,1,,,544
152663,RW18.2-2043,30,Sq. Yards,3208,294,3264,681,1,0,,1,,,544
152820,JG23_457,30,Sq. Yards,3194,280,3200,693,1,0,,1,,,544
153663,RK21.2_E-450,30,Sq. Yards,3205,291,3252,681,1,0,,1,,,544
154910,JR9_E-8,30,Sq. Yards,3206,292,3257,691,1,0,,1,,,544
155596,GO13.14_123,30,Sq. Yards,3199,285,3221,691,1,0,,1,,,544
155803,RW18.2-3139,30,Sq. Yards,3208,294,3264,683,1,0,,1,,,544
156707,JG23_1212,30,Sq. Yards,3194,280,3200,689,1,0,,1,,,544
157125,RW27.28.26PII_E-852,30,Sq. Yards,3205,291,3252,694,1,0,,1,,,544
157282,RW27.28.26PII_E-806,30,Sq. Yards,3205,291,3252,696,1,0,,1,,,544
157986,RW36A_E-57,30,Sq. Yards,3205,291,3252,701,1,0,,1,,,544
158804,JAJ_E-133,30,Sq. Yards,3200,286,3229,693,1,0,,1,,,544
158847,JG22.2_E-336,30,Sq. Yards,3194,280,3200,686,1,0,,1,,,544
159040,JG23_693,30,Sq. Yards,3194,280,3200,681,1,0,,1,,,544
159304,JG23_2090,30,Sq. Yards,3194,280,3200,1027,1,0,,1,,,544
159354,FD9_E-171,30,Sq. Yards,3201,287,3233,685,1,0,,1,,,544
159365,JR9PII_E-142,30,Sq. Yards,3206,292,3257,695,1,0,,1,,,544
159747,MG9.10.3_E-17,30,Sq. Yards,3207,293,3259,686,1,0,,1,,,544
160015,RW18.2-2715,30,Sq. Yards,3208,294,3264,697,1,0,,1,,,544
152120,PW21_536,30,Sq. Yards,3212,298,3276,707,1,0,,1,,,544
152127,CD1B_E-9,30,Sq. Yards,3213,299,3279,700,1,0,,1,,,544
152220,SSPIII20_E-592,30,Sq. Yards,3202,288,3238,692,1,0,,1,,,544
152488,RW18.2-2061,30,Sq. Yards,3208,294,3264,710,1,0,,1,,,544
152495,JG23_1609,30,Sq. Yards,3194,280,3200,699,1,0,,1,,,544
152688,JG22.2_E-87,30,Sq. Yards,3194,280,3200,682,1,0,,1,,,544
155010,JR9PII_E-254,30,Sq. Yards,3206,292,3257,685,1,0,,1,,,544
155117,JG24.1_E-16,30,Sq. Yards,3194,280,3200,689,1,0,,1,,,544
155235,KN32_267,30,Sq. Yards,3197,283,3215,681,1,0,,1,,,544
156046,KN32_215,30,Sq. Yards,3197,283,3215,696,1,0,,1,,,544
156864,JR6_E-417,30,Sq. Yards,3206,292,3257,689,1,0,,1,,,544
157793,PWAP_E-6,30,Sq. Yards,3212,298,3276,687,1,0,,1,,,544
158104,RW36A_E-291,30,Sq. Yards,3205,291,3252,702,1,0,,1,,,544
158211,PJ28.3_E-225,30,Sq. Yards,3192,278,3193,974,1,0,,1,,,544
158261,JG23_1280,30,Sq. Yards,3194,280,3200,682,1,0,,1,,,544
159254,CD1B_E-109,30,Sq. Yards,3213,299,3279,683,1,0,,1,,,544
159440,JG23_903,30,Sq. Yards,3194,280,3200,681,1,0,,1,,,544
160276,JG23_832,30,Sq. Yards,3194,280,3200,685,1,0,,1,,,544
160351,JG24.2_E-48,30,Sq. Yards,3194,280,3200,699,1,0,,1,,,544
160501,PWAP_E-216,30,Sq. Yards,3212,298,3276,688,1,0,,1,,,544
160508,JR9_E-63,30,Sq. Yards,3206,292,3257,686,1,0,,1,,,544
161176,SSPIII20_E-636,30,Sq. Yards,3202,288,3238,696,1,0,,1,,,544
161451,RW27.28.26PII_E-928,30,Sq. Yards,3205,291,3252,700,1,0,,1,,,544
161819,PWAP_E-296,30,Sq. Yards,3212,298,3276,710,1,0,,1,,,544
149082,RW27.28.26PII_E-340,30,Sq. Yards,3205,291,3252,691,1,0,,1,,,544
149550,CD9_E-319,30,Sq. Yards,3213,299,3279,681,1,0,,1,,,544
149618,CD9_E-458,30,Sq. Yards,3213,299,3279,692,1,0,,1,,,544
150067,RK21.2_E-566,30,Sq. Yards,3205,291,3252,682,1,0,,1,,,544
150403,RW19.1_E-103,30,Sq. Yards,3208,294,3264,685,1,0,,1,,,544
150621,RW27.28.26PII_E-463,30,Sq. Yards,3205,291,3252,683,1,0,,1,,,544
150668,SD8_E-254,30,Sq. Yards,3200,286,3230,685,1,0,,1,,,544
152558,JG22.2_E-163,30,Sq. Yards,3194,280,3200,691,1,0,,1,,,544
153944,JG23_1136,30,Sq. Yards,3194,280,3200,689,1,0,,1,,,544
154011,CD9_E-351,30,Sq. Yards,3213,299,3279,687,1,0,,1,,,544
155165,RW36A_E-231,30,Sq. Yards,3205,291,3252,694,1,0,,1,,,544
155397,JG23_2164,30,Sq. Yards,3194,280,3200,696,1,0,,1,,,544
155983,JG23_1053,30,Sq. Yards,3194,280,3200,690,1,0,,1,,,544
156802,JG23_769,30,Sq. Yards,3194,280,3200,691,1,0,,1,,,544
157238,JG23_1563,30,Sq. Yards,3194,280,3200,690,1,0,,1,,,544
158341,JAJ_E-48,30,Sq. Yards,3200,286,3229,682,1,0,,1,,,544
158659,RW18.2-2548,30,Sq. Yards,3208,294,3264,688,1,0,,1,,,544
159191,JG23_808,30,Sq. Yards,3194,280,3200,697,1,0,,1,,,544
160278,SD8_E-229,30,Sq. Yards,3200,286,3230,682,1,0,,1,,,544
160696,CD9_E-74,30,Sq. Yards,3213,299,3279,693,1,0,,1,,,544
160781,PWAP_E-128,30,Sq. Yards,3212,298,3276,701,1,0,,1,,,544
161132,RK5_E-38,30,Sq. Yards,3205,291,3252,701,1,0,,1,,,544
162249,PW21_547,30,Sq. Yards,3212,298,3276,692,1,0,,1,,,544
162368,FD9_E-193,30,Sq. Yards,3201,287,3233,688,1,0,,1,,,544
147811,JG23_2004,30,Sq. Yards,3194,280,3200,681,1,0,,1,,,544
148030,JG23_1801,30,Sq. Yards,3194,280,3200,1020,1,0,,1,,,544
148415,RW19.1_E-32,30,Sq. Yards,3208,294,3264,681,1,0,,1,,,544
148647,CD9_E-181,30,Sq. Yards,3213,299,3279,699,1,0,,1,,,544
149415,JR6_E-207,30,Sq. Yards,3206,292,3257,699,1,0,,1,,,544
150234,SSPIII20_E-532,30,Sq. Yards,3202,288,3238,707,1,0,,1,,,544
150720,SSPIII20_E-508,30,Sq. Yards,3202,288,3238,863,1,0,,1,,,544
152174,PW21_287,30,Sq. Yards,3212,298,3276,709,1,0,,1,,,544
152556,RW27.28.26PII_E-1455,30,Sq. Yards,3205,291,3252,695,1,0,,1,,,544
152673,FD9_E-11,30,Sq. Yards,3201,287,3233,700,1,0,,1,,,544
153760,JG22.2_E-769,30,Sq. Yards,3194,280,3200,681,1,0,,1,,,544
155332,JG23_1237,30,Sq. Yards,3194,280,3200,690,1,0,,1,,,544
155432,JG23_367,30,Sq. Yards,3194,280,3200,687,1,0,,1,,,544
155699,JG24.2_E-88,30,Sq. Yards,3194,280,3200,681,1,0,,1,,,544
156100,RW36A_E-64,30,Sq. Yards,3205,291,3252,682,1,0,,1,,,544
156136,JG22.1_E-127,30,Sq. Yards,3194,280,3200,691,1,0,,1,,,544
156303,MG9.10.3_E-322,30,Sq. Yards,3207,293,3259,690,1,0,,1,,,544
152213,JG23_331,30,Sq. Yards,3194,280,3200,694,1,0,,1,,,544
152683,PJ28.1_E-87,30,Sq. Yards,3192,278,3193,944,1,0,,1,,,544
152768,RK21.2_E-113,30,Sq. Yards,3205,291,3252,681,1,0,,1,,,544
153836,RW18.1_E-90,30,Sq. Yards,3208,294,3264,683,1,0,,1,,,544
154670,JG23_359,30,Sq. Yards,3194,280,3200,694,1,0,,1,,,544
157229,RK21.2_E-141,30,Sq. Yards,3205,291,3252,692,1,0,,1,,,544
158350,RW36A_E-89,30,Sq. Yards,3205,291,3252,700,1,0,,1,,,544
158718,JR6_E-216,30,Sq. Yards,3206,292,3257,689,1,0,,1,,,544
159801,PWAP_E-175,30,Sq. Yards,3212,298,3276,690,1,0,,1,,,544
161156,JR6_E-204,30,Sq. Yards,3206,292,3257,681,1,0,,1,,,544
161907,RW27.28.26PII_E-1495,30,Sq. Yards,3205,291,3252,700,1,0,,1,,,544
147638,PW21_798,30,Sq. Yards,3212,298,3276,774,1,0,,1,,,544
148074,RW18.2-2668,30,Sq. Yards,3208,294,3264,681,1,0,,1,,,544
148417,JR9PII_E-32,30,Sq. Yards,3206,292,3257,684,1,0,,1,,,544
148878,PWAP_E-161,30,Sq. Yards,3212,298,3276,973,1,0,,1,,,544
150053,KN32_258,30,Sq. Yards,3197,283,3215,700,1,0,,1,,,544
151014,GO13.14_11,30,Sq. Yards,3199,285,3221,686,1,0,,1,,,544
151175,RK21.2_E-553,30,Sq. Yards,3205,291,3252,684,1,0,,1,,,544
151243,CD9_E-423,30,Sq. Yards,3213,299,3279,684,1,0,,1,,,544
151457,JG23_1208,30,Sq. Yards,3194,280,3200,685,1,0,,1,,,544
151550,SD8_E-138,30,Sq. Yards,3200,286,3230,684,1,0,,1,,,544
152672,RW36A_E-183,30,Sq. Yards,3205,291,3252,684,1,0,,1,,,544
153147,RW19.1_E-84,30,Sq. Yards,3208,294,3264,707,1,0,,1,,,544
153447,JG22.2_E-392,30,Sq. Yards,3194,280,3200,690,1,0,,1,,,544
153922,RW27.28.26PII_E-955,30,Sq. Yards,3205,291,3252,685,1,0,,1,,,544
154158,RW18.2-3199,30,Sq. Yards,3208,294,3264,683,1,0,,1,,,544
154290,RW18.2-3448,30,Sq. Yards,3208,294,3264,707,1,0,,1,,,544
155326,PJ28.1_E-178,30,Sq. Yards,3192,278,3193,944,1,0,,1,,,544
156148,RK5_E-10,30,Sq. Yards,3205,291,3252,686,1,0,,1,,,544
156230,PJ28.3_E-133,30,Sq. Yards,3192,278,3193,919,1,0,,1,,,544
157741,KN32_81,30,Sq. Yards,3197,283,3215,691,1,0,,1,,,544
158295,JG23_580,30,Sq. Yards,3194,280,3200,682,1,0,,1,,,544
158402,SSPIII20_E-119,30,Sq. Yards,3202,288,3238,686,1,0,,1,,,544
158795,RW27.28.26PII_E-1289,30,Sq. Yards,3205,291,3252,690,1,0,,1,,,544
158920,RW27.28.26PII_E-56,30,Sq. Yards,3205,291,3252,685,1,0,,1,,,544
159749,RK21.2_E-381,30,Sq. Yards,3205,291,3252,690,1,0,,1,,,544
159949,PW21_674,30,Sq. Yards,3212,298,3276,706,1,0,,1,,,544
160267,KN9.32_E-107,30,Sq. Yards,3197,283,3215,692,1,0,,1,,,544
162139,KN32_183,30,Sq. Yards,3197,283,3215,681,1,0,,1,,,544
147904,GO16_E-80,30,Sq. Yards,3199,285,3221,690,1,0,,1,,,544
147953,RW18.2-2591,30,Sq. Yards,3208,294,3264,704,1,0,,1,,,544
148087,PWAP_E-170,30,Sq. Yards,3212,298,3276,688,1,0,,1,,,544
148721,JR9PII_E-301,30,Sq. Yards,3206,292,3257,693,1,0,,1,,,544
149359,PWAP_E-22,30,Sq. Yards,3212,298,3276,684,1,0,,1,,,544
150161,RW18.1_E-87,30,Sq. Yards,3208,294,3264,685,1,0,,1,,,544
150929,RW19.1_E-48,30,Sq. Yards,3208,294,3264,700,1,0,,1,,,544
151044,JR9PII_E-241,30,Sq. Yards,3206,292,3257,693,1,0,,1,,,544
151180,JG23_1474,30,Sq. Yards,3194,280,3200,696,1,0,,1,,,544
151714,SSPIII20_E-359,30,Sq. Yards,3202,288,3238,681,1,0,,1,,,544
153654,PJ28.3_E-177,30,Sq. Yards,3192,278,3193,684,1,0,,1,,,544
154486,RK21.2_E-261,30,Sq. Yards,3205,291,3252,683,1,0,,1,,,544
154639,RW36A_E-12,30,Sq. Yards,3205,291,3252,686,1,0,,1,,,544
155241,RW18.2-2016,30,Sq. Yards,3208,294,3264,691,1,0,,1,,,544
156743,RW18.2-3042,30,Sq. Yards,3208,294,3264,686,1,0,,1,,,544
157815,RW19.1_E-82,30,Sq. Yards,3208,294,3264,697,1,0,,1,,,544
158298,JG23_1999,30,Sq. Yards,3194,280,3200,683,1,0,,1,,,544
159102,CD9_E-312,30,Sq. Yards,3213,299,3279,701,1,0,,1,,,544
159370,JG23_1935,30,Sq. Yards,3194,280,3200,686,1,0,,1,,,544
159617,RW27.28.26PII_E-1615,30,Sq. Yards,3205,291,3252,685,1,0,,1,,,544
161238,PJ28.2_E-56,30,Sq. Yards,3192,278,3193,700,1,0,,1,,,544
148585,PW21_148,30,Sq. Yards,3212,298,3276,698,1,0,,1,,,544
148678,RW27.28.26PII_E-827,30,Sq. Yards,3205,291,3252,685,1,0,,1,,,544
148910,FD9_E-54,30,Sq. Yards,3201,287,3233,684,1,0,,1,,,544
149171,JG23_1042,30,Sq. Yards,3194,280,3200,689,1,0,,1,,,544
150196,JG23_632,30,Sq. Yards,3194,280,3200,682,1,0,,1,,,544
153038,RK21.2_E-108,30,Sq. Yards,3205,291,3252,683,1,0,,1,,,544
153531,RW18.2-3035,30,Sq. Yards,3208,294,3264,708,1,0,,1,,,544
154810,MG9.10.3_E-369,30,Sq. Yards,3207,293,3259,687,1,0,,1,,,544
154917,PW21_360,30,Sq. Yards,3212,298,3276,706,1,0,,1,,,544
155453,RW18.2-3631,30,Sq. Yards,3208,294,3264,682,1,0,,1,,,544
155553,RW27.28.26PII_E-719,30,Sq. Yards,3205,291,3252,701,1,0,,1,,,544
156071,RW36A_E-191,30,Sq. Yards,3205,291,3252,691,1,0,,1,,,544
156139,PWAP_E-447,30,Sq. Yards,3212,298,3276,699,1,0,,1,,,544
158075,SSPIII20_E-595,30,Sq. Yards,3202,288,3238,689,1,0,,1,,,544
159147,RW18.2-2960,30,Sq. Yards,3208,294,3264,697,1,0,,1,,,544
159265,JR9PII_E-265,30,Sq. Yards,3206,292,3257,694,1,0,,1,,,544
161226,FD9_E-88,30,Sq. Yards,3201,287,3233,992,1,0,,1,,,544
162198,PJ28.1_E-2,30,Sq. Yards,3192,278,3193,703,1,0,,1,,,544
162323,CD9_E-84,30,Sq. Yards,3213,299,3279,692,1,0,,1,,,544
162591,RW18.2-3056,30,Sq. Yards,3208,294,3264,689,1,0,,1,,,544
147763,RW27.28.26PII_E-643,30,Sq. Yards,3205,291,3252,690,1,0,,1,,,544
148849,RW27.28.26PII_E-687,30,Sq. Yards,3205,291,3252,689,1,0,,1,,,544
149999,RW36A_E-227,30,Sq. Yards,3205,291,3252,683,1,0,,1,,,544
150436,JG22.2_E-61,30,Sq. Yards,3194,280,3200,698,1,0,,1,,,544
150953,RW27.28.26PII_E-1038,30,Sq. Yards,3205,291,3252,682,1,0,,1,,,544
151071,PWAP_E-43,30,Sq. Yards,3212,298,3276,710,1,0,,1,,,544
151539,JG23_370,30,Sq. Yards,3194,280,3200,682,1,0,,1,,,544
151704,PW21_1138,30,Sq. Yards,3212,298,3276,691,1,0,,1,,,544
152072,RW18.2-2179,30,Sq. Yards,3208,294,3264,685,1,0,,1,,,544
152693,RK21.2_E-473,30,Sq. Yards,3205,291,3252,686,1,0,,1,,,544
153008,RW18.2-3208,30,Sq. Yards,3208,294,3264,695,1,0,,1,,,544
153726,JG23_1507,30,Sq. Yards,3194,280,3200,695,1,0,,1,,,544
154329,PW21_754,30,Sq. Yards,3212,298,3276,698,1,0,,1,,,544
154748,PW21_865,30,Sq. Yards,3212,298,3276,681,1,0,,1,,,544
157288,RW27.28.26PII_E-1079,30,Sq. Yards,3205,291,3252,684,1,0,,1,,,544
157620,RW27.28.26PII_E-707,30,Sq. Yards,3205,291,3252,688,1,0,,1,,,544
158256,SD8_E-28,30,Sq. Yards,3200,286,3230,684,1,0,,1,,,544
158759,JR9_E-58,30,Sq. Yards,3206,292,3257,696,1,0,,1,,,544
159310,KN32_98,30,Sq. Yards,3197,283,3215,691,1,0,,1,,,544
160010,SD8_E-25,30,Sq. Yards,3200,286,3230,685,1,0,,1,,,544
160614,PW21_832,30,Sq. Yards,3212,298,3276,683,1,0,,1,,,544
161349,PJ28.1_E-62,30,Sq. Yards,3192,278,3193,944,1,0,,1,,,544
161482,RW18.2-2280,30,Sq. Yards,3208,294,3264,681,1,0,,1,,,544
162018,JR6_E-124,30,Sq. Yards,3206,292,3257,693,1,0,,1,,,544
162150,CD1B_E-53,30,Sq. Yards,3213,299,3279,697,1,0,,1,,,544
162667,RW18.2-2284,30,Sq. Yards,3208,294,3264,689,1,0,,1,,,544
147462,RW27.28.26PII_E-1578,30,Sq. Yards,3205,291,3252,686,1,0,,1,,,544
147479,RW18.2-2702,30,Sq. Yards,3208,294,3264,710,1,0,,1,,,544
147594,RW27.28.26PII_E-371,30,Sq. Yards,3205,291,3252,687,1,0,,1,,,544
148598,GO13.14_151,30,Sq. Yards,3199,285,3221,689,1,0,,1,,,544
148848,PWAP_E-497,30,Sq. Yards,3212,298,3276,682,1,0,,1,,,544
148883,SD8_E-16,30,Sq. Yards,3200,286,3230,695,1,0,,1,,,544
149198,RW18.2-2279,30,Sq. Yards,3208,294,3264,692,1,0,,1,,,544
149598,SSPIII20_E-123,30,Sq. Yards,3202,288,3238,692,1,0,,1,,,544
150034,JG23_957,30,Sq. Yards,3194,280,3200,687,1,0,,1,,,544
150387,RW27.28.26PII_E-1686,30,Sq. Yards,3205,291,3252,690,1,0,,1,,,544
150451,RW27.28.26PII_E-1622,30,Sq. Yards,3205,291,3252,700,1,0,,1,,,544
152356,RW18.2-2365,30,Sq. Yards,3208,294,3264,684,1,0,,1,,,544
152374,JG23_1433,30,Sq. Yards,3194,280,3200,701,1,0,,1,,,544
152809,SSPIII20_E-172,30,Sq. Yards,3202,288,3238,689,1,0,,1,,,544
153191,RW18.2-2620,30,Sq. Yards,3208,294,3264,700,1,0,,1,,,544
153328,JR6_E-419,30,Sq. Yards,3206,292,3257,683,1,0,,1,,,544
153528,JG23_829,30,Sq. Yards,3194,280,3200,684,1,0,,1,,,544
153796,GO13.14_236,30,Sq. Yards,3199,285,3221,682,1,0,,1,,,544
154949,JR6_E-67,30,Sq. Yards,3206,292,3257,685,1,0,,1,,,544
155164,RW18.2-2792,30,Sq. Yards,3208,294,3264,690,1,0,,1,,,544
155367,RW19.2_E-25,30,Sq. Yards,3208,294,3264,699,1,0,,1,,,544
155400,GO16_E-191,30,Sq. Yards,3199,285,3221,694,1,0,,1,,,544
155917,RW27.28.26PII_E-867,30,Sq. Yards,3205,291,3252,698,1,0,,1,,,544
159733,RK21.2_E-289,30,Sq. Yards,3205,291,3252,700,1,0,,1,,,544
160908,SD8_E-24,30,Sq. Yards,3200,286,3230,694,1,0,,1,,,544
161469,JG23_1413,30,Sq. Yards,3194,280,3200,699,1,0,,1,,,544
161555,JG23_2225,30,Sq. Yards,3194,280,3200,693,1,0,,1,,,544
162305,RW18.2-3038,30,Sq. Yards,3208,294,3264,681,1,0,,1,,,544
147775,PW21_44,30,Sq. Yards,3212,298,3276,684,1,0,,1,,,544
149311,CD1B_E-122,30,Sq. Yards,3213,299,3279,691,1,0,,1,,,544
149345,JG22.2_E-422,30,Sq. Yards,3194,280,3200,685,1,0,,1,,,544
149418,RK21.2_E-1,30,Sq. Yards,3205,291,3252,698,1,0,,1,,,544
149788,RK5_E-116,30,Sq. Yards,3205,291,3252,683,1,0,,1,,,544
150656,SSPIII20_E-198,30,Sq. Yards,3202,288,3238,690,1,0,,1,,,544
151426,SSPIII20_E-368,30,Sq. Yards,3202,288,3238,701,1,0,,1,,,544
151485,RW36A_E-2,30,Sq. Yards,3205,291,3252,682,1,0,,1,,,544
153096,JG23_776,30,Sq. Yards,3194,280,3200,686,1,0,,1,,,544
153289,PW21_479,30,Sq. Yards,3212,298,3276,696,1,0,,1,,,544
154166,JR6_E-425,30,Sq. Yards,3206,292,3257,696,1,0,,1,,,544
154193,RK21.2_E-53,30,Sq. Yards,3205,291,3252,681,1,0,,1,,,544
154802,KN32_27,30,Sq. Yards,3197,283,3215,681,1,0,,1,,,544
154870,RW27.28.26PII_E-752,30,Sq. Yards,3205,291,3252,684,1,0,,1,,,544
155838,JG23_496,30,Sq. Yards,3194,280,3200,682,1,0,,1,,,544
156474,RK21.2_E-39,30,Sq. Yards,3205,291,3252,681,1,0,,1,,,544
157299,JG23_2052,30,Sq. Yards,3194,280,3200,681,1,0,,1,,,544
157342,RW18.2-2853,30,Sq. Yards,3208,294,3264,701,1,0,,1,,,544
158044,RW18.2-3260,30,Sq. Yards,3208,294,3264,710,1,0,,1,,,544
159305,RW27.28.26PII_E-1705,30,Sq. Yards,3205,291,3252,682,1,0,,1,,,544
159982,RW27.28.26PII_E-1441,30,Sq. Yards,3205,291,3252,691,1,0,,1,,,544
160218,SSPIII20_E-408,30,Sq. Yards,3202,288,3238,703,1,0,,1,,,544
160282,FD9_E-124,30,Sq. Yards,3201,287,3233,694,1,0,,1,,,544
161111,FD9_E-75,30,Sq. Yards,3201,287,3233,685,1,0,,1,,,544
161243,RW27.28.26PII_E-1334,30,Sq. Yards,3205,291,3252,681,1,0,,1,,,544
161488,CD9_E-62,30,Sq. Yards,3213,299,3279,685,1,0,,1,,,544
162086,JG22.2_E-391,30,Sq. Yards,3194,280,3200,695,1,0,,1,,,544
148891,JG23_491,30,Sq. Yards,3194,280,3200,685,1,0,,1,,,544
149540,FD9_E-50,30,Sq. Yards,3201,287,3233,704,1,0,,1,,,544
150963,SSPIII20_E-468,30,Sq. Yards,3202,288,3238,704,1,0,,1,,,544
151080,RW27.28.26PII_E-688,30,Sq. Yards,3205,291,3252,686,1,0,,1,,,544
151346,RW18.2-2981,30,Sq. Yards,3208,294,3264,698,1,0,,1,,,544
151361,RW36A_E-258,30,Sq. Yards,3205,291,3252,695,1,0,,1,,,544
151712,RW18.2-2485,30,Sq. Yards,3208,294,3264,710,1,0,,1,,,544
152733,CD9_E-196,30,Sq. Yards,3213,299,3279,692,1,0,,1,,,544
152799,RW18.2-3026,30,Sq. Yards,3208,294,3264,695,1,0,,1,,,544
153033,PWAP_E-252,30,Sq. Yards,3212,298,3276,686,1,0,,1,,,544
155641,JG22.2_E-372,30,Sq. Yards,3194,280,3200,697,1,0,,1,,,544
156260,JG23_2055,30,Sq. Yards,3194,280,3200,691,1,0,,1,,,544
159200,MG9.10.3_E-149,30,Sq. Yards,3207,293,3259,690,1,0,,1,,,544
159553,RW27.28.26PII_E-1649,30,Sq. Yards,3205,291,3252,684,1,0,,1,,,544
159704,RW18.2-2297,30,Sq. Yards,3208,294,3264,704,1,0,,1,,,544
160136,MG9.10.3_E-101,30,Sq. Yards,3207,293,3259,682,1,0,,1,,,544
160302,RW27.28.26PII_E-120,30,Sq. Yards,3205,291,3252,683,1,0,,1,,,544
160321,JG23_1072,30,Sq. Yards,3194,280,3200,689,1,0,,1,,,544
161138,JG23_1501,30,Sq. Yards,3194,280,3200,691,1,0,,1,,,544
148744,SSPIII20_E-287,30,Sq. Yards,3202,288,3238,685,1,0,,1,,,544
149212,GO16_E-11,30,Sq. Yards,3199,285,3221,687,1,0,,1,,,544
149369,RK21.2_E-570,30,Sq. Yards,3205,291,3252,682,1,0,,1,,,544
149762,JAJ_E-62,30,Sq. Yards,3200,286,3229,693,1,0,,1,,,544
149837,CD1B_E-173,30,Sq. Yards,3213,299,3279,687,1,0,,1,,,544
149998,SSPIII20_E-831,30,Sq. Yards,3202,288,3238,704,1,0,,1,,,544
151166,RK21.2_E-546,30,Sq. Yards,3205,291,3252,690,1,0,,1,,,544
151552,MG9.10.3_E-171,30,Sq. Yards,3207,293,3259,691,1,0,,1,,,544
151677,JG23_2217,30,Sq. Yards,3194,280,3200,685,1,0,,1,,,544
152595,RW36A_E-3,30,Sq. Yards,3205,291,3252,684,1,0,,1,,,544
152881,RK21.2_E-314,30,Sq. Yards,3205,291,3252,696,1,0,,1,,,544
153867,CD9_E-481,30,Sq. Yards,3213,299,3279,700,1,0,,1,,,544
154267,JG23_1331,30,Sq. Yards,3194,280,3200,682,1,0,,1,,,544
152782,PWAP_E-45,30,Sq. Yards,3212,298,3276,708,1,0,,1,,,544
152901,JG24.1_E-41,30,Sq. Yards,3194,280,3200,693,1,0,,1,,,544
153116,JG22.2_E-688,30,Sq. Yards,3194,280,3200,690,1,0,,1,,,544
153350,JG22.1_E-114,30,Sq. Yards,3194,280,3200,700,1,0,,1,,,544
153420,RW27.28.26PII_E-1460,30,Sq. Yards,3205,291,3252,686,1,0,,1,,,544
154339,JR6_E-88,30,Sq. Yards,3206,292,3257,693,1,0,,1,,,544
154607,JR6_E-464,30,Sq. Yards,3206,292,3257,689,1,0,,1,,,544
155141,JG23_1373,30,Sq. Yards,3194,280,3200,691,1,0,,1,,,544
155407,JR9PII_E-276,30,Sq. Yards,3206,292,3257,690,1,0,,1,,,544
155492,SSPIII20_E-415,30,Sq. Yards,3202,288,3238,863,1,0,,1,,,544
156745,JG23_701,30,Sq. Yards,3194,280,3200,1047,1,0,,1,,,544
157347,RW27.28.26PII_E-1255,30,Sq. Yards,3205,291,3252,690,1,0,,1,,,544
157713,JAJ_E-10,30,Sq. Yards,3200,286,3229,691,1,0,,1,,,544
157715,KN32_277,30,Sq. Yards,3197,283,3215,683,1,0,,1,,,544
158030,RW36A_E-88,30,Sq. Yards,3205,291,3252,700,1,0,,1,,,544
158532,MG9.10.3_E-25,30,Sq. Yards,3207,293,3259,690,1,0,,1,,,544
161472,JG23_2005,30,Sq. Yards,3194,280,3200,686,1,0,,1,,,544
161574,CD9_E-19,30,Sq. Yards,3213,299,3279,688,1,0,,1,,,544
161676,RK21.2_E-332,30,Sq. Yards,3205,291,3252,695,1,0,,1,,,544
147706,RW27.28.26PII_E-59,30,Sq. Yards,3205,291,3252,690,1,0,,1,,,544
148017,GO16_E-12,30,Sq. Yards,3199,285,3221,689,1,0,,1,,,544
148160,RK5_E-201,30,Sq. Yards,3205,291,3252,693,1,0,,1,,,544
149478,RW27.28.26PII_E-1395,30,Sq. Yards,3205,291,3252,682,1,0,,1,,,544
149746,RK21.2_E-385,30,Sq. Yards,3205,291,3252,683,1,0,,1,,,544
150525,PWAP_E-459,30,Sq. Yards,3212,298,3276,688,1,0,,1,,,544
151193,JG23_2161,30,Sq. Yards,3194,280,3200,682,1,0,,1,,,544
151275,SSPIII20_E-68,30,Sq. Yards,3202,288,3238,689,1,0,,1,,,544
151443,JG23_1816,30,Sq. Yards,3194,280,3200,682,1,0,,1,,,544
151507,JR6_E-136,30,Sq. Yards,3206,292,3257,685,1,0,,1,,,544
151893,RW36A_E-176,30,Sq. Yards,3205,291,3252,683,1,0,,1,,,544
151975,JG22.2_E-661,30,Sq. Yards,3194,280,3200,689,1,0,,1,,,544
152211,JR6_E-144,30,Sq. Yards,3206,292,3257,696,1,0,,1,,,544
152236,GO16_E-212,30,Sq. Yards,3199,285,3221,684,1,0,,1,,,544
153590,KN9.32_E-50,30,Sq. Yards,3197,283,3215,681,1,0,,1,,,544
154083,PW21_650,30,Sq. Yards,3212,298,3276,709,1,0,,1,,,544
154226,RK5_E-206,30,Sq. Yards,3205,291,3252,702,1,0,,1,,,544
154908,MG9.10.3_E-128,30,Sq. Yards,3207,293,3259,683,1,0,,1,,,544
156898,FD9_E-110,30,Sq. Yards,3201,287,3233,681,1,0,,1,,,544
157291,PW21_806,30,Sq. Yards,3212,298,3276,696,1,0,,1,,,544
157323,SD8_E-242,30,Sq. Yards,3200,286,3230,682,1,0,,1,,,544
157734,JG22.2_E-8,30,Sq. Yards,3194,280,3200,693,1,0,,1,,,544
158145,RK5_E-138,30,Sq. Yards,3205,291,3252,685,1,0,,1,,,544
158220,JG23_1459,30,Sq. Yards,3194,280,3200,695,1,0,,1,,,544
158713,MG9.10.3_E-32,30,Sq. Yards,3207,293,3259,686,1,0,,1,,,544
158956,RK21.2_E-88,30,Sq. Yards,3205,291,3252,686,1,0,,1,,,544
159113,RK5_E-87,30,Sq. Yards,3205,291,3252,686,1,0,,1,,,544
159688,PW21_1065,30,Sq. Yards,3212,298,3276,685,1,0,,1,,,544
159781,CD1B_E-5,30,Sq. Yards,3213,299,3279,690,1,0,,1,,,544
159817,CD9_E-270,30,Sq. Yards,3213,299,3279,681,1,0,,1,,,544
159881,RW27.28.26PII_E-1241,30,Sq. Yards,3205,291,3252,694,1,0,,1,,,544
160049,PWAP_E-42,30,Sq. Yards,3212,298,3276,685,1,0,,1,,,544
160242,JG23_1836,30,Sq. Yards,3194,280,3200,681,1,0,,1,,,544
160860,JG23_1163,30,Sq. Yards,3194,280,3200,695,1,0,,1,,,544
147497,RW18.2-2926,30,Sq. Yards,3208,294,3264,689,1,0,,1,,,544
148483,JR9PII_E-52,30,Sq. Yards,3206,292,3257,685,1,0,,1,,,544
148876,KN32_94,30,Sq. Yards,3197,283,3215,975,1,0,,1,,,544
150916,RW19.1_E-31,30,Sq. Yards,3208,294,3264,704,1,0,,1,,,544
150966,RK21.2_E-349,30,Sq. Yards,3205,291,3252,689,1,0,,1,,,544
151098,JG22.2_E-365,30,Sq. Yards,3194,280,3200,688,1,0,,1,,,544
152338,RW27.28.26PII_E-386,30,Sq. Yards,3205,291,3252,681,1,0,,1,,,544
153006,PW21_611,30,Sq. Yards,3212,298,3276,710,1,0,,1,,,544
154092,PW21_866,30,Sq. Yards,3212,298,3276,706,1,0,,1,,,544
154360,JR6_E-187,30,Sq. Yards,3206,292,3257,683,1,0,,1,,,544
155092,PW21_100,30,Sq. Yards,3212,298,3276,708,1,0,,1,,,544
155228,PW21_708,30,Sq. Yards,3212,298,3276,690,1,0,,1,,,544
149028,SSPIII20_E-624,30,Sq. Yards,3202,288,3238,866,1,0,,1,,,544
149121,RW18.2-3495,30,Sq. Yards,3208,294,3264,707,1,0,,1,,,544
149146,GO16_E-349,30,Sq. Yards,3199,285,3221,684,1,0,,1,,,544
149271,RW18.2-2317,30,Sq. Yards,3208,294,3264,709,1,0,,1,,,544
149410,RW27.28.26PII_E-1630,30,Sq. Yards,3205,291,3252,686,1,0,,1,,,544
149753,JG23_858,30,Sq. Yards,3194,280,3200,696,1,0,,1,,,544
150207,JG23_2167,30,Sq. Yards,3194,280,3200,691,1,0,,1,,,544
150496,JR6_E-418,30,Sq. Yards,3206,292,3257,695,1,0,,1,,,544
151043,PJ28.3_E-134,30,Sq. Yards,3192,278,3193,935,1,0,,1,,,544
151168,JG23_1660,30,Sq. Yards,3194,280,3200,1023,1,0,,1,,,544
151268,MG9.10.3_E-28,30,Sq. Yards,3207,293,3259,684,1,0,,1,,,544
151350,JG23_1577,30,Sq. Yards,3194,280,3200,695,1,0,,1,,,544
151943,JG22.2_E-765,30,Sq. Yards,3194,280,3200,696,1,0,,1,,,544
152279,RW18.2-2877,30,Sq. Yards,3208,294,3264,683,1,0,,1,,,544
152679,GO16_E-228,30,Sq. Yards,3199,285,3221,681,1,0,,1,,,544
153215,CD9_E-398,30,Sq. Yards,3213,299,3279,685,1,0,,1,,,544
154783,JG23_509,30,Sq. Yards,3194,280,3200,692,1,0,,1,,,544
154969,JG22.2_E-577,30,Sq. Yards,3194,280,3200,699,1,0,,1,,,544
155337,SSPIII20_E-498,30,Sq. Yards,3202,288,3238,706,1,0,,1,,,544
156048,RW18.2-2114,30,Sq. Yards,3208,294,3264,689,1,0,,1,,,544
156466,PWAP_E-85,30,Sq. Yards,3212,298,3276,699,1,0,,1,,,544
156884,RK21.2_E-207,30,Sq. Yards,3205,291,3252,688,1,0,,1,,,544
157509,PW21_336,30,Sq. Yards,3212,298,3276,705,1,0,,1,,,544
160542,PJ28.3_E-29,30,Sq. Yards,3192,278,3193,944,1,0,,1,,,544
161010,CD9_E-424,30,Sq. Yards,3213,299,3279,691,1,0,,1,,,544
161628,JG23_1033,30,Sq. Yards,3194,280,3200,702,1,0,,1,,,544
161778,GO16_E-353,30,Sq. Yards,3199,285,3221,685,1,0,,1,,,544
161853,JG23_1737,30,Sq. Yards,3194,280,3200,697,1,0,,1,,,544
162700,PWAP_E-381,30,Sq. Yards,3212,298,3276,696,1,0,,1,,,544
147876,CD9_E-21,30,Sq. Yards,3213,299,3279,681,1,0,,1,,,544
148051,RW27.28.26PII_E-757,30,Sq. Yards,3205,291,3252,691,1,0,,1,,,544
148251,PJ28.3_E-191,30,Sq. Yards,3192,278,3193,935,1,0,,1,,,544
148969,JG22.2_E-723,30,Sq. Yards,3194,280,3200,690,1,0,,1,,,544
149112,MG9.10.3_E-109,30,Sq. Yards,3207,293,3259,693,1,0,,1,,,544
150155,RW27.28.26PII_E-925,30,Sq. Yards,3205,291,3252,689,1,0,,1,,,544
150680,RW18.2-2709,30,Sq. Yards,3208,294,3264,681,1,0,,1,,,544
150991,RW27.28.26PII_E-387,30,Sq. Yards,3205,291,3252,701,1,0,,1,,,544
151173,JR9PII_E-187,30,Sq. Yards,3206,292,3257,682,1,0,,1,,,544
152245,RW27.28.26PII_E-487,30,Sq. Yards,3205,291,3252,700,1,0,,1,,,544
152745,RW18.2-3658,30,Sq. Yards,3208,294,3264,687,1,0,,1,,,544
153713,PW21_911,30,Sq. Yards,3212,298,3276,708,1,0,,1,,,544
153999,JR6_E-408,30,Sq. Yards,3206,292,3257,683,1,0,,1,,,544
154174,RW18.2-3719,30,Sq. Yards,3208,294,3264,684,1,0,,1,,,544
154274,MG9.10.3_E-23,30,Sq. Yards,3207,293,3259,687,1,0,,1,,,544
155153,RW19.1_E-43,30,Sq. Yards,3208,294,3264,703,1,0,,1,,,544
155246,RK5_E-258,30,Sq. Yards,3205,291,3252,683,1,0,,1,,,544
155903,RW18.2-2945,30,Sq. Yards,3208,294,3264,704,1,0,,1,,,544
156132,RW36A_E-262,30,Sq. Yards,3205,291,3252,684,1,0,,1,,,544
156282,RW18.2-3569,30,Sq. Yards,3208,294,3264,681,1,0,,1,,,544
159497,GO16_E-226,30,Sq. Yards,3199,285,3221,691,1,0,,1,,,544
159765,RW27.28.26PII_E-1005,30,Sq. Yards,3205,291,3252,683,1,0,,1,,,544
160594,PW21_1086,30,Sq. Yards,3212,298,3276,928,1,0,,1,,,544
162105,MG9.10.2_E-29,30,Sq. Yards,3207,293,3259,694,1,0,,1,,,544
147520,PW21_482,30,Sq. Yards,3212,298,3276,685,1,0,,1,,,544
148605,JAJ_E-26,30,Sq. Yards,3200,286,3229,685,1,0,,1,,,544
148654,PJ28.3_E-44,30,Sq. Yards,3192,278,3193,935,1,0,,1,,,544
149458,JG22.2_E-521,30,Sq. Yards,3194,280,3200,1047,1,0,,1,,,544
149492,CD1B_E-62,30,Sq. Yards,3213,299,3279,699,1,0,,1,,,544
149660,JG23_1634,30,Sq. Yards,3194,280,3200,696,1,0,,1,,,544
149775,RW27.28.26PII_E-1075,30,Sq. Yards,3205,291,3252,690,1,0,,1,,,544
150141,GO13.14_119,30,Sq. Yards,3199,285,3221,684,1,0,,1,,,544
150294,JG23_1700,30,Sq. Yards,3194,280,3200,699,1,0,,1,,,544
150360,RK21.2_E-364,30,Sq. Yards,3205,291,3252,696,1,0,,1,,,544
150826,RK21.2_E-177,30,Sq. Yards,3205,291,3252,682,1,0,,1,,,544
149500,RW27.28.26PII_E-1140,30,Sq. Yards,3205,291,3252,681,1,0,,1,,,544
150186,CD9_E-394,30,Sq. Yards,3213,299,3279,692,1,0,,1,,,544
150236,PW21_67,30,Sq. Yards,3212,298,3276,706,1,0,,1,,,544
150835,JG23_1918,30,Sq. Yards,3194,280,3200,690,1,0,,1,,,544
151771,GO16_E-273,30,Sq. Yards,3199,285,3221,681,1,0,,1,,,544
152608,PW21_362,30,Sq. Yards,3212,298,3276,711,1,0,,1,,,544
152740,RW18.2-2838,30,Sq. Yards,3208,294,3264,689,1,0,,1,,,544
152907,JG22.2_E-97,30,Sq. Yards,3194,280,3200,691,1,0,,1,,,544
153994,SSPIII20_E-505,30,Sq. Yards,3202,288,3238,690,1,0,,1,,,544
154230,JG23_1460,30,Sq. Yards,3194,280,3200,698,1,0,,1,,,544
155115,PW21_322,30,Sq. Yards,3212,298,3276,688,1,0,,1,,,544
155334,SSPIII20_E-76,30,Sq. Yards,3202,288,3238,683,1,0,,1,,,544
155698,MG9.10.2_E-12,30,Sq. Yards,3207,293,3259,682,1,0,,1,,,544
156869,RW27.28.26PII_E-641,30,Sq. Yards,3205,291,3252,702,1,0,,1,,,544
157606,RW27.28.26PII_E-427,30,Sq. Yards,3205,291,3252,692,1,0,,1,,,544
158091,GO13.14_215,30,Sq. Yards,3199,285,3221,683,1,0,,1,,,544
158492,RK21.2_E-464,30,Sq. Yards,3205,291,3252,700,1,0,,1,,,544
159695,PJ28.1_E-158,30,Sq. Yards,3192,278,3193,935,1,0,,1,,,544
160628,GO13.14_80,30,Sq. Yards,3199,285,3221,684,1,0,,1,,,544
161263,PW21_693,30,Sq. Yards,3212,298,3276,695,1,0,,1,,,544
162185,RW27.28.26PII_E-727,30,Sq. Yards,3205,291,3252,702,1,0,,1,,,544
147820,KN32_37,30,Sq. Yards,3197,283,3215,681,1,0,,1,,,544
148037,MG9.10.3_E-341,30,Sq. Yards,3207,293,3259,691,1,0,,1,,,544
149175,SSPIII20_E-444,30,Sq. Yards,3202,288,3238,691,1,0,,1,,,544
149941,GO16_E-71,30,Sq. Yards,3199,285,3221,682,1,0,,1,,,544
150609,RW18.2-2378,30,Sq. Yards,3208,294,3264,683,1,0,,1,,,544
150777,RK5_E-174,30,Sq. Yards,3205,291,3252,702,1,0,,1,,,544
151262,KN32_169,30,Sq. Yards,3197,283,3215,682,1,0,,1,,,544
151462,RW27.28.26PII_E-1167,30,Sq. Yards,3205,291,3252,688,1,0,,1,,,544
151679,JG23_1726,30,Sq. Yards,3194,280,3200,681,1,0,,1,,,544
152668,JG23_1850,30,Sq. Yards,3194,280,3200,693,1,0,,1,,,544
152785,PW21_297,30,Sq. Yards,3212,298,3276,898,1,0,,1,,,544
152932,JG22.2_E-213,30,Sq. Yards,3194,280,3200,682,1,0,,1,,,544
153119,PJ28.3_E-105,30,Sq. Yards,3192,278,3193,919,1,0,,1,,,544
153751,RW18.2-2934,30,Sq. Yards,3208,294,3264,692,1,0,,1,,,544
153819,RK5_E-11,30,Sq. Yards,3205,291,3252,689,1,0,,1,,,544
153938,SSPIII20_E-240,30,Sq. Yards,3202,288,3238,687,1,0,,1,,,544
153987,RW27.28.26PII_E-1401,30,Sq. Yards,3205,291,3252,681,1,0,,1,,,544
154389,RK21.2_E-427,30,Sq. Yards,3205,291,3252,700,1,0,,1,,,544
155038,GO16_E-106,30,Sq. Yards,3199,285,3221,703,1,0,,1,,,544
155257,PW21_134,30,Sq. Yards,3212,298,3276,682,1,0,,1,,,544
156227,RK21.2_E-86,30,Sq. Yards,3205,291,3252,694,1,0,,1,,,544
156778,RW18.2-2836,30,Sq. Yards,3208,294,3264,686,1,0,,1,,,544
157565,PW21_812,30,Sq. Yards,3212,298,3276,699,1,0,,1,,,544
157746,JG23_1773,30,Sq. Yards,3194,280,3200,685,1,0,,1,,,544
157797,JG22.2_E-742,30,Sq. Yards,3194,280,3200,701,1,0,,1,,,544
157914,RW19.2_E-57,30,Sq. Yards,3208,294,3264,704,1,0,,1,,,544
158333,JG22.2_E-724,30,Sq. Yards,3194,280,3200,683,1,0,,1,,,544
159069,RW18.2-2737,30,Sq. Yards,3208,294,3264,686,1,0,,1,,,544
159352,JAJ_E-109,30,Sq. Yards,3200,286,3229,690,1,0,,1,,,544
159567,CD9_E-487,30,Sq. Yards,3213,299,3279,694,1,0,,1,,,544
159852,MG9.10.3_E-168,30,Sq. Yards,3207,293,3259,693,1,0,,1,,,544
159918,JG23_1666,30,Sq. Yards,3194,280,3200,683,1,0,,1,,,544
160352,JAJ_E-61,30,Sq. Yards,3200,286,3229,685,1,0,,1,,,544
160973,JR9PII_E-67,30,Sq. Yards,3206,292,3257,689,1,0,,1,,,544
161305,RW27.28.26PII_E-926,30,Sq. Yards,3205,291,3252,682,1,0,,1,,,544
161439,GO16_E-296,30,Sq. Yards,3199,285,3221,686,1,0,,1,,,544
147574,RW27.28.26PII_E-1310,30,Sq. Yards,3205,291,3252,687,1,0,,1,,,544
148392,PW21_580,30,Sq. Yards,3212,298,3276,685,1,0,,1,,,544
148560,KN32_126,30,Sq. Yards,3197,283,3215,975,1,0,,1,,,544
150057,RW27.28.26PII_E-84,30,Sq. Yards,3205,291,3252,686,1,0,,1,,,544
150157,RW18.2-3602,30,Sq. Yards,3208,294,3264,688,1,0,,1,,,544
150889,JG23_1965,30,Sq. Yards,3194,280,3200,702,1,0,,1,,,544
152547,CD9_E-261,30,Sq. Yards,3213,299,3279,686,1,0,,1,,,544
157796,PWAP_E-408,30,Sq. Yards,3212,298,3276,686,1,0,,1,,,544
158564,PJ28.2_E-52,30,Sq. Yards,3192,278,3193,935,1,0,,1,,,544
159253,PJ28.3_E-124,30,Sq. Yards,3192,278,3193,929,1,0,,1,,,544
159653,RK5_E-248,30,Sq. Yards,3205,291,3252,701,1,0,,1,,,544
159838,JR6_E-114,30,Sq. Yards,3206,292,3257,682,1,0,,1,,,544
159970,CD9_E-73,30,Sq. Yards,3213,299,3279,681,1,0,,1,,,544
160072,RW18.2-3016,30,Sq. Yards,3208,294,3264,685,1,0,,1,,,544
160572,CD9_E-56,30,Sq. Yards,3213,299,3279,696,1,0,,1,,,544
161308,JG23_2259,30,Sq. Yards,3194,280,3200,686,1,0,,1,,,544
162025,JG24.2_E-64,30,Sq. Yards,3194,280,3200,692,1,0,,1,,,544
162478,JG23_1343,30,Sq. Yards,3194,280,3200,702,1,0,,1,,,544
162495,JG23_427,30,Sq. Yards,3194,280,3200,682,1,0,,1,,,544
147581,JG22.2_E-472,30,Sq. Yards,3194,280,3200,697,1,0,,1,,,544
147924,MG9.10.3_E-163,30,Sq. Yards,3207,293,3259,693,1,0,,1,,,544
148374,JR9PII_E-186,30,Sq. Yards,3206,292,3257,682,1,0,,1,,,544
148399,JG23_856,30,Sq. Yards,3194,280,3200,690,1,0,,1,,,544
149460,JG23_935,30,Sq. Yards,3194,280,3200,701,1,0,,1,,,544
149889,RW36A_E-203,30,Sq. Yards,3205,291,3252,684,1,0,,1,,,544
150421,JG22.2_E-136,30,Sq. Yards,3194,280,3200,685,1,0,,1,,,544
150814,JR9_E-5,30,Sq. Yards,3206,292,3257,694,1,0,,1,,,544
151118,KN9.32_E-58,30,Sq. Yards,3197,283,3215,681,1,0,,1,,,544
151200,JG23_748,30,Sq. Yards,3194,280,3200,695,1,0,,1,,,544
151432,FD9_E-103,30,Sq. Yards,3201,287,3233,681,1,0,,1,,,544
151825,RW18.2-2464,30,Sq. Yards,3208,294,3264,682,1,0,,1,,,544
152872,JG22.2_E-359,30,Sq. Yards,3194,280,3200,686,1,0,,1,,,544
153947,JG23_1632,30,Sq. Yards,3194,280,3200,692,1,0,,1,,,544
154008,GO13.14_219,30,Sq. Yards,3199,285,3221,686,1,0,,1,,,544
154733,RW18.2-2191,30,Sq. Yards,3208,294,3264,707,1,0,,1,,,544
155019,RW18.2-3335,30,Sq. Yards,3208,294,3264,703,1,0,,1,,,544
155469,RW19.1_E-83,30,Sq. Yards,3208,294,3264,687,1,0,,1,,,544
156616,KN32_265,30,Sq. Yards,3197,283,3215,975,1,0,,1,,,544
157134,JG23_1306,30,Sq. Yards,3194,280,3200,699,1,0,,1,,,544
157316,JG22.2_E-232,30,Sq. Yards,3194,280,3200,682,1,0,,1,,,544
159013,RW27.28.26PII_E-1684,30,Sq. Yards,3205,291,3252,686,1,0,,1,,,544
159145,KN32_23,30,Sq. Yards,3197,283,3215,698,1,0,,1,,,544
159663,CD9_E-443,30,Sq. Yards,3213,299,3279,692,1,0,,1,,,544
159842,JR6_E-406,30,Sq. Yards,3206,292,3257,690,1,0,,1,,,544
160710,SSPIII20_E-507,30,Sq. Yards,3202,288,3238,701,1,0,,1,,,544
162064,PW21_356,30,Sq. Yards,3212,298,3276,700,1,0,,1,,,544
162178,SSPIII20_E-282,30,Sq. Yards,3202,288,3238,701,1,0,,1,,,544
147983,JG22.1_E-129,30,Sq. Yards,3194,280,3200,691,1,0,,1,,,544
148733,JG23_981,30,Sq. Yards,3194,280,3200,684,1,0,,1,,,544
148808,RK21.2_E-167,30,Sq. Yards,3205,291,3252,690,1,0,,1,,,544
149062,GO13.14_176,30,Sq. Yards,3199,285,3221,687,1,0,,1,,,544
149251,PWAP_E-256,30,Sq. Yards,3212,298,3276,697,1,0,,1,,,544
149730,RW19.1_E-122,30,Sq. Yards,3208,294,3264,683,1,0,,1,,,544
149823,RW18.2-3347,30,Sq. Yards,3208,294,3264,704,1,0,,1,,,544
149930,PW21_764,30,Sq. Yards,3212,298,3276,711,1,0,,1,,,544
150466,MG9.10.3_E-61,30,Sq. Yards,3207,293,3259,683,1,0,,1,,,544
150623,RW27.28.26PII_E-731,30,Sq. Yards,3205,291,3252,691,1,0,,1,,,544
150941,PJ28.3_E-17,30,Sq. Yards,3192,278,3193,704,1,0,,1,,,544
151895,RW27.28.26PII_E-1557,30,Sq. Yards,3205,291,3252,686,1,0,,1,,,544
152938,PW21_415,30,Sq. Yards,3212,298,3276,684,1,0,,1,,,544
153324,JG23_2244,30,Sq. Yards,3194,280,3200,691,1,0,,1,,,544
154260,GO16_E-53,30,Sq. Yards,3199,285,3221,699,1,0,,1,,,544
154885,JG24.2_E-46,30,Sq. Yards,3194,280,3200,683,1,0,,1,,,544
154967,SSPIII20_E-566,30,Sq. Yards,3202,288,3238,688,1,0,,1,,,544
154992,RW27.28.26PII_E-1166,30,Sq. Yards,3205,291,3252,685,1,0,,1,,,544
156021,CD1B_E-159,30,Sq. Yards,3213,299,3279,733,1,0,,1,,,544
156171,PJ28.2_E-62,30,Sq. Yards,3192,278,3193,703,1,0,,1,,,544
156725,JR6_E-377,30,Sq. Yards,3206,292,3257,683,1,0,,1,,,544
158829,RK5_E-181,30,Sq. Yards,3205,291,3252,688,1,0,,1,,,544
159947,RW27.28.26PII_E-1469,30,Sq. Yards,3205,291,3252,688,1,0,,1,,,544
160551,SSPIII20_E-767,30,Sq. Yards,3202,288,3238,707,1,0,,1,,,544
160583,JR9PII_E-82,30,Sq. Yards,3206,292,3257,698,1,0,,1,,,544
147675,JG23_474,30,Sq. Yards,3194,280,3200,682,1,0,,1,,,544
147739,RW18.2-3535,30,Sq. Yards,3208,294,3264,707,1,0,,1,,,544
147782,RW27.28.26PII_E-1342,30,Sq. Yards,3205,291,3252,681,1,0,,1,,,544
147984,JG24.2_E-91,30,Sq. Yards,3194,280,3200,685,1,0,,1,,,544
148148,CD9_E-253,30,Sq. Yards,3213,299,3279,695,1,0,,1,,,544
148250,CD1B_E-114,30,Sq. Yards,3213,299,3279,691,1,0,,1,,,544
150924,RW18.2-2380,30,Sq. Yards,3208,294,3264,684,1,0,,1,,,544
151226,RW18.2-2708,30,Sq. Yards,3208,294,3264,685,1,0,,1,,,544
151417,JR6_E-375,30,Sq. Yards,3206,292,3257,695,1,0,,1,,,544
152326,JG23_1559,30,Sq. Yards,3194,280,3200,693,1,0,,1,,,544
152462,RK21.2_E-382,30,Sq. Yards,3205,291,3252,690,1,0,,1,,,544
152519,PW21_920,30,Sq. Yards,3212,298,3276,704,1,0,,1,,,544
152694,RW18.2-3754,30,Sq. Yards,3208,294,3264,698,1,0,,1,,,544
153021,JG23_1518,30,Sq. Yards,3194,280,3200,683,1,0,,1,,,544
153430,JG23_875,30,Sq. Yards,3194,280,3200,692,1,0,,1,,,544
153589,JG23_1490,30,Sq. Yards,3194,280,3200,702,1,0,,1,,,544
154366,JR6_E-15,30,Sq. Yards,3206,292,3257,689,1,0,,1,,,544
154768,PW21_919,30,Sq. Yards,3212,298,3276,691,1,0,,1,,,544
159348,JG23_1238,30,Sq. Yards,3194,280,3200,683,1,0,,1,,,544
159614,PWAP_E-211,30,Sq. Yards,3212,298,3276,709,1,0,,1,,,544
161454,SD8_E-247,30,Sq. Yards,3200,286,3230,692,1,0,,1,,,544
161643,RW36A_E-292,30,Sq. Yards,3205,291,3252,699,1,0,,1,,,544
162179,SD8_E-106,30,Sq. Yards,3200,286,3230,694,1,0,,1,,,544
162524,GO13.14_226,30,Sq. Yards,3199,285,3221,681,1,0,,1,,,544
147590,JR6_E-411,30,Sq. Yards,3206,292,3257,681,1,0,,1,,,544
147722,RW18.1_E-134,30,Sq. Yards,3208,294,3264,708,1,0,,1,,,544
147808,RW18.2-2660,30,Sq. Yards,3208,294,3264,686,1,0,,1,,,544
148944,KN32_238,30,Sq. Yards,3197,283,3215,681,1,0,,1,,,544
149587,RW18.2-2515,30,Sq. Yards,3208,294,3264,687,1,0,,1,,,544
149812,JG23_450,30,Sq. Yards,3194,280,3200,691,1,0,,1,,,544
150566,CD1B_E-195,30,Sq. Yards,3213,299,3279,689,1,0,,1,,,544
150766,RW18.2-3133,30,Sq. Yards,3208,294,3264,683,1,0,,1,,,544
151477,RK21.2_E-512,30,Sq. Yards,3205,291,3252,681,1,0,,1,,,544
152263,JG22.2_E-702,30,Sq. Yards,3194,280,3200,684,1,0,,1,,,544
152738,SSPIII20_E-644,30,Sq. Yards,3202,288,3238,703,1,0,,1,,,544
152763,RK21.2_E-294,30,Sq. Yards,3205,291,3252,683,1,0,,1,,,544
153299,RW18.2-3222,30,Sq. Yards,3208,294,3264,685,1,0,,1,,,544
154742,JG23_2126,30,Sq. Yards,3194,280,3200,689,1,0,,1,,,544
155421,PW21_1140,30,Sq. Yards,3212,298,3276,690,1,0,,1,,,544
156371,RW27.28.26PII_E-1008,30,Sq. Yards,3205,291,3252,685,1,0,,1,,,544
156557,RW19.2_E-71,30,Sq. Yards,3208,294,3264,691,1,0,,1,,,544
156782,PWAP_E-473,30,Sq. Yards,3212,298,3276,942,1,0,,1,,,544
157225,JG23_1183,30,Sq. Yards,3194,280,3200,686,1,0,,1,,,544
157643,CD9_E-490,30,Sq. Yards,3213,299,3279,693,1,0,,1,,,544
157911,PJ28.1_E-179,30,Sq. Yards,3192,278,3193,905,1,0,,1,,,544
158368,RW19.1_E-95,30,Sq. Yards,3208,294,3264,682,1,0,,1,,,544
158404,MG9.10.3_E-50,30,Sq. Yards,3207,293,3259,691,1,0,,1,,,544
158568,JG23_2142,30,Sq. Yards,3194,280,3200,708,1,0,,1,,,544
158686,SD8_E-172,30,Sq. Yards,3200,286,3230,683,1,0,,1,,,544
158697,JG23_1050,30,Sq. Yards,3194,280,3200,682,1,0,,1,,,544
160301,RW27.28.26PII_E-1392,30,Sq. Yards,3205,291,3252,686,1,0,,1,,,544
160958,JG22.1_E-92,30,Sq. Yards,3194,280,3200,691,1,0,,1,,,544
161251,JG23_1774,30,Sq. Yards,3194,280,3200,695,1,0,,1,,,544
162405,RW27.28.26PII_E-837,30,Sq. Yards,3205,291,3252,682,1,0,,1,,,544
162630,JG23_421,30,Sq. Yards,3194,280,3200,682,1,0,,1,,,544
162655,SSPIII20_E-701,30,Sq. Yards,3202,288,3238,691,1,0,,1,,,544
147659,PWAP_E-223,30,Sq. Yards,3212,298,3276,705,1,0,,1,,,544
148196,SSPIII20_E-745,30,Sq. Yards,3202,288,3238,698,1,0,,1,,,544
148214,GO13.14_140,30,Sq. Yards,3199,285,3221,685,1,0,,1,,,544
148295,KN32_174,30,Sq. Yards,3197,283,3215,681,1,0,,1,,,544
148782,JG22.2_E-176,30,Sq. Yards,3194,280,3200,698,1,0,,1,,,544
148999,RW18.2-2159,30,Sq. Yards,3208,294,3264,691,1,0,,1,,,544
149835,JG22.2_E-342,30,Sq. Yards,3194,280,3200,698,1,0,,1,,,544
149917,JG23_2081,30,Sq. Yards,3194,280,3200,693,1,0,,1,,,544
151422,PW21_224,30,Sq. Yards,3212,298,3276,682,1,0,,1,,,544
158040,JG22.1_E-21,30,Sq. Yards,3194,280,3200,701,1,0,,1,,,544
158725,SSPIII20_E-587,30,Sq. Yards,3202,288,3238,863,1,0,,1,,,544
158825,RW27.28.26PII_E-869,30,Sq. Yards,3205,291,3252,682,1,0,,1,,,544
159043,RW18.2-2111,30,Sq. Yards,3208,294,3264,683,1,0,,1,,,544
159194,RW18.2-2545,30,Sq. Yards,3208,294,3264,698,1,0,,1,,,544
160094,SSPIII20_E-358,30,Sq. Yards,3202,288,3238,690,1,0,,1,,,544
160161,CD9_E-401,30,Sq. Yards,3213,299,3279,698,1,0,,1,,,544
160344,RW18.2-2147,30,Sq. Yards,3208,294,3264,705,1,0,,1,,,544
160511,JG23_884,30,Sq. Yards,3194,280,3200,685,1,0,,1,,,544
160697,RW19.2_E-5,30,Sq. Yards,3208,294,3264,707,1,0,,1,,,544
160798,RW18.2-2092,30,Sq. Yards,3208,294,3264,693,1,0,,1,,,544
148765,RW27.28.26PII_E-289,30,Sq. Yards,3205,291,3252,684,1,0,,1,,,544
149133,PW21_121,30,Sq. Yards,3212,298,3276,702,1,0,,1,,,544
149233,CD1B_E-8,30,Sq. Yards,3213,299,3279,684,1,0,,1,,,544
149247,PJ28.1_E-34,30,Sq. Yards,3192,278,3193,935,1,0,,1,,,544
149297,KN32_220,30,Sq. Yards,3197,283,3215,687,1,0,,1,,,544
150302,RW18.2-3100,30,Sq. Yards,3208,294,3264,707,1,0,,1,,,544
150370,MG9.10.2_E-49,30,Sq. Yards,3207,293,3259,692,1,0,,1,,,544
150520,RW27.28.26PII_E-100,30,Sq. Yards,3205,291,3252,696,1,0,,1,,,544
150670,CD9_E-144,30,Sq. Yards,3213,299,3279,685,1,0,,1,,,544
151256,GO16_E-302,30,Sq. Yards,3199,285,3221,697,1,0,,1,,,544
152124,RK21.2_E-484,30,Sq. Yards,3205,291,3252,690,1,0,,1,,,544
152205,RW27.28.26PII_E-343,30,Sq. Yards,3205,291,3252,701,1,0,,1,,,544
152959,JG23_768,30,Sq. Yards,3194,280,3200,681,1,0,,1,,,544
153009,KN32_236,30,Sq. Yards,3197,283,3215,681,1,0,,1,,,544
153910,SD8_E-119,30,Sq. Yards,3200,286,3230,697,1,0,,1,,,544
154782,RW27.28.26PII_E-1664,30,Sq. Yards,3205,291,3252,687,1,0,,1,,,544
154914,RK21.2_E-12,30,Sq. Yards,3205,291,3252,698,1,0,,1,,,544
155331,SSPIII20_E-124,30,Sq. Yards,3202,288,3238,686,1,0,,1,,,544
155517,RK5_E-279,30,Sq. Yards,3205,291,3252,687,1,0,,1,,,544
155850,RW27.28.26PII_E-117,30,Sq. Yards,3205,291,3252,701,1,0,,1,,,544
155867,SSPIII20_E-564,30,Sq. Yards,3202,288,3238,711,1,0,,1,,,544
155932,RW18.2-3693,30,Sq. Yards,3208,294,3264,689,1,0,,1,,,544
156468,RW18.2-2617,30,Sq. Yards,3208,294,3264,685,1,0,,1,,,544
156535,PWAP_E-227,30,Sq. Yards,3212,298,3276,687,1,0,,1,,,544
157789,JG23_949,30,Sq. Yards,3194,280,3200,702,1,0,,1,,,544
157857,RK5_E-184,30,Sq. Yards,3205,291,3252,695,1,0,,1,,,544
158171,PJ28.3_E-200,30,Sq. Yards,3192,278,3193,944,1,0,,1,,,544
158272,RW18.1_E-14,30,Sq. Yards,3208,294,3264,684,1,0,,1,,,544
158472,MG9.10.3_E-190,30,Sq. Yards,3207,293,3259,681,1,0,,1,,,544
159193,PJ28.1_E-3,30,Sq. Yards,3192,278,3193,935,1,0,,1,,,544
160494,RW18.2-2079,30,Sq. Yards,3208,294,3264,696,1,0,,1,,,544
162684,CD1B_E-52,30,Sq. Yards,3213,299,3279,692,1,0,,1,,,544
149015,SD8_E-237,30,Sq. Yards,3200,286,3230,688,1,0,,1,,,544
150166,MG9.10.3_E-253,30,Sq. Yards,3207,293,3259,686,1,0,,1,,,544
150469,JR6_E-238,30,Sq. Yards,3206,292,3257,695,1,0,,1,,,544
150487,RK5_E-295,30,Sq. Yards,3205,291,3252,702,1,0,,1,,,544
150955,RK5_E-12,30,Sq. Yards,3205,291,3252,682,1,0,,1,,,544
151169,PW21_155,30,Sq. Yards,3212,298,3276,708,1,0,,1,,,544
151638,PWAP_E-289,30,Sq. Yards,3212,298,3276,692,1,0,,1,,,544
151720,RW18.2-2070,30,Sq. Yards,3208,294,3264,707,1,0,,1,,,544
152559,RW27.28.26PII_E-354,30,Sq. Yards,3205,291,3252,681,1,0,,1,,,544
152792,RW27.28.26PII_E-26,30,Sq. Yards,3205,291,3252,683,1,0,,1,,,544
152842,CD9_E-491,30,Sq. Yards,3213,299,3279,692,1,0,,1,,,544
154281,MG9.10.3_E-94,30,Sq. Yards,3207,293,3259,689,1,0,,1,,,544
154545,JG23_601,30,Sq. Yards,3194,280,3200,685,1,0,,1,,,544
156217,PJ28.3_E-165,30,Sq. Yards,3192,278,3193,944,1,0,,1,,,544
157504,SD8_E-121,30,Sq. Yards,3200,286,3230,684,1,0,,1,,,544
157604,RW27.28.26PII_E-1281,30,Sq. Yards,3205,291,3252,685,1,0,,1,,,544
158275,CD9_E-195,30,Sq. Yards,3213,299,3279,699,1,0,,1,,,544
158540,CD9_E-403,30,Sq. Yards,3213,299,3279,684,1,0,,1,,,544
158558,RW27.28.26PII_E-1444,30,Sq. Yards,3205,291,3252,690,1,0,,1,,,544
159562,KN9.32_E-120,30,Sq. Yards,3197,283,3215,681,1,0,,1,,,544
160915,CD1B_E-171,30,Sq. Yards,3213,299,3279,694,1,0,,1,,,544
158917,JG23_1039,30,Sq. Yards,3194,280,3200,689,1,0,,1,,,544
159285,RW19.1_E-115,30,Sq. Yards,3208,294,3264,682,1,0,,1,,,544
159417,GO16_E-155,30,Sq. Yards,3199,285,3221,700,1,0,,1,,,544
159702,RW18.2-2510,30,Sq. Yards,3208,294,3264,707,1,0,,1,,,544
159785,PJ28.2_E-51,30,Sq. Yards,3192,278,3193,944,1,0,,1,,,544
160640,JG22.2_E-539,30,Sq. Yards,3194,280,3200,692,1,0,,1,,,544
160721,JAJ_E-46,30,Sq. Yards,3200,286,3229,692,1,0,,1,,,544
161106,SD8_E-54,30,Sq. Yards,3200,286,3230,683,1,0,,1,,,544
161389,PW21_152,30,Sq. Yards,3212,298,3276,704,1,0,,1,,,544
161942,RW27.28.26PII_E-772,30,Sq. Yards,3205,291,3252,686,1,0,,1,,,544
162059,JR9_E-18,30,Sq. Yards,3206,292,3257,687,1,0,,1,,,544
148619,PJ28.3_E-41,30,Sq. Yards,3192,278,3193,935,1,0,,1,,,544
149287,JR6_E-182,30,Sq. Yards,3206,292,3257,687,1,0,,1,,,544
149798,SD8_E-41,30,Sq. Yards,3200,286,3230,683,1,0,,1,,,544
149844,SSPIII20_E-561,30,Sq. Yards,3202,288,3238,687,1,0,,1,,,544
149855,PJ28.3_E-59,30,Sq. Yards,3192,278,3193,944,1,0,,1,,,544
149898,JG22.1_E-43,30,Sq. Yards,3194,280,3200,695,1,0,,1,,,544
150030,GO13.14_134,30,Sq. Yards,3199,285,3221,682,1,0,,1,,,544
150223,GO13.14_8,30,Sq. Yards,3199,285,3221,703,1,0,,1,,,544
150248,PJ28.3_E-141,30,Sq. Yards,3192,278,3193,935,1,0,,1,,,544
150355,PJ28.1_E-135,30,Sq. Yards,3192,278,3193,704,1,0,,1,,,544
152563,RW36A_E-17,30,Sq. Yards,3205,291,3252,688,1,0,,1,,,544
153381,PW21_983,30,Sq. Yards,3212,298,3276,685,1,0,,1,,,544
153599,RW18.2-3068,30,Sq. Yards,3208,294,3264,683,1,0,,1,,,544
153731,SSPIII20_E-114,30,Sq. Yards,3202,288,3238,683,1,0,,1,,,544
154317,RK21.2_E-448,30,Sq. Yards,3205,291,3252,702,1,0,,1,,,544
154335,RW27.28.26PII_E-1031,30,Sq. Yards,3205,291,3252,690,1,0,,1,,,544
154374,SSPIII20_E-811,30,Sq. Yards,3202,288,3238,709,1,0,,1,,,544
154585,RW18.2-2693,30,Sq. Yards,3208,294,3264,684,1,0,,1,,,544
154703,RW18.2-2144,30,Sq. Yards,3208,294,3264,692,1,0,,1,,,544
155067,SSPIII20_E-754,30,Sq. Yards,3202,288,3238,709,1,0,,1,,,544
156271,RW18.2-2805,30,Sq. Yards,3208,294,3264,681,1,0,,1,,,544
157207,PJ28.1_E-119,30,Sq. Yards,3192,278,3193,700,1,0,,1,,,544
158961,GO16_E-262,30,Sq. Yards,3199,285,3221,683,1,0,,1,,,544
158986,RK21.2_E-407,30,Sq. Yards,3205,291,3252,693,1,0,,1,,,544
159708,JR6_E-409,30,Sq. Yards,3206,292,3257,691,1,0,,1,,,544
160051,RK21.2_E-275,30,Sq. Yards,3205,291,3252,683,1,0,,1,,,544
160676,RW27.28.26PII_E-1475,30,Sq. Yards,3205,291,3252,682,1,0,,1,,,544
160683,JG23_1262,30,Sq. Yards,3194,280,3200,687,1,0,,1,,,544
161137,GO16_E-274,30,Sq. Yards,3199,285,3221,698,1,0,,1,,,544
161344,SSPIII20_E-199,30,Sq. Yards,3202,288,3238,697,1,0,,1,,,544
161794,RW19.2_E-16,30,Sq. Yards,3208,294,3264,703,1,0,,1,,,544
162387,PW21_16,30,Sq. Yards,3212,298,3276,708,1,0,,1,,,544
162480,MG9.10.3_E-320,30,Sq. Yards,3207,293,3259,693,1,0,,1,,,544
162623,PJ28.3_E-229,30,Sq. Yards,3192,278,3193,944,1,0,,1,,,544
147477,PW21_245,30,Sq. Yards,3212,298,3276,939,1,0,,1,,,544
148781,RW18.2-2224,30,Sq. Yards,3208,294,3264,704,1,0,,1,,,544
149450,RK21.2_E-642,30,Sq. Yards,3205,291,3252,692,1,0,,1,,,544
149649,RW18.1_E-149,30,Sq. Yards,3208,294,3264,707,1,0,,1,,,544
149867,CD9_E-262,30,Sq. Yards,3213,299,3279,689,1,0,,1,,,544
150017,CD1B_E-38,30,Sq. Yards,3213,299,3279,684,1,0,,1,,,544
150535,CD1B_E-192,30,Sq. Yards,3213,299,3279,699,1,0,,1,,,544
150885,GO16_E-347,30,Sq. Yards,3199,285,3221,682,1,0,,1,,,544
151272,JG23_1011,30,Sq. Yards,3194,280,3200,683,1,0,,1,,,544
151857,RW27.28.26PII_E-976,30,Sq. Yards,3205,291,3252,681,1,0,,1,,,544
152108,JG23_2179,30,Sq. Yards,3194,280,3200,681,1,0,,1,,,544
152675,PW21_525,30,Sq. Yards,3212,298,3276,681,1,0,,1,,,544
153061,SSPIII20_E-848,30,Sq. Yards,3202,288,3238,705,1,0,,1,,,544
153543,RK21.2_E-398,30,Sq. Yards,3205,291,3252,693,1,0,,1,,,544
154730,PWAP_E-57,30,Sq. Yards,3212,298,3276,692,1,0,,1,,,544
157991,SSPIII20_E-526,30,Sq. Yards,3202,288,3238,697,1,0,,1,,,544
160645,RW18.2-2407,30,Sq. Yards,3208,294,3264,704,1,0,,1,,,544
161731,JG23_2227,30,Sq. Yards,3194,280,3200,1049,1,0,,1,,,544
162535,RK5_E-170,30,Sq. Yards,3205,291,3252,682,1,0,,1,,,544
156286,JG23_1937,30,Sq. Yards,3194,280,3200,686,1,0,,1,,,544
156717,RW27.28.26PII_E-1621,30,Sq. Yards,3205,291,3252,700,1,0,,1,,,544
156936,FD9_E-89,30,Sq. Yards,3201,287,3233,681,1,0,,1,,,544
157422,RW18.2-2540,30,Sq. Yards,3208,294,3264,692,1,0,,1,,,544
159225,RK5_E-230,30,Sq. Yards,3205,291,3252,686,1,0,,1,,,544
159844,RW18.1_E-127,30,Sq. Yards,3208,294,3264,707,1,0,,1,,,544
160330,FD9_E-78,30,Sq. Yards,3201,287,3233,687,1,0,,1,,,544
160829,SD8_E-67,30,Sq. Yards,3200,286,3230,682,1,0,,1,,,544
161065,JG23_1968,30,Sq. Yards,3194,280,3200,1035,1,0,,1,,,544
161466,JG22.2_E-44,30,Sq. Yards,3194,280,3200,681,1,0,,1,,,544
161902,RW36A_E-70,30,Sq. Yards,3205,291,3252,681,1,0,,1,,,544
162119,RW27.28.26PII_E-873,30,Sq. Yards,3205,291,3252,685,1,0,,1,,,544
162216,JG22.2_E-33,30,Sq. Yards,3194,280,3200,682,1,0,,1,,,544
147726,PWAP_E-304,30,Sq. Yards,3212,298,3276,687,1,0,,1,,,544
147743,PWAP_E-359,30,Sq. Yards,3212,298,3276,704,1,0,,1,,,544
148247,RK21.2_E-79,30,Sq. Yards,3205,291,3252,690,1,0,,1,,,544
148998,MG9.10.2_E-58,30,Sq. Yards,3207,293,3259,693,1,0,,1,,,544
149048,SD8_E-241,30,Sq. Yards,3200,286,3230,686,1,0,,1,,,544
149284,RK5_E-189,30,Sq. Yards,3205,291,3252,681,1,0,,1,,,544
149633,SSPIII20_E-554,30,Sq. Yards,3202,288,3238,689,1,0,,1,,,544
149752,RW27.28.26PII_E-1607,30,Sq. Yards,3205,291,3252,689,1,0,,1,,,544
150701,SSPIII20_E-330,30,Sq. Yards,3202,288,3238,691,1,0,,1,,,544
150855,RW27.28.26PII_E-755,30,Sq. Yards,3205,291,3252,691,1,0,,1,,,544
151138,CD1B_E-182,30,Sq. Yards,3213,299,3279,681,1,0,,1,,,544
151606,JR6_E-80,30,Sq. Yards,3206,292,3257,682,1,0,,1,,,544
151856,JG22.1_E-111,30,Sq. Yards,3194,280,3200,682,1,0,,1,,,544
152706,JG23_1376,30,Sq. Yards,3194,280,3200,697,1,0,,1,,,544
152774,KN9.32_E-49,30,Sq. Yards,3197,283,3215,975,1,0,,1,,,544
152891,GO13.14_129,30,Sq. Yards,3199,285,3221,688,1,0,,1,,,544
152927,JG22.2_E-206,30,Sq. Yards,3194,280,3200,701,1,0,,1,,,544
154227,JG23_1512,30,Sq. Yards,3194,280,3200,686,1,0,,1,,,544
154596,RK5_E-346,30,Sq. Yards,3205,291,3252,690,1,0,,1,,,544
155049,GO16_E-304,30,Sq. Yards,3199,285,3221,697,1,0,,1,,,544
155181,KN32_206,30,Sq. Yards,3197,283,3215,699,1,0,,1,,,544
155682,RW18.2-3343,30,Sq. Yards,3208,294,3264,700,1,0,,1,,,544
156368,JG23_1996,30,Sq. Yards,3194,280,3200,695,1,0,,1,,,544
156485,RW18.2-2476,30,Sq. Yards,3208,294,3264,704,1,0,,1,,,544
156550,JG23_290,30,Sq. Yards,3194,280,3200,692,1,0,,1,,,544
156585,RW27.28.26PII_E-849,30,Sq. Yards,3205,291,3252,700,1,0,,1,,,544
157103,JG22.1_E-56,30,Sq. Yards,3194,280,3200,688,1,0,,1,,,544
157403,RK21.2_E-426,30,Sq. Yards,3205,291,3252,681,1,0,,1,,,544
157771,PWAP_E-357,30,Sq. Yards,3212,298,3276,687,1,0,,1,,,544
158122,JR6_E-348,30,Sq. Yards,3206,292,3257,693,1,0,,1,,,544
159276,RW27.28.26PII_E-954,30,Sq. Yards,3205,291,3252,700,1,0,,1,,,544
160279,RW18.2-3609,30,Sq. Yards,3208,294,3264,710,1,0,,1,,,544
160411,JG23_1004,30,Sq. Yards,3194,280,3200,688,1,0,,1,,,544
160615,RW18.2-2028,30,Sq. Yards,3208,294,3264,689,1,0,,1,,,544
160679,MG9.10.3_E-35,30,Sq. Yards,3207,293,3259,683,1,0,,1,,,544
162234,SSPIII20_E-625,30,Sq. Yards,3202,288,3238,683,1,0,,1,,,544
162301,JG23_1471,30,Sq. Yards,3194,280,3200,694,1,0,,1,,,544
148398,RW27.28.26PII_E-569,30,Sq. Yards,3205,291,3252,681,1,0,,1,,,544
149969,PWAP_E-481,30,Sq. Yards,3212,298,3276,710,1,0,,1,,,544
150051,RW18.2-2288,30,Sq. Yards,3208,294,3264,683,1,0,,1,,,544
150084,PW21_863,30,Sq. Yards,3212,298,3276,709,1,0,,1,,,544
150484,PW21_658,30,Sq. Yards,3212,298,3276,688,1,0,,1,,,544
150587,JG23_1403,30,Sq. Yards,3194,280,3200,683,1,0,,1,,,544
150969,RW18.2-3642,30,Sq. Yards,3208,294,3264,685,1,0,,1,,,544
151570,JG23_1979,30,Sq. Yards,3194,280,3200,686,1,0,,1,,,544
151805,RW18.2-2866,30,Sq. Yards,3208,294,3264,690,1,0,,1,,,544
152223,RW18.2-3735,30,Sq. Yards,3208,294,3264,693,1,0,,1,,,544
152442,RW27.28.26PII_E-105,30,Sq. Yards,3205,291,3252,690,1,0,,1,,,544
153913,PW21_721,30,Sq. Yards,3212,298,3276,696,1,0,,1,,,544
155717,JAJ_E-23,30,Sq. Yards,3200,286,3229,690,1,0,,1,,,544
155967,KN9.32_E-52,30,Sq. Yards,3197,283,3215,975,1,0,,1,,,544
150362,GO16_E-330,30,Sq. Yards,3199,285,3221,685,1,0,,1,,,544
152164,GO16_E-333,30,Sq. Yards,3199,285,3221,694,1,0,,1,,,544
152751,RK21.2_E-85,30,Sq. Yards,3205,291,3252,692,1,0,,1,,,544
154589,JG23_1197,30,Sq. Yards,3194,280,3200,702,1,0,,1,,,544
155857,RW36A_E-97,30,Sq. Yards,3205,291,3252,700,1,0,,1,,,544
157044,RK5_E-133,30,Sq. Yards,3205,291,3252,690,1,0,,1,,,544
157197,KN32_326,30,Sq. Yards,3197,283,3215,683,1,0,,1,,,544
157346,JG24.2_E-60,30,Sq. Yards,3194,280,3200,698,1,0,,1,,,544
157414,PJ28.3_E-167,30,Sq. Yards,3192,278,3193,974,1,0,,1,,,544
157497,SSPIII20_E-221,30,Sq. Yards,3202,288,3238,687,1,0,,1,,,544
157695,JG23_1793,30,Sq. Yards,3194,280,3200,686,1,0,,1,,,544
158216,PWAP_E-385,30,Sq. Yards,3212,298,3276,696,1,0,,1,,,544
158716,GO16_E-94,30,Sq. Yards,3199,285,3221,696,1,0,,1,,,544
159318,SSPIII20_E-290,30,Sq. Yards,3202,288,3238,682,1,0,,1,,,544
159654,JG22.2_E-284,30,Sq. Yards,3194,280,3200,691,1,0,,1,,,544
161039,PWAP_E-454,30,Sq. Yards,3212,298,3276,691,1,0,,1,,,544
162311,JG23_1307,30,Sq. Yards,3194,280,3200,695,1,0,,1,,,544
148234,PWAP_E-353,30,Sq. Yards,3212,298,3276,942,1,0,,1,,,544
148493,RW27.28.26PII_E-1184,30,Sq. Yards,3205,291,3252,702,1,0,,1,,,544
148691,RW27.28.26PII_E-1722,30,Sq. Yards,3205,291,3252,702,1,0,,1,,,544
149204,RK5_E-297,30,Sq. Yards,3205,291,3252,690,1,0,,1,,,544
150070,MG9.10.3_E-110,30,Sq. Yards,3207,293,3259,693,1,0,,1,,,544
150965,JG22.2_E-29,30,Sq. Yards,3194,280,3200,699,1,0,,1,,,544
151235,JG22.2_E-184,30,Sq. Yards,3194,280,3200,686,1,0,,1,,,544
151744,RK5_E-33,30,Sq. Yards,3205,291,3252,700,1,0,,1,,,544
151833,KN32_301,30,Sq. Yards,3197,283,3215,699,1,0,,1,,,544
152201,JG22.2_E-10,30,Sq. Yards,3194,280,3200,682,1,0,,1,,,544
153003,RW18.2-3757,30,Sq. Yards,3208,294,3264,709,1,0,,1,,,544
154352,JG22.2_E-763,30,Sq. Yards,3194,280,3200,686,1,0,,1,,,544
155547,PW21_515,30,Sq. Yards,3212,298,3276,708,1,0,,1,,,544
155788,RW18.2-2794,30,Sq. Yards,3208,294,3264,681,1,0,,1,,,544
156488,RK21.2_E-24,30,Sq. Yards,3205,291,3252,695,1,0,,1,,,544
156722,RW18.2-3330,30,Sq. Yards,3208,294,3264,684,1,0,,1,,,544
158221,SSPIII20_E-398,30,Sq. Yards,3202,288,3238,691,1,0,,1,,,544
158396,JG23_1181,30,Sq. Yards,3194,280,3200,686,1,0,,1,,,544
158619,RW18.2-2594,30,Sq. Yards,3208,294,3264,708,1,0,,1,,,544
158660,GO16_E-184,30,Sq. Yards,3199,285,3221,693,1,0,,1,,,544
159021,JG22.2_E-429,30,Sq. Yards,3194,280,3200,686,1,0,,1,,,544
159232,RW18.2-2649,30,Sq. Yards,3208,294,3264,688,1,0,,1,,,544
159825,SSPIII20_E-338,30,Sq. Yards,3202,288,3238,689,1,0,,1,,,544
160034,PW21_702,30,Sq. Yards,3212,298,3276,706,1,0,,1,,,544
161027,RK21.2_E-132,30,Sq. Yards,3205,291,3252,692,1,0,,1,,,544
161872,JG22.2_E-405,30,Sq. Yards,3194,280,3200,683,1,0,,1,,,544
162397,MG9.10.2_E-36,30,Sq. Yards,3207,293,3259,692,1,0,,1,,,544
162599,RW18.2-2752,30,Sq. Yards,3208,294,3264,711,1,0,,1,,,544
149871,JG24.2_E-95,30,Sq. Yards,3194,280,3200,1019,1,0,,1,,,544
150164,JR6_E-432,30,Sq. Yards,3206,292,3257,694,1,0,,1,,,544
150739,RW18.2-2265,30,Sq. Yards,3208,294,3264,694,1,0,,1,,,544
150882,JG23_1417,30,Sq. Yards,3194,280,3200,691,1,0,,1,,,544
150964,CD9_E-194,30,Sq. Yards,3213,299,3279,683,1,0,,1,,,544
151025,RW27.28.26PII_E-51,30,Sq. Yards,3205,291,3252,683,1,0,,1,,,544
152018,KN9.32_E-90,30,Sq. Yards,3197,283,3215,694,1,0,,1,,,544
152179,RW18.2-3514,30,Sq. Yards,3208,294,3264,683,1,0,,1,,,544
152504,RW18.2-3140,30,Sq. Yards,3208,294,3264,685,1,0,,1,,,544
152522,JG23_1487,30,Sq. Yards,3194,280,3200,1054,1,0,,1,,,544
152929,JG23_715,30,Sq. Yards,3194,280,3200,683,1,0,,1,,,544
153565,JG23_1254,30,Sq. Yards,3194,280,3200,685,1,0,,1,,,544
154051,PW21_666,30,Sq. Yards,3212,298,3276,683,1,0,,1,,,544
154501,RW27.28.26PII_E-743,30,Sq. Yards,3205,291,3252,685,1,0,,1,,,544
155555,CD1B_E-90,30,Sq. Yards,3213,299,3279,698,1,0,,1,,,544
157441,PJ28.3_E-50,30,Sq. Yards,3192,278,3193,944,1,0,,1,,,544
158338,JG23_892,30,Sq. Yards,3194,280,3200,681,1,0,,1,,,544
158420,RK21.2_E-148,30,Sq. Yards,3205,291,3252,682,1,0,,1,,,544
159349,JG23_1309,30,Sq. Yards,3194,280,3200,690,1,0,,1,,,544
159974,MG9.10.3_E-276,30,Sq. Yards,3207,293,3259,683,1,0,,1,,,544
149420,PJ28.2_E-71,30,Sq. Yards,3192,278,3193,940,1,0,,1,,,544
149888,JR9PII_E-201,30,Sq. Yards,3206,292,3257,698,1,0,,1,,,544
150081,RK21.2_E-558,30,Sq. Yards,3205,291,3252,681,1,0,,1,,,544
150115,RW27.28.26PII_E-1702,30,Sq. Yards,3205,291,3252,684,1,0,,1,,,544
151883,JAJ_E-102,30,Sq. Yards,3200,286,3229,681,1,0,,1,,,544
152153,GO16_E-101,30,Sq. Yards,3199,285,3221,695,1,0,,1,,,544
152219,JG23_1430,30,Sq. Yards,3194,280,3200,697,1,0,,1,,,544
152830,PW21_1129,30,Sq. Yards,3212,298,3276,691,1,0,,1,,,544
154566,RW18.2-3201,30,Sq. Yards,3208,294,3264,708,1,0,,1,,,544
155370,CD9_E-236,30,Sq. Yards,3213,299,3279,692,1,0,,1,,,544
155595,JG23_783,30,Sq. Yards,3194,280,3200,682,1,0,,1,,,544
155872,RW18.1_E-138,30,Sq. Yards,3208,294,3264,698,1,0,,1,,,544
155972,RW19.1_E-20,30,Sq. Yards,3208,294,3264,685,1,0,,1,,,544
156172,RW27.28.26PII_E-1513,30,Sq. Yards,3205,291,3252,698,1,0,,1,,,544
156506,SSPIII20_E-297,30,Sq. Yards,3202,288,3238,690,1,0,,1,,,544
156799,JR6_E-368,30,Sq. Yards,3206,292,3257,683,1,0,,1,,,544
156974,JAJ_E-73,30,Sq. Yards,3200,286,3229,692,1,0,,1,,,544
158303,FD9_E-101,30,Sq. Yards,3201,287,3233,703,1,0,,1,,,544
159180,GO16_E-204,30,Sq. Yards,3199,285,3221,701,1,0,,1,,,544
159648,JR6_E-213,30,Sq. Yards,3206,292,3257,683,1,0,,1,,,544
160507,JG23_713,30,Sq. Yards,3194,280,3200,688,1,0,,1,,,544
161050,JG22.2_E-732,30,Sq. Yards,3194,280,3200,701,1,0,,1,,,544
161579,CD1B_E-103,30,Sq. Yards,3213,299,3279,694,1,0,,1,,,544
161786,RK21.2_E-217,30,Sq. Yards,3205,291,3252,694,1,0,,1,,,544
162045,JR9_E-34,30,Sq. Yards,3206,292,3257,689,1,0,,1,,,544
162320,SD8_E-219,30,Sq. Yards,3200,286,3230,682,1,0,,1,,,544
148189,PJ28.3_E-181,30,Sq. Yards,3192,278,3193,689,1,0,,1,,,544
149842,PW21_301,30,Sq. Yards,3212,298,3276,706,1,0,,1,,,544
150629,JG23_495,30,Sq. Yards,3194,280,3200,696,1,0,,1,,,544
150895,JR9PII_E-283,30,Sq. Yards,3206,292,3257,691,1,0,,1,,,544
151195,JG23_1021,30,Sq. Yards,3194,280,3200,696,1,0,,1,,,544
151846,RW18.2-3353,30,Sq. Yards,3208,294,3264,699,1,0,,1,,,544
152384,PJ28.1_E-145,30,Sq. Yards,3192,278,3193,935,1,0,,1,,,544
153684,MG9.10.3_E-99,30,Sq. Yards,3207,293,3259,684,1,0,,1,,,544
154922,JR9PII_E-61,30,Sq. Yards,3206,292,3257,684,1,0,,1,,,544
155824,JG23_2193,30,Sq. Yards,3194,280,3200,682,1,0,,1,,,544
156075,RW27.28.26PII_E-968,30,Sq. Yards,3205,291,3252,684,1,0,,1,,,544
156694,GO16_E-276,30,Sq. Yards,3199,285,3221,700,1,0,,1,,,544
157011,JR6_E-297,30,Sq. Yards,3206,292,3257,699,1,0,,1,,,544
159787,JR9PII_E-66,30,Sq. Yards,3206,292,3257,696,1,0,,1,,,544
160019,JG23_965,30,Sq. Yards,3194,280,3200,683,1,0,,1,,,544
160419,RW18.2-2313,30,Sq. Yards,3208,294,3264,682,1,0,,1,,,544
161423,JR6_E-470,30,Sq. Yards,3206,292,3257,682,1,0,,1,,,544
161806,CD9_E-168,30,Sq. Yards,3213,299,3279,688,1,0,,1,,,544
162693,RW18.2-3375,30,Sq. Yards,3208,294,3264,710,1,0,,1,,,544
147508,KN32_170,30,Sq. Yards,3197,283,3215,681,1,0,,1,,,544
147515,JG23_462,30,Sq. Yards,3194,280,3200,684,1,0,,1,,,544
148651,RW18.2-3365,30,Sq. Yards,3208,294,3264,687,1,0,,1,,,544
148869,SSPIII20_E-141,30,Sq. Yards,3202,288,3238,690,1,0,,1,,,544
149069,KN9.32_E-93,30,Sq. Yards,3197,283,3215,687,1,0,,1,,,544
149937,JR9PII_E-271,30,Sq. Yards,3206,292,3257,695,1,0,,1,,,544
150023,PW21_244,30,Sq. Yards,3212,298,3276,681,1,0,,1,,,544
150237,JR6_E-326,30,Sq. Yards,3206,292,3257,681,1,0,,1,,,544
151352,RW36A_E-220,30,Sq. Yards,3205,291,3252,690,1,0,,1,,,544
153742,JG23_639,30,Sq. Yards,3194,280,3200,686,1,0,,1,,,544
153781,RW18.2-2133,30,Sq. Yards,3208,294,3264,704,1,0,,1,,,544
154574,JR6_E-71,30,Sq. Yards,3206,292,3257,689,1,0,,1,,,544
154660,PW21_120,30,Sq. Yards,3212,298,3276,708,1,0,,1,,,544
154878,JG23_1747,30,Sq. Yards,3194,280,3200,694,1,0,,1,,,544
155271,SSPIII20_E-78,30,Sq. Yards,3202,288,3238,704,1,0,,1,,,544
156925,RW36A_E-323,30,Sq. Yards,3205,291,3252,686,1,0,,1,,,544
156989,RW27.28.26PII_E-1141,30,Sq. Yards,3205,291,3252,682,1,0,,1,,,544
157243,RK5_E-164,30,Sq. Yards,3205,291,3252,687,1,0,,1,,,544
157532,JAJ_E-36,30,Sq. Yards,3200,286,3229,682,1,0,,1,,,544
160490,PW21_445,30,Sq. Yards,3212,298,3276,692,1,0,,1,,,544
155685,SSPIII20_E-693,30,Sq. Yards,3202,288,3238,708,1,0,,1,,,544
156657,SSPIII20_E-809,30,Sq. Yards,3202,288,3238,683,1,0,,1,,,544
156714,RK5_E-298,30,Sq. Yards,3205,291,3252,696,1,0,,1,,,544
157093,JG23_2018,30,Sq. Yards,3194,280,3200,682,1,0,,1,,,544
157350,PJ28.3_E-79,30,Sq. Yards,3192,278,3193,847,1,0,,1,,,544
158243,GO16_E-348,30,Sq. Yards,3199,285,3221,684,1,0,,1,,,544
158654,SSPIII20_E-215,30,Sq. Yards,3202,288,3238,681,1,0,,1,,,544
159036,KN32_319,30,Sq. Yards,3197,283,3215,683,1,0,,1,,,544
159833,SSPIII20_E-457,30,Sq. Yards,3202,288,3238,704,1,0,,1,,,544
160040,PJ28.3_E-102,30,Sq. Yards,3192,278,3193,929,1,0,,1,,,544
160483,GO16_E-293,30,Sq. Yards,3199,285,3221,696,1,0,,1,,,544
161051,MG9.10.3_E-352,30,Sq. Yards,3207,293,3259,683,1,0,,1,,,544
162023,RW18.1_E-155,30,Sq. Yards,3208,294,3264,695,1,0,,1,,,544
162030,JG22.2_E-114,30,Sq. Yards,3194,280,3200,690,1,0,,1,,,544
162080,RW18.2-2572,30,Sq. Yards,3208,294,3264,682,1,0,,1,,,544
148771,RW27.28.26PII_E-14,30,Sq. Yards,3205,291,3252,690,1,0,,1,,,544
148805,RW18.2-3394,30,Sq. Yards,3208,294,3264,686,1,0,,1,,,544
149207,PW21_1050,30,Sq. Yards,3212,298,3276,687,1,0,,1,,,544
149356,FD9_E-30,30,Sq. Yards,3201,287,3233,699,1,0,,1,,,544
149407,RW18.2-3179,30,Sq. Yards,3208,294,3264,698,1,0,,1,,,544
150326,KN32_64,30,Sq. Yards,3197,283,3215,683,1,0,,1,,,544
150328,PJ28.2_E-55,30,Sq. Yards,3192,278,3193,697,1,0,,1,,,544
152634,SSPIII20_E-245,30,Sq. Yards,3202,288,3238,687,1,0,,1,,,544
153302,JG23_481,30,Sq. Yards,3194,280,3200,681,1,0,,1,,,544
153353,RW18.1_E-4,30,Sq. Yards,3208,294,3264,683,1,0,,1,,,544
153436,KN32_273,30,Sq. Yards,3197,283,3215,696,1,0,,1,,,544
153702,PJ28.3_E-86,30,Sq. Yards,3192,278,3193,935,1,0,,1,,,544
154321,PJ28.3_E-26,30,Sq. Yards,3192,278,3193,919,1,0,,1,,,544
155006,JG23_803,30,Sq. Yards,3194,280,3200,696,1,0,,1,,,544
155108,CD9_E-12,30,Sq. Yards,3213,299,3279,689,1,0,,1,,,544
155242,RW27.28.26PII_E-1323,30,Sq. Yards,3205,291,3252,686,1,0,,1,,,544
156174,RW18.2-3769,30,Sq. Yards,3208,294,3264,704,1,0,,1,,,544
156308,SSPIII20_E-663,30,Sq. Yards,3202,288,3238,683,1,0,,1,,,544
156361,RW18.2-2351,30,Sq. Yards,3208,294,3264,689,1,0,,1,,,544
156425,RW18.2-2542,30,Sq. Yards,3208,294,3264,692,1,0,,1,,,544
156461,JG23_1278,30,Sq. Yards,3194,280,3200,686,1,0,,1,,,544
158097,RW27.28.26PII_E-945,30,Sq. Yards,3205,291,3252,681,1,0,,1,,,544
158214,SSPIII20_E-7,30,Sq. Yards,3202,288,3238,705,1,0,,1,,,544
158733,JR6_E-131,30,Sq. Yards,3206,292,3257,695,1,0,,1,,,544
158850,JG23_2086,30,Sq. Yards,3194,280,3200,695,1,0,,1,,,544
159367,RW18.2-3605,30,Sq. Yards,3208,294,3264,692,1,0,,1,,,544
159901,KN32_328,30,Sq. Yards,3197,283,3215,693,1,0,,1,,,544
161241,SSPIII20_E-320,30,Sq. Yards,3202,288,3238,699,1,0,,1,,,544
155285,PW21_163,30,Sq. Yards,3212,298,3276,973,1,0,,1,,,544
155528,CD9_E-286,30,Sq. Yards,3213,299,3279,689,1,0,,1,,,544
155814,CD9_E-296,30,Sq. Yards,3213,299,3279,681,1,0,,1,,,544
156514,JR6_E-373,30,Sq. Yards,3206,292,3257,694,1,0,,1,,,544
158218,KN9.32_E-80,30,Sq. Yards,3197,283,3215,683,1,0,,1,,,544
158461,RW18.2-2385,30,Sq. Yards,3208,294,3264,685,1,0,,1,,,544
158772,MG9.10.3_E-60,30,Sq. Yards,3207,293,3259,688,1,0,,1,,,544
158904,SSPIII20_E-131,30,Sq. Yards,3202,288,3238,683,1,0,,1,,,544
158979,RW27.28.26PII_E-1312,30,Sq. Yards,3205,291,3252,687,1,0,,1,,,544
159290,RW18.2-2223,30,Sq. Yards,3208,294,3264,700,1,0,,1,,,544
159990,SSPIII20_E-77,30,Sq. Yards,3202,288,3238,699,1,0,,1,,,544
161069,GO16_E-310,30,Sq. Yards,3199,285,3221,697,1,0,,1,,,544
162287,PJ28.1_E-139,30,Sq. Yards,3192,278,3193,702,1,0,,1,,,544
162605,RW27.28.26PII_E-374,30,Sq. Yards,3205,291,3252,686,1,0,,1,,,544
147813,RW36A_E-326,30,Sq. Yards,3205,291,3252,686,1,0,,1,,,544
149685,JR6_E-226,30,Sq. Yards,3206,292,3257,694,1,0,,1,,,544
150721,JAJ_E-106,30,Sq. Yards,3200,286,3229,681,1,0,,1,,,544
150753,PW21_230,30,Sq. Yards,3212,298,3276,685,1,0,,1,,,544
151554,JG23_649,30,Sq. Yards,3194,280,3200,700,1,0,,1,,,544
153444,JG23_744,30,Sq. Yards,3194,280,3200,697,1,0,,1,,,544
153862,RW27.28.26PII_E-717,30,Sq. Yards,3205,291,3252,700,1,0,,1,,,544
154062,RW27.28.26PII_E-1516,30,Sq. Yards,3205,291,3252,696,1,0,,1,,,544
154647,PJ28.2_E-50,30,Sq. Yards,3192,278,3193,924,1,0,,1,,,544
155247,MG9.10.3_E-228,30,Sq. Yards,3207,293,3259,685,1,0,,1,,,544
155348,JR9PII_E-122,30,Sq. Yards,3206,292,3257,691,1,0,,1,,,544
155548,RW18.2-2587,30,Sq. Yards,3208,294,3264,683,1,0,,1,,,544
155951,RW18.2-3597,30,Sq. Yards,3208,294,3264,688,1,0,,1,,,544
157287,SSPIII20_E-254,30,Sq. Yards,3202,288,3238,866,1,0,,1,,,544
158305,KN9.32_E-43,30,Sq. Yards,3197,283,3215,681,1,0,,1,,,544
158442,JG23_1758,30,Sq. Yards,3194,280,3200,686,1,0,,1,,,544
158523,JG23_2290,30,Sq. Yards,3194,280,3200,690,1,0,,1,,,544
158974,RK21.2_E-246,30,Sq. Yards,3205,291,3252,684,1,0,,1,,,544
159260,MG9.10.3_E-147,30,Sq. Yards,3207,293,3259,693,1,0,,1,,,544
159609,FD9_E-48,30,Sq. Yards,3201,287,3233,700,1,0,,1,,,544
159610,CD1B_E-36,30,Sq. Yards,3213,299,3279,688,1,0,,1,,,544
160445,JR6_E-177,30,Sq. Yards,3206,292,3257,684,1,0,,1,,,544
162400,RK21.2_E-158,30,Sq. Yards,3205,291,3252,684,1,0,,1,,,544
147493,PJ28.1_E-17,30,Sq. Yards,3192,278,3193,974,1,0,,1,,,544
147997,RW27.28.26PII_E-592,30,Sq. Yards,3205,291,3252,690,1,0,,1,,,544
148144,JG23_322,30,Sq. Yards,3194,280,3200,692,1,0,,1,,,544
148465,JR6_E-349,30,Sq. Yards,3206,292,3257,692,1,0,,1,,,544
148797,GO16_E-83,30,Sq. Yards,3199,285,3221,686,1,0,,1,,,544
149397,RW18.2-3824,30,Sq. Yards,3208,294,3264,684,1,0,,1,,,544
150769,PJ28.3_E-174,30,Sq. Yards,3192,278,3193,935,1,0,,1,,,544
151020,PWAP_E-62,30,Sq. Yards,3212,298,3276,689,1,0,,1,,,544
152810,GO13.14_246,30,Sq. Yards,3199,285,3221,689,1,0,,1,,,544
154328,JAJ_E-75,30,Sq. Yards,3200,286,3229,693,1,0,,1,,,544
156135,PJ28.3_E-166,30,Sq. Yards,3192,278,3193,701,1,0,,1,,,544
156636,CD1B_E-77,30,Sq. Yards,3213,299,3279,692,1,0,,1,,,544
156721,JR9PII_E-81,30,Sq. Yards,3206,292,3257,682,1,0,,1,,,544
157522,FD9_E-13,30,Sq. Yards,3201,287,3233,693,1,0,,1,,,544
158239,JG23_1287,30,Sq. Yards,3194,280,3200,692,1,0,,1,,,544
158372,JAJ_E-117,30,Sq. Yards,3200,286,3229,682,1,0,,1,,,544
159544,RW18.2-2913,30,Sq. Yards,3208,294,3264,702,1,0,,1,,,544
160897,MG9.10.3_E-323,30,Sq. Yards,3207,293,3259,693,1,0,,1,,,544
161651,JG23_847,30,Sq. Yards,3194,280,3200,683,1,0,,1,,,544
161701,JR6_E-43,30,Sq. Yards,3206,292,3257,695,1,0,,1,,,544
161715,JG23_1360,30,Sq. Yards,3194,280,3200,694,1,0,,1,,,544
161884,GO16_E-86,30,Sq. Yards,3199,285,3221,685,1,0,,1,,,544
162419,RW18.2-2826,30,Sq. Yards,3208,294,3264,696,1,0,,1,,,544
147911,SSPIII20_E-270,30,Sq. Yards,3202,288,3238,681,1,0,,1,,,544
149098,SSPIII20_E-416,30,Sq. Yards,3202,288,3238,684,1,0,,1,,,544
149315,RW18.2-2569,30,Sq. Yards,3208,294,3264,697,1,0,,1,,,544
149919,GO16_E-26,30,Sq. Yards,3199,285,3221,681,1,0,,1,,,544
151405,PWAP_E-390,30,Sq. Yards,3212,298,3276,898,1,0,,1,,,544
160633,CD1B_E-176,30,Sq. Yards,3213,299,3279,701,1,0,,1,,,544
162355,KN32_83,30,Sq. Yards,3197,283,3215,694,1,0,,1,,,544
148096,MG9.10.3_E-44,30,Sq. Yards,3207,293,3259,689,1,0,,1,,,544
148195,JG23_1883,30,Sq. Yards,3194,280,3200,682,1,0,,1,,,544
149414,MG9.10.3_E-367,30,Sq. Yards,3207,293,3259,691,1,0,,1,,,544
149949,PW21_753,30,Sq. Yards,3212,298,3276,939,1,0,,1,,,544
150200,RK21.2_E-480,30,Sq. Yards,3205,291,3252,690,1,0,,1,,,544
150567,JG23_1610,30,Sq. Yards,3194,280,3200,696,1,0,,1,,,544
150804,JAJ_E-25,30,Sq. Yards,3200,286,3229,685,1,0,,1,,,544
151321,JG22.2_E-548,30,Sq. Yards,3194,280,3200,689,1,0,,1,,,544
151672,RK5_E-205,30,Sq. Yards,3205,291,3252,683,1,0,,1,,,544
152222,RW18.2-2142,30,Sq. Yards,3208,294,3264,693,1,0,,1,,,544
154597,RW27.28.26PII_E-1568,30,Sq. Yards,3205,291,3252,682,1,0,,1,,,544
154947,SSPIII20_E-664,30,Sq. Yards,3202,288,3238,863,1,0,,1,,,544
155148,RW19.1_E-52,30,Sq. Yards,3208,294,3264,681,1,0,,1,,,544
156283,RK5_E-6,30,Sq. Yards,3205,291,3252,692,1,0,,1,,,544
156652,JAJ_E-1,30,Sq. Yards,3200,286,3229,682,1,0,,1,,,544
157305,RW18.2-3129,30,Sq. Yards,3208,294,3264,683,1,0,,1,,,544
158006,RW27.28.26PII_E-211,30,Sq. Yards,3205,291,3252,684,1,0,,1,,,544
158391,RW19.1_E-1,30,Sq. Yards,3208,294,3264,697,1,0,,1,,,544
159210,RK5_E-20,30,Sq. Yards,3205,291,3252,686,1,0,,1,,,544
159378,JG24.2_E-136,30,Sq. Yards,3194,280,3200,695,1,0,,1,,,544
160063,JG22.2_E-466,30,Sq. Yards,3194,280,3200,690,1,0,,1,,,544
160295,SD8_E-62,30,Sq. Yards,3200,286,3230,681,1,0,,1,,,544
160396,RW27.28.26PII_E-348,30,Sq. Yards,3205,291,3252,696,1,0,,1,,,544
161081,RW27.28.26PII_E-1335,30,Sq. Yards,3205,291,3252,684,1,0,,1,,,544
161664,GO16_E-102,30,Sq. Yards,3199,285,3221,684,1,0,,1,,,544
148712,JG23_382,30,Sq. Yards,3194,280,3200,682,1,0,,1,,,544
148880,RW36A_E-142,30,Sq. Yards,3205,291,3252,690,1,0,,1,,,544
149451,SSPIII20_E-742,30,Sq. Yards,3202,288,3238,690,1,0,,1,,,544
149851,RK21.2_E-279,30,Sq. Yards,3205,291,3252,700,1,0,,1,,,544
150116,FD9_E-180,30,Sq. Yards,3201,287,3233,698,1,0,,1,,,544
152723,PW21_858,30,Sq. Yards,3212,298,3276,706,1,0,,1,,,544
152777,JR9PII_E-260,30,Sq. Yards,3206,292,3257,688,1,0,,1,,,544
154196,GO13.14_149,30,Sq. Yards,3199,285,3221,685,1,0,,1,,,544
156768,JG23_415,30,Sq. Yards,3194,280,3200,686,1,0,,1,,,544
157222,RW18.2-2275,30,Sq. Yards,3208,294,3264,696,1,0,,1,,,544
157907,SSPIII20_E-139,30,Sq. Yards,3202,288,3238,711,1,0,,1,,,544
158657,KN32_165,30,Sq. Yards,3197,283,3215,699,1,0,,1,,,544
159426,PJ28.3_E-227,30,Sq. Yards,3192,278,3193,974,1,0,,1,,,544
160665,RW18.2-3337,30,Sq. Yards,3208,294,3264,692,1,0,,1,,,544
161079,RK5_E-212,30,Sq. Yards,3205,291,3252,688,1,0,,1,,,544
161297,RK21.2_E-328,30,Sq. Yards,3205,291,3252,701,1,0,,1,,,544
161583,JG22.2_E-486,30,Sq. Yards,3194,280,3200,682,1,0,,1,,,544
161584,PW21_885,30,Sq. Yards,3212,298,3276,684,1,0,,1,,,544
162183,SSPIII20_E-61,30,Sq. Yards,3202,288,3238,681,1,0,,1,,,544
162533,SSPIII20_E-654,30,Sq. Yards,3202,288,3238,684,1,0,,1,,,544
162670,RK21.2_E-631,30,Sq. Yards,3205,291,3252,693,1,0,,1,,,544
148698,JG23_1807,30,Sq. Yards,3194,280,3200,700,1,0,,1,,,544
148780,JG23_1334,30,Sq. Yards,3194,280,3200,696,1,0,,1,,,544
149165,RW18.2-2718,30,Sq. Yards,3208,294,3264,684,1,0,,1,,,544
149584,CD9_E-483,30,Sq. Yards,3213,299,3279,692,1,0,,1,,,544
149715,SSPIII20_E-687,30,Sq. Yards,3202,288,3238,707,1,0,,1,,,544
149902,RW18.2-3401,30,Sq. Yards,3208,294,3264,708,1,0,,1,,,544
150534,RW27.28.26PII_E-1023,30,Sq. Yards,3205,291,3252,693,1,0,,1,,,544
151538,RW18.1_E-27,30,Sq. Yards,3208,294,3264,698,1,0,,1,,,544
152023,RW18.2-2350,30,Sq. Yards,3208,294,3264,693,1,0,,1,,,544
152491,JAJ_E-98,30,Sq. Yards,3200,286,3229,686,1,0,,1,,,544
152624,KN9.32_E-68,30,Sq. Yards,3197,283,3215,975,1,0,,1,,,544
152924,JG23_1586,30,Sq. Yards,3194,280,3200,685,1,0,,1,,,544
153241,RW27.28.26PII_E-674,30,Sq. Yards,3205,291,3252,699,1,0,,1,,,544
153342,RW27.28.26PII_E-300,30,Sq. Yards,3205,291,3252,689,1,0,,1,,,544
153442,RW27.28.26PII_E-1037,30,Sq. Yards,3205,291,3252,681,1,0,,1,,,544
153927,RK21.2_E-455,30,Sq. Yards,3205,291,3252,696,1,0,,1,,,544
160858,RK5_E-341,30,Sq. Yards,3205,291,3252,696,1,0,,1,,,544
161737,RW18.2-3418,30,Sq. Yards,3208,294,3264,696,1,0,,1,,,544
161937,PWAP_E-467,30,Sq. Yards,3212,298,3276,695,1,0,,1,,,544
162130,JG22.2_E-327,30,Sq. Yards,3194,280,3200,683,1,0,,1,,,544
148035,RW27.28.26PII_E-369,30,Sq. Yards,3205,291,3252,696,1,0,,1,,,544
148705,RW18.2-3537,30,Sq. Yards,3208,294,3264,685,1,0,,1,,,544
149375,RW27.28.26PII_E-481,30,Sq. Yards,3205,291,3252,702,1,0,,1,,,544
150160,GO13.14_81,30,Sq. Yards,3199,285,3221,697,1,0,,1,,,544
150475,RW18.2-2008,30,Sq. Yards,3208,294,3264,705,1,0,,1,,,544
151496,RW18.2-2266,30,Sq. Yards,3208,294,3264,681,1,0,,1,,,544
151528,RW27.28.26PII_E-201,30,Sq. Yards,3205,291,3252,698,1,0,,1,,,544
151596,RW18.2-2226,30,Sq. Yards,3208,294,3264,705,1,0,,1,,,544
152566,RW27.28.26PII_E-638,30,Sq. Yards,3205,291,3252,683,1,0,,1,,,544
155910,CD1B_E-151,30,Sq. Yards,3213,299,3279,693,1,0,,1,,,544
155942,RW36A_E-251,30,Sq. Yards,3205,291,3252,682,1,0,,1,,,544
156410,JAJ_E-101,30,Sq. Yards,3200,286,3229,691,1,0,,1,,,544
157029,PWAP_E-12,30,Sq. Yards,3212,298,3276,939,1,0,,1,,,544
157227,RW27.28.26PII_E-1360,30,Sq. Yards,3205,291,3252,684,1,0,,1,,,544
157278,PW21_874,30,Sq. Yards,3212,298,3276,939,1,0,,1,,,544
157344,JG23_2132,30,Sq. Yards,3194,280,3200,685,1,0,,1,,,544
158014,PJ28.2_E-35,30,Sq. Yards,3192,278,3193,935,1,0,,1,,,544
158618,RW18.2-3093,30,Sq. Yards,3208,294,3264,687,1,0,,1,,,544
158935,RW18.2-2172,30,Sq. Yards,3208,294,3264,705,1,0,,1,,,544
158950,GO13.14_105,30,Sq. Yards,3199,285,3221,685,1,0,,1,,,544
160071,JG23_909,30,Sq. Yards,3194,280,3200,689,1,0,,1,,,544
161258,JG23_2157,30,Sq. Yards,3194,280,3200,1054,1,0,,1,,,544
161573,MG9.10.3_E-19,30,Sq. Yards,3207,293,3259,685,1,0,,1,,,544
162277,JG23_1890,30,Sq. Yards,3194,280,3200,696,1,0,,1,,,544
162375,JG23_1936,30,Sq. Yards,3194,280,3200,688,1,0,,1,,,544
162626,GO13.14_243,30,Sq. Yards,3199,285,3221,699,1,0,,1,,,544
162677,MG9.10.3_E-314,30,Sq. Yards,3207,293,3259,688,1,0,,1,,,544
153097,PW21_76,30,Sq. Yards,3212,298,3276,705,1,0,,1,,,544
153129,JR6_E-31,30,Sq. Yards,3206,292,3257,681,1,0,,1,,,544
154451,JG23_1868,30,Sq. Yards,3194,280,3200,690,1,0,,1,,,544
154558,RW27.28.26PII_E-68,30,Sq. Yards,3205,291,3252,689,1,0,,1,,,544
154576,FD9_E-122,30,Sq. Yards,3201,287,3233,686,1,0,,1,,,544
155419,JR9PII_E-7,30,Sq. Yards,3206,292,3257,693,1,0,,1,,,544
155505,JG23_907,30,Sq. Yards,3194,280,3200,686,1,0,,1,,,544
155530,RW27.28.26PII_E-1316,30,Sq. Yards,3205,291,3252,686,1,0,,1,,,544
155569,JR6_E-397,30,Sq. Yards,3206,292,3257,683,1,0,,1,,,544
155587,SSPIII20_E-708,30,Sq. Yards,3202,288,3238,711,1,0,,1,,,544
155794,CD9_E-5,30,Sq. Yards,3213,299,3279,701,1,0,,1,,,544
155862,RW27.28.26PII_E-1382,30,Sq. Yards,3205,291,3252,686,1,0,,1,,,544
156441,RW18.1_E-110,30,Sq. Yards,3208,294,3264,704,1,0,,1,,,544
156548,RW27.28.26PII_E-203,30,Sq. Yards,3205,291,3252,690,1,0,,1,,,544
156948,JG23_931,30,Sq. Yards,3194,280,3200,691,1,0,,1,,,544
159138,KN32_231,30,Sq. Yards,3197,283,3215,695,1,0,,1,,,544
159263,JG22.2_E-326,30,Sq. Yards,3194,280,3200,691,1,0,,1,,,544
159506,JG22.2_E-711,30,Sq. Yards,3194,280,3200,681,1,0,,1,,,544
159531,PW21_793,30,Sq. Yards,3212,298,3276,685,1,0,,1,,,544
160174,RW27.28.26PII_E-624,30,Sq. Yards,3205,291,3252,683,1,0,,1,,,544
160285,RK21.2_E-330,30,Sq. Yards,3205,291,3252,686,1,0,,1,,,544
160485,RW18.2-3090,30,Sq. Yards,3208,294,3264,690,1,0,,1,,,544
160967,PW21_1134,30,Sq. Yards,3212,298,3276,682,1,0,,1,,,544
161053,CD9_E-95,30,Sq. Yards,3213,299,3279,701,1,0,,1,,,544
162232,JG22.2_E-180,30,Sq. Yards,3194,280,3200,696,1,0,,1,,,544
162421,JG22.2_E-441,30,Sq. Yards,3194,280,3200,690,1,0,,1,,,544
148838,RW18.1_E-173,30,Sq. Yards,3208,294,3264,710,1,0,,1,,,544
149525,CD9_E-425,30,Sq. Yards,3213,299,3279,683,1,0,,1,,,544
149542,RK21.2_E-380,30,Sq. Yards,3205,291,3252,682,1,0,,1,,,544
149676,JG23_818,30,Sq. Yards,3194,280,3200,682,1,0,,1,,,544
150495,JG23_543,30,Sq. Yards,3194,280,3200,682,1,0,,1,,,544
153216,JG22.1_E-33,30,Sq. Yards,3194,280,3200,695,1,0,,1,,,544
153437,PW21_398,30,Sq. Yards,3212,298,3276,707,1,0,,1,,,544
154473,SD8_E-199,30,Sq. Yards,3200,286,3230,683,1,0,,1,,,544
156077,GO13.14_94,30,Sq. Yards,3199,285,3221,703,1,0,,1,,,544
156292,RW18.2-3033,30,Sq. Yards,3208,294,3264,704,1,0,,1,,,544
157511,RW27.28.26PII_E-266,30,Sq. Yards,3205,291,3252,687,1,0,,1,,,544
157562,PW21_592,30,Sq. Yards,3212,298,3276,684,1,0,,1,,,544
158332,GO13.14_262,30,Sq. Yards,3199,285,3221,700,1,0,,1,,,544
158566,JG22.2_E-107,30,Sq. Yards,3194,280,3200,691,1,0,,1,,,544
159019,GO16_E-59,30,Sq. Yards,3199,285,3221,701,1,0,,1,,,544
159768,JG23_510,30,Sq. Yards,3194,280,3200,681,1,0,,1,,,544
161006,RW18.2-2271,30,Sq. Yards,3208,294,3264,704,1,0,,1,,,544
161576,RW18.2-3319,30,Sq. Yards,3208,294,3264,686,1,0,,1,,,544
161925,RW18.2-3240,30,Sq. Yards,3208,294,3264,695,1,0,,1,,,544
147699,JG23_967,30,Sq. Yards,3194,280,3200,693,1,0,,1,,,544
148217,RW27.28.26PII_E-1658,30,Sq. Yards,3205,291,3252,682,1,0,,1,,,544
148967,JG24.2_E-148,30,Sq. Yards,3194,280,3200,702,1,0,,1,,,544
149135,JG23_865,30,Sq. Yards,3194,280,3200,685,1,0,,1,,,544
149778,JG23_1069,30,Sq. Yards,3194,280,3200,684,1,0,,1,,,544
149953,RW18.2-3826,30,Sq. Yards,3208,294,3264,681,1,0,,1,,,544
150532,RW27.28.26PII_E-1047,30,Sq. Yards,3205,291,3252,686,1,0,,1,,,544
151107,CD9_E-185,30,Sq. Yards,3213,299,3279,694,1,0,,1,,,544
151157,SSPIII20_E-481,30,Sq. Yards,3202,288,3238,702,1,0,,1,,,544
151650,GO16_E-197,30,Sq. Yards,3199,285,3221,703,1,0,,1,,,544
153908,RK5_E-290,30,Sq. Yards,3205,291,3252,683,1,0,,1,,,544
155669,JG23_2069,30,Sq. Yards,3194,280,3200,686,1,0,,1,,,544
156480,SD8_E-26,30,Sq. Yards,3200,286,3230,684,1,0,,1,,,544
156648,PW21_1147,30,Sq. Yards,3212,298,3276,686,1,0,,1,,,544
156966,JG23_746,30,Sq. Yards,3194,280,3200,695,1,0,,1,,,544
156998,JG23_680,30,Sq. Yards,3194,280,3200,692,1,0,,1,,,544
157659,PW21_705,30,Sq. Yards,3212,298,3276,711,1,0,,1,,,544
158259,RW27.28.26PII_E-1667,30,Sq. Yards,3205,291,3252,682,1,0,,1,,,544
159656,JG23_1230,30,Sq. Yards,3194,280,3200,683,1,0,,1,,,544
160081,JG22.2_E-540,30,Sq. Yards,3194,280,3200,688,1,0,,1,,,544
152232,PJ28.3_E-74,30,Sq. Yards,3192,278,3193,935,1,0,,1,,,544
152532,JG22.1_E-30,30,Sq. Yards,3194,280,3200,685,1,0,,1,,,544
152534,RW18.2-3662,30,Sq. Yards,3208,294,3264,694,1,0,,1,,,544
155191,JG23_1119,30,Sq. Yards,3194,280,3200,682,1,0,,1,,,544
155425,RW27.28.26PII_E-1458,30,Sq. Yards,3205,291,3252,699,1,0,,1,,,544
155589,JG23_1142,30,Sq. Yards,3194,280,3200,685,1,0,,1,,,544
155691,JG23_1922,30,Sq. Yards,3194,280,3200,682,1,0,,1,,,544
155827,CD1B_E-67,30,Sq. Yards,3213,299,3279,683,1,0,,1,,,544
155927,JG22.2_E-404,30,Sq. Yards,3194,280,3200,695,1,0,,1,,,544
155974,JR9_E-17,30,Sq. Yards,3206,292,3257,684,1,0,,1,,,544
156057,SSPIII20_E-179,30,Sq. Yards,3202,288,3238,871,1,0,,1,,,544
156178,JR6_E-3,30,Sq. Yards,3206,292,3257,689,1,0,,1,,,544
156878,GO16_E-320,30,Sq. Yards,3199,285,3221,693,1,0,,1,,,544
157263,JG23_2138,30,Sq. Yards,3194,280,3200,683,1,0,,1,,,544
159250,RW19.1_E-123,30,Sq. Yards,3208,294,3264,708,1,0,,1,,,544
159384,RW27.28.26PII_E-206,30,Sq. Yards,3205,291,3252,690,1,0,,1,,,544
159635,SSPIII20_E-562,30,Sq. Yards,3202,288,3238,692,1,0,,1,,,544
159871,JG22.2_E-151,30,Sq. Yards,3194,280,3200,691,1,0,,1,,,544
159935,RW27.28.26PII_E-568,30,Sq. Yards,3205,291,3252,700,1,0,,1,,,544
160771,JG23_473,30,Sq. Yards,3194,280,3200,692,1,0,,1,,,544
160805,SSPIII20_E-652,30,Sq. Yards,3202,288,3238,863,1,0,,1,,,544
160939,KN9.32_E-35,30,Sq. Yards,3197,283,3215,693,1,0,,1,,,544
161358,CD9_E-169,30,Sq. Yards,3213,299,3279,692,1,0,,1,,,544
161890,RW27.28.26PII_E-1674,30,Sq. Yards,3205,291,3252,701,1,0,,1,,,544
162660,PWAP_E-5,30,Sq. Yards,3212,298,3276,687,1,0,,1,,,544
180242,RW36A_E-327,30,Sq. Yards,3205,291,3252,683,1,0,,1,,,544
160980,RW36A_E-306,30,Sq. Yards,3205,291,3252,682,1,0,,1,,,544
161029,JG23_1823,30,Sq. Yards,3194,280,3200,694,1,0,,1,,,544
161547,RW27.28.26PII_E-904,30,Sq. Yards,3205,291,3252,701,1,0,,1,,,544
162101,SD8_E-13,30,Sq. Yards,3200,286,3230,694,1,0,,1,,,544
162433,PWAP_E-242,30,Sq. Yards,3212,298,3276,685,1,0,,1,,,544
148320,JR9PII_E-107,30,Sq. Yards,3206,292,3257,693,1,0,,1,,,544
148354,JG22.2_E-287,30,Sq. Yards,3194,280,3200,686,1,0,,1,,,544
149173,JG22.1_E-75,30,Sq. Yards,3194,280,3200,681,1,0,,1,,,544
150392,JG23_1150,30,Sq. Yards,3194,280,3200,695,1,0,,1,,,544
150592,RW19.1_E-33,30,Sq. Yards,3208,294,3264,683,1,0,,1,,,544
151428,PW21_1018,30,Sq. Yards,3212,298,3276,709,1,0,,1,,,544
151696,FD9_E-16,30,Sq. Yards,3201,287,3233,700,1,0,,1,,,544
155325,RK21.2_E-560,30,Sq. Yards,3205,291,3252,687,1,0,,1,,,544
155457,JG23_708,30,Sq. Yards,3194,280,3200,697,1,0,,1,,,544
156076,CD9_E-18,30,Sq. Yards,3213,299,3279,700,1,0,,1,,,544
156091,RW18.2-2074,30,Sq. Yards,3208,294,3264,683,1,0,,1,,,544
156242,JG22.2_E-619,30,Sq. Yards,3194,280,3200,696,1,0,,1,,,544
156393,JG23_1090,30,Sq. Yards,3194,280,3200,684,1,0,,1,,,544
157144,JG23_1084,30,Sq. Yards,3194,280,3200,697,1,0,,1,,,544
157480,CD9_E-300,30,Sq. Yards,3213,299,3279,685,1,0,,1,,,544
157631,JG24.2_E-39,30,Sq. Yards,3194,280,3200,683,1,0,,1,,,544
158533,PJ28.2_E-36,30,Sq. Yards,3192,278,3193,944,1,0,,1,,,544
160037,SSPIII20_E-744,30,Sq. Yards,3202,288,3238,688,1,0,,1,,,544
161375,GO13.14_128,30,Sq. Yards,3199,285,3221,699,1,0,,1,,,544
162575,RK21.2_E-89,30,Sq. Yards,3205,291,3252,685,1,0,,1,,,544
147966,PW21_715,30,Sq. Yards,3212,298,3276,683,1,0,,1,,,544
148359,PWAP_E-351,30,Sq. Yards,3212,298,3276,684,1,0,,1,,,544
148961,GO13.14_62,30,Sq. Yards,3199,285,3221,690,1,0,,1,,,544
149095,KN32_18,30,Sq. Yards,3197,283,3215,694,1,0,,1,,,544
149336,CD9_E-63,30,Sq. Yards,3213,299,3279,684,1,0,,1,,,544
149770,JG22.2_E-167,30,Sq. Yards,3194,280,3200,681,1,0,,1,,,544
149997,RW18.2-2205,30,Sq. Yards,3208,294,3264,698,1,0,,1,,,544
151544,KN32_210,30,Sq. Yards,3197,283,3215,683,1,0,,1,,,544
152310,RW18.2-3422,30,Sq. Yards,3208,294,3264,685,1,0,,1,,,544
153080,RW18.2-2221,30,Sq. Yards,3208,294,3264,689,1,0,,1,,,544
153237,JG23_1391,30,Sq. Yards,3194,280,3200,696,1,0,,1,,,544
153416,JG24.2_E-85,30,Sq. Yards,3194,280,3200,711,1,0,,1,,,544
153480,JG22.2_E-324,30,Sq. Yards,3194,280,3200,681,1,0,,1,,,544
155477,CD9_E-492,30,Sq. Yards,3213,299,3279,681,1,0,,1,,,544
155613,SD8_E-207,30,Sq. Yards,3200,286,3230,685,1,0,,1,,,544
155754,SSPIII20_E-618,30,Sq. Yards,3202,288,3238,689,1,0,,1,,,544
155947,RW18.2-2990,30,Sq. Yards,3208,294,3264,686,1,0,,1,,,544
156356,RW36A_E-284,30,Sq. Yards,3205,291,3252,686,1,0,,1,,,544
156747,SSPIII20_E-129,30,Sq. Yards,3202,288,3238,708,1,0,,1,,,544
157183,PWAP_E-426,30,Sq. Yards,3212,298,3276,689,1,0,,1,,,544
159864,RW18.2-2468,30,Sq. Yards,3208,294,3264,697,1,0,,1,,,544
160759,CD1B_E-106,30,Sq. Yards,3213,299,3279,690,1,0,,1,,,544
161129,RW27.28.26PII_E-1209,30,Sq. Yards,3205,291,3252,696,1,0,,1,,,544
161636,RW18.2-3760,30,Sq. Yards,3208,294,3264,688,1,0,,1,,,544
162304,JG23_1519,30,Sq. Yards,3194,280,3200,686,1,0,,1,,,544
162633,GO13.14_164,30,Sq. Yards,3199,285,3221,684,1,0,,1,,,544
147642,JG23_1297,30,Sq. Yards,3194,280,3200,683,1,0,,1,,,544
147731,JG23_460,30,Sq. Yards,3194,280,3200,684,1,0,,1,,,544
148142,PW21_451,30,Sq. Yards,3212,298,3276,697,1,0,,1,,,544
148717,PJ28.3_E-156,30,Sq. Yards,3192,278,3193,711,1,0,,1,,,544
150357,RK21.2_E-42,30,Sq. Yards,3205,291,3252,684,1,0,,1,,,544
150507,RK21.2_E-530,30,Sq. Yards,3205,291,3252,700,1,0,,1,,,544
150582,RK5_E-176,30,Sq. Yards,3205,291,3252,681,1,0,,1,,,544
150839,PJ28.1_E-114,30,Sq. Yards,3192,278,3193,935,1,0,,1,,,544
151843,RK21.2_E-635,30,Sq. Yards,3205,291,3252,688,1,0,,1,,,544
152318,JG23_1149,30,Sq. Yards,3194,280,3200,687,1,0,,1,,,544
152329,RW18.2-2181,30,Sq. Yards,3208,294,3264,696,1,0,,1,,,544
152518,PJ28.3_E-228,30,Sq. Yards,3192,278,3193,683,1,0,,1,,,544
152622,JR6_E-20,30,Sq. Yards,3206,292,3257,681,1,0,,1,,,544
153047,RW18.2-2815,30,Sq. Yards,3208,294,3264,689,1,0,,1,,,544
150289,JG23_332,30,Sq. Yards,3194,280,3200,681,1,0,,1,,,544
151400,RW18.2-2777,30,Sq. Yards,3208,294,3264,684,1,0,,1,,,544
152079,RW27.28.26PII_E-1378,30,Sq. Yards,3205,291,3252,702,1,0,,1,,,544
152193,RW18.2-2643,30,Sq. Yards,3208,294,3264,684,1,0,,1,,,544
152343,RK5_E-74,30,Sq. Yards,3205,291,3252,684,1,0,,1,,,544
152379,SSPIII20_E-538,30,Sq. Yards,3202,288,3238,692,1,0,,1,,,544
152786,PWAP_E-440,30,Sq. Yards,3212,298,3276,697,1,0,,1,,,544
153290,RW27.28.26PII_E-1357,30,Sq. Yards,3205,291,3252,686,1,0,,1,,,544
153833,JR9_E-29,30,Sq. Yards,3206,292,3257,696,1,0,,1,,,544
154390,RW18.2-2027,30,Sq. Yards,3208,294,3264,708,1,0,,1,,,544
154758,JG23_2235,30,Sq. Yards,3194,280,3200,690,1,0,,1,,,544
157677,CD9_E-280,30,Sq. Yards,3213,299,3279,692,1,0,,1,,,544
158688,SSPIII20_E-541,30,Sq. Yards,3202,288,3238,694,1,0,,1,,,544
158870,RW18.2-3660,30,Sq. Yards,3208,294,3264,683,1,0,,1,,,544
158931,PW21_837,30,Sq. Yards,3212,298,3276,693,1,0,,1,,,544
159181,JR9PII_E-184,30,Sq. Yards,3206,292,3257,695,1,0,,1,,,544
159981,JG23_1494,30,Sq. Yards,3194,280,3200,683,1,0,,1,,,544
160217,RW27.28.26PII_E-1484,30,Sq. Yards,3205,291,3252,701,1,0,,1,,,544
160803,CD9_E-502,30,Sq. Yards,3213,299,3279,696,1,0,,1,,,544
160817,SD8_E-132,30,Sq. Yards,3200,286,3230,696,1,0,,1,,,544
160978,RW27.28.26PII_E-1328,30,Sq. Yards,3205,291,3252,695,1,0,,1,,,544
161160,PWAP_E-25,30,Sq. Yards,3212,298,3276,689,1,0,,1,,,544
161596,CD9_E-23,30,Sq. Yards,3213,299,3279,694,1,0,,1,,,544
148176,PJ28.3_E-111,30,Sq. Yards,3192,278,3193,1052,1,0,,1,,,544
148419,RW18.2-3324,30,Sq. Yards,3208,294,3264,708,1,0,,1,,,544
149262,JG23_1137,30,Sq. Yards,3194,280,3200,701,1,0,,1,,,544
152838,SSPIII20_E-102,30,Sq. Yards,3202,288,3238,702,1,0,,1,,,544
152931,RW27.28.26PII_E-759,30,Sq. Yards,3205,291,3252,695,1,0,,1,,,544
153699,JR9PII_E-116,30,Sq. Yards,3206,292,3257,688,1,0,,1,,,544
153749,PJ28.3_E-30,30,Sq. Yards,3192,278,3193,905,1,0,,1,,,544
153831,FD9_E-134,30,Sq. Yards,3201,287,3233,685,1,0,,1,,,544
153956,JG23_315,30,Sq. Yards,3194,280,3200,702,1,0,,1,,,544
154399,GO16_E-165,30,Sq. Yards,3199,285,3221,702,1,0,,1,,,544
155003,JG22.2_E-667,30,Sq. Yards,3194,280,3200,1020,1,0,,1,,,544
155646,JR6_E-127,30,Sq. Yards,3206,292,3257,681,1,0,,1,,,544
155864,PJ28.1_E-81,30,Sq. Yards,3192,278,3193,935,1,0,,1,,,544
156028,MG9.10.3_E-327,30,Sq. Yards,3207,293,3259,693,1,0,,1,,,544
156789,RW18.2-2747,30,Sq. Yards,3208,294,3264,681,1,0,,1,,,544
157543,RW27.28.26PII_E-1472,30,Sq. Yards,3205,291,3252,682,1,0,,1,,,544
157568,PJ28.2_E-43,30,Sq. Yards,3192,278,3193,944,1,0,,1,,,544
157686,JG22.2_E-677,30,Sq. Yards,3194,280,3200,699,1,0,,1,,,544
157761,RW19.1_E-124,30,Sq. Yards,3208,294,3264,682,1,0,,1,,,544
157936,JG23_1593,30,Sq. Yards,3194,280,3200,697,1,0,,1,,,544
159883,RW18.2-2514,30,Sq. Yards,3208,294,3264,684,1,0,,1,,,544
159915,RW27.28.26PII_E-1502,30,Sq. Yards,3205,291,3252,684,1,0,,1,,,544
160190,JG23_1847,30,Sq. Yards,3194,280,3200,689,1,0,,1,,,544
160215,RW18.2-3652,30,Sq. Yards,3208,294,3264,694,1,0,,1,,,544
160426,RK21.2_E-291,30,Sq. Yards,3205,291,3252,699,1,0,,1,,,544
161076,RW18.1_E-37,30,Sq. Yards,3208,294,3264,703,1,0,,1,,,544
161162,RK21.2_E-548,30,Sq. Yards,3205,291,3252,695,1,0,,1,,,544
161669,JR6_E-256,30,Sq. Yards,3206,292,3257,697,1,0,,1,,,544
161744,RW18.2-3625,30,Sq. Yards,3208,294,3264,704,1,0,,1,,,544
147486,RW18.2-3424,30,Sq. Yards,3208,294,3264,683,1,0,,1,,,544
148454,JR9PII_E-120,30,Sq. Yards,3206,292,3257,686,1,0,,1,,,544
148856,FD9_E-82,30,Sq. Yards,3201,287,3233,684,1,0,,1,,,544
148922,PWAP_E-14,30,Sq. Yards,3212,298,3276,710,1,0,,1,,,544
149005,PW21_1108,30,Sq. Yards,3212,298,3276,706,1,0,,1,,,544
149222,SSPIII20_E-189,30,Sq. Yards,3202,288,3238,863,1,0,,1,,,544
149292,RW27.28.26PII_E-72,30,Sq. Yards,3205,291,3252,692,1,0,,1,,,544
150245,PJ28.1_E-38,30,Sq. Yards,3192,278,3193,944,1,0,,1,,,544
150662,RK5_E-153,30,Sq. Yards,3205,291,3252,681,1,0,,1,,,544
150762,JG22.2_E-375,30,Sq. Yards,3194,280,3200,1055,1,0,,1,,,544
151096,RW27.28.26PII_E-1647,30,Sq. Yards,3205,291,3252,687,1,0,,1,,,544
151328,RW27.28.26PII_E-225,30,Sq. Yards,3205,291,3252,690,1,0,,1,,,544
156167,PJ28.2_E-97,30,Sq. Yards,3192,278,3193,935,1,0,,1,,,544
156403,JG23_689,30,Sq. Yards,3194,280,3200,699,1,0,,1,,,544
156703,RW27.28.26PII_E-628,30,Sq. Yards,3205,291,3252,688,1,0,,1,,,544
157840,JG24.2_E-115,30,Sq. Yards,3194,280,3200,684,1,0,,1,,,544
158090,JG23_1420,30,Sq. Yards,3194,280,3200,692,1,0,,1,,,544
158322,GO13.14_28,30,Sq. Yards,3199,285,3221,685,1,0,,1,,,544
158858,PJ28.1_E-196,30,Sq. Yards,3192,278,3193,699,1,0,,1,,,544
159093,JAJ_E-116,30,Sq. Yards,3200,286,3229,682,1,0,,1,,,544
159476,JR6_E-186,30,Sq. Yards,3206,292,3257,693,1,0,,1,,,544
159661,RW18.2-3281,30,Sq. Yards,3208,294,3264,708,1,0,,1,,,544
160097,PW21_1015,30,Sq. Yards,3212,298,3276,699,1,0,,1,,,544
161966,RW27.28.26PII_E-995,30,Sq. Yards,3205,291,3252,683,1,0,,1,,,544
147920,RW18.1_E-43,30,Sq. Yards,3208,294,3264,681,1,0,,1,,,544
148220,PW21_548,30,Sq. Yards,3212,298,3276,691,1,0,,1,,,544
149673,RW18.1_E-114,30,Sq. Yards,3208,294,3264,707,1,0,,1,,,544
150577,JG22.2_E-753,30,Sq. Yards,3194,280,3200,686,1,0,,1,,,544
151747,RW18.2-3407,30,Sq. Yards,3208,294,3264,689,1,0,,1,,,544
152398,FD9_E-42,30,Sq. Yards,3201,287,3233,698,1,0,,1,,,544
152432,SSPIII20_E-466,30,Sq. Yards,3202,288,3238,694,1,0,,1,,,544
152698,RW19.1_E-133,30,Sq. Yards,3208,294,3264,687,1,0,,1,,,544
152700,SSPIII20_E-208,30,Sq. Yards,3202,288,3238,699,1,0,,1,,,544
152866,PW21_2,30,Sq. Yards,3212,298,3276,687,1,0,,1,,,544
153149,RK21.2_E-361,30,Sq. Yards,3205,291,3252,700,1,0,,1,,,544
153400,JG22.2_E-552,30,Sq. Yards,3194,280,3200,696,1,0,,1,,,544
154372,RW36A_E-67,30,Sq. Yards,3205,291,3252,688,1,0,,1,,,544
154572,PJ28.3_E-130,30,Sq. Yards,3192,278,3193,940,1,0,,1,,,544
154623,CD1B_E-81,30,Sq. Yards,3213,299,3279,691,1,0,,1,,,544
154640,JG23_1315,30,Sq. Yards,3194,280,3200,683,1,0,,1,,,544
155004,JG22.2_E-434,30,Sq. Yards,3194,280,3200,691,1,0,,1,,,544
155023,JG23_1851,30,Sq. Yards,3194,280,3200,701,1,0,,1,,,544
155208,RW27.28.26PII_E-1415,30,Sq. Yards,3205,291,3252,687,1,0,,1,,,544
155342,MG9.10.3_E-306,30,Sq. Yards,3207,293,3259,692,1,0,,1,,,544
155440,JG23_2249,30,Sq. Yards,3194,280,3200,690,1,0,,1,,,544
156293,JG23_997,30,Sq. Yards,3194,280,3200,686,1,0,,1,,,544
156593,JG22.2_E-516,30,Sq. Yards,3194,280,3200,1053,1,0,,1,,,544
156595,RW27.28.26PII_E-952,30,Sq. Yards,3205,291,3252,690,1,0,,1,,,544
158033,RW18.2-3081,30,Sq. Yards,3208,294,3264,691,1,0,,1,,,544
158901,RW18.2-2200,30,Sq. Yards,3208,294,3264,682,1,0,,1,,,544
159737,RW18.2-2307,30,Sq. Yards,3208,294,3264,683,1,0,,1,,,544
160773,RK5_E-18,30,Sq. Yards,3205,291,3252,681,1,0,,1,,,544
161409,PJ28.3_E-164,30,Sq. Yards,3192,278,3193,913,1,0,,1,,,544
161441,RK21.2_E-582,30,Sq. Yards,3205,291,3252,700,1,0,,1,,,544
161790,PW21_343,30,Sq. Yards,3212,298,3276,689,1,0,,1,,,544
162060,GO13.14_168,30,Sq. Yards,3199,285,3221,688,1,0,,1,,,544
162411,RW27.28.26PII_E-987,30,Sq. Yards,3205,291,3252,698,1,0,,1,,,544
148059,RW18.2-3197,30,Sq. Yards,3208,294,3264,707,1,0,,1,,,544
148123,JR6_E-446,30,Sq. Yards,3206,292,3257,686,1,0,,1,,,544
148225,JG22.2_E-294,30,Sq. Yards,3194,280,3200,695,1,0,,1,,,544
150731,SD8_E-153,30,Sq. Yards,3200,286,3230,686,1,0,,1,,,544
150931,CD9_E-174,30,Sq. Yards,3213,299,3279,687,1,0,,1,,,544
151842,RW18.2-3463,30,Sq. Yards,3208,294,3264,684,1,0,,1,,,544
151937,RW27.28.26PII_E-708,30,Sq. Yards,3205,291,3252,701,1,0,,1,,,544
153005,PWAP_E-379,30,Sq. Yards,3212,298,3276,698,1,0,,1,,,544
153714,JG22.2_E-418,30,Sq. Yards,3194,280,3200,702,1,0,,1,,,544
154016,JG24.1_E-42,30,Sq. Yards,3194,280,3200,690,1,0,,1,,,544
155043,RK5_E-130,30,Sq. Yards,3205,291,3252,699,1,0,,1,,,544
155154,RW18.2-3476,30,Sq. Yards,3208,294,3264,709,1,0,,1,,,544
155813,JG23_1216,30,Sq. Yards,3194,280,3200,692,1,0,,1,,,544
156347,MG9.10.3_E-309,30,Sq. Yards,3207,293,3259,690,1,0,,1,,,544
157081,KN32_129,30,Sq. Yards,3197,283,3215,695,1,0,,1,,,544
157083,JAJ_E-74,30,Sq. Yards,3200,286,3229,685,1,0,,1,,,544
157224,MG9.10.2_E-64,30,Sq. Yards,3207,293,3259,693,1,0,,1,,,544
157417,PW21_387,30,Sq. Yards,3212,298,3276,973,1,0,,1,,,544
158092,PJ28.1_E-37,30,Sq. Yards,3192,278,3193,689,1,0,,1,,,544
160834,KN32_39,30,Sq. Yards,3197,283,3215,687,1,0,,1,,,544
162163,PW21_500,30,Sq. Yards,3212,298,3276,709,1,0,,1,,,544
148631,PW21_484,30,Sq. Yards,3212,298,3276,708,1,0,,1,,,544
148796,PW21_467,30,Sq. Yards,3212,298,3276,692,1,0,,1,,,544
149031,MG9.10.3_E-288,30,Sq. Yards,3207,293,3259,694,1,0,,1,,,544
149800,CD9_E-308,30,Sq. Yards,3213,299,3279,687,1,0,,1,,,544
151371,PW21_841,30,Sq. Yards,3212,298,3276,921,1,0,,1,,,544
152807,JG23_1969,30,Sq. Yards,3194,280,3200,696,1,0,,1,,,544
153075,RW18.2-3021,30,Sq. Yards,3208,294,3264,691,1,0,,1,,,544
154379,PJ28.1_E-115,30,Sq. Yards,3192,278,3193,935,1,0,,1,,,544
154580,RW18.2-2788,30,Sq. Yards,3208,294,3264,711,1,0,,1,,,544
155852,MG9.10.3_E-167,30,Sq. Yards,3207,293,3259,692,1,0,,1,,,544
155902,JR6_E-129,30,Sq. Yards,3206,292,3257,695,1,0,,1,,,544
156552,RW18.2-3312,30,Sq. Yards,3208,294,3264,687,1,0,,1,,,544
157437,JG24.2_E-24,30,Sq. Yards,3194,280,3200,692,1,0,,1,,,544
157505,RW19.1_E-87,30,Sq. Yards,3208,294,3264,683,1,0,,1,,,544
157938,GO13.14_142,30,Sq. Yards,3199,285,3221,682,1,0,,1,,,544
158205,JG23_2262,30,Sq. Yards,3194,280,3200,690,1,0,,1,,,544
159124,RK21.2_E-256,30,Sq. Yards,3205,291,3252,687,1,0,,1,,,544
159445,RW27.28.26PII_E-181,30,Sq. Yards,3205,291,3252,686,1,0,,1,,,544
162000,RK21.2_E-616,30,Sq. Yards,3205,291,3252,682,1,0,,1,,,544
162032,PW21_823,30,Sq. Yards,3212,298,3276,706,1,0,,1,,,544
162267,RW36A_E-1,30,Sq. Yards,3205,291,3252,684,1,0,,1,,,544
147597,JG23_1336,30,Sq. Yards,3194,280,3200,683,1,0,,1,,,544
148344,PWAP_E-197,30,Sq. Yards,3212,298,3276,709,1,0,,1,,,544
148576,JG23_581,30,Sq. Yards,3194,280,3200,702,1,0,,1,,,544
149051,RW18.2-2232,30,Sq. Yards,3208,294,3264,695,1,0,,1,,,544
150648,SSPIII20_E-65,30,Sq. Yards,3202,288,3238,692,1,0,,1,,,544
151820,PJ28.2_E-14,30,Sq. Yards,3192,278,3193,687,1,0,,1,,,544
152259,JG24.1_E-19,30,Sq. Yards,3194,280,3200,691,1,0,,1,,,544
152831,CD9_E-480,30,Sq. Yards,3213,299,3279,683,1,0,,1,,,544
153967,RK21.2_E-49,30,Sq. Yards,3205,291,3252,684,1,0,,1,,,544
157200,RW27.28.26PII_E-1626,30,Sq. Yards,3205,291,3252,698,1,0,,1,,,544
158043,RK5_E-233,30,Sq. Yards,3205,291,3252,702,1,0,,1,,,544
158154,JG23_1491,30,Sq. Yards,3194,280,3200,697,1,0,,1,,,544
158229,RW27.28.26PII_E-195,30,Sq. Yards,3205,291,3252,695,1,0,,1,,,544
158797,RW19.2_E-6,30,Sq. Yards,3208,294,3264,692,1,0,,1,,,544
159647,RW36A_E-18,30,Sq. Yards,3205,291,3252,690,1,0,,1,,,544
159865,RK21.2_E-403,30,Sq. Yards,3205,291,3252,682,1,0,,1,,,544
161237,RW27.28.26PII_E-910,30,Sq. Yards,3205,291,3252,681,1,0,,1,,,544
161612,RW18.2-2857,30,Sq. Yards,3208,294,3264,693,1,0,,1,,,544
162273,RW18.2-3344,30,Sq. Yards,3208,294,3264,705,1,0,,1,,,544
162491,CD9_E-330,30,Sq. Yards,3213,299,3279,692,1,0,,1,,,544
162580,RW18.2-2899,30,Sq. Yards,3208,294,3264,695,1,0,,1,,,544
147548,KN9.32_E-127,30,Sq. Yards,3197,283,3215,700,1,0,,1,,,544
147848,JG23_1082,30,Sq. Yards,3194,280,3200,696,1,0,,1,,,544
148248,FD9_E-68,30,Sq. Yards,3201,287,3233,695,1,0,,1,,,544
151183,CD9_E-411,30,Sq. Yards,3213,299,3279,693,1,0,,1,,,544
151819,SSPIII20_E-537,30,Sq. Yards,3202,288,3238,688,1,0,,1,,,544
152117,RW27.28.26PII_E-114,30,Sq. Yards,3205,291,3252,698,1,0,,1,,,544
152194,KN9.32_E-21,30,Sq. Yards,3197,283,3215,691,1,0,,1,,,544
152789,JG23_1032,30,Sq. Yards,3194,280,3200,698,1,0,,1,,,544
152796,PJ28.2_E-44,30,Sq. Yards,3192,278,3193,1079,1,0,,1,,,544
153055,SSPIII20_E-350,30,Sq. Yards,3202,288,3238,697,1,0,,1,,,544
153128,JG23_565,30,Sq. Yards,3194,280,3200,685,1,0,,1,,,544
153355,GO16_E-124,30,Sq. Yards,3199,285,3221,694,1,0,,1,,,544
153389,JG23_731,30,Sq. Yards,3194,280,3200,697,1,0,,1,,,544
153632,JG23_1792,30,Sq. Yards,3194,280,3200,686,1,0,,1,,,544
154089,SD8_E-168,30,Sq. Yards,3200,286,3230,688,1,0,,1,,,544
154400,MG9.10.3_E-182,30,Sq. Yards,3207,293,3259,681,1,0,,1,,,544
154893,PWAP_E-429,30,Sq. Yards,3212,298,3276,709,1,0,,1,,,544
154934,PW21_27,30,Sq. Yards,3212,298,3276,707,1,0,,1,,,544
156406,JG23_378,30,Sq. Yards,3194,280,3200,683,1,0,,1,,,544
158403,RW27.28.26PII_E-1608,30,Sq. Yards,3205,291,3252,686,1,0,,1,,,544
160116,PWAP_E-185,30,Sq. Yards,3212,298,3276,684,1,0,,1,,,544
162250,KN32_8,30,Sq. Yards,3197,283,3215,687,1,0,,1,,,544
162467,RW18.2-3545,30,Sq. Yards,3208,294,3264,697,1,0,,1,,,544
148047,PJ28.3_E-34,30,Sq. Yards,3192,278,3193,692,1,0,,1,,,544
149784,PW21_378,30,Sq. Yards,3212,298,3276,686,1,0,,1,,,544
150820,RW27.28.26PII_E-1588,30,Sq. Yards,3205,291,3252,684,1,0,,1,,,544
153110,PWAP_E-35,30,Sq. Yards,3212,298,3276,706,1,0,,1,,,544
153645,PJ28.3_E-21,30,Sq. Yards,3192,278,3193,691,1,0,,1,,,544
154077,PJ28.2_E-67,30,Sq. Yards,3192,278,3193,944,1,0,,1,,,544
154464,RK21.2_E-485,30,Sq. Yards,3205,291,3252,684,1,0,,1,,,544
154628,RW27.28.26PII_E-1693,30,Sq. Yards,3205,291,3252,692,1,0,,1,,,544
155199,JG23_507,30,Sq. Yards,3194,280,3200,682,1,0,,1,,,544
155614,RW27.28.26PII_E-991,30,Sq. Yards,3205,291,3252,701,1,0,,1,,,544
156017,FD9_E-85,30,Sq. Yards,3201,287,3233,688,1,0,,1,,,544
156300,JG23_2101,30,Sq. Yards,3194,280,3200,684,1,0,,1,,,544
156518,JG23_1424,30,Sq. Yards,3194,280,3200,695,1,0,,1,,,544
156786,PW21_366,30,Sq. Yards,3212,298,3276,696,1,0,,1,,,544
157086,RW27.28.26PII_E-1288,30,Sq. Yards,3205,291,3252,684,1,0,,1,,,544
157136,RW18.2-2787,30,Sq. Yards,3208,294,3264,681,1,0,,1,,,544
158994,RW18.2-3768,30,Sq. Yards,3208,294,3264,687,1,0,,1,,,544
159611,CD1B_E-115,30,Sq. Yards,3213,299,3279,683,1,0,,1,,,544
160730,RW27.28.26PII_E-683,30,Sq. Yards,3205,291,3252,686,1,0,,1,,,544
161197,JR9PII_E-183,30,Sq. Yards,3206,292,3257,683,1,0,,1,,,544
161248,GO13.14_27,30,Sq. Yards,3199,285,3221,684,1,0,,1,,,544
161433,JG23_1339,30,Sq. Yards,3194,280,3200,687,1,0,,1,,,544
162520,RW27.28.26PII_E-1681,30,Sq. Yards,3205,291,3252,683,1,0,,1,,,544
147511,RW27.28.26PII_E-1012,30,Sq. Yards,3205,291,3252,691,1,0,,1,,,544
147843,RW27.28.26PII_E-70,30,Sq. Yards,3205,291,3252,692,1,0,,1,,,544
148111,JR6_E-56,30,Sq. Yards,3206,292,3257,698,1,0,,1,,,544
148498,PW21_1017,30,Sq. Yards,3212,298,3276,689,1,0,,1,,,544
148548,JG23_1029,30,Sq. Yards,3194,280,3200,695,1,0,,1,,,544
148816,RW27.28.26PII_E-1380,30,Sq. Yards,3205,291,3252,686,1,0,,1,,,544
150270,SSPIII20_E-257,30,Sq. Yards,3202,288,3238,707,1,0,,1,,,544
150319,RW27.28.26PII_E-188,30,Sq. Yards,3205,291,3252,686,1,0,,1,,,544
151470,SSPIII20_E-815,30,Sq. Yards,3202,288,3238,689,1,0,,1,,,544
152392,RK21.2_E-549,30,Sq. Yards,3205,291,3252,684,1,0,,1,,,544
152674,PW21_723,30,Sq. Yards,3212,298,3276,710,1,0,,1,,,544
153810,RW18.2-2007,30,Sq. Yards,3208,294,3264,708,1,0,,1,,,544
156486,PW21_1126,30,Sq. Yards,3212,298,3276,705,1,0,,1,,,544
156503,JG23_612,30,Sq. Yards,3194,280,3200,686,1,0,,1,,,544
156517,RK5_E-140,30,Sq. Yards,3205,291,3252,701,1,0,,1,,,544
157472,RW27.28.26PII_E-1226,30,Sq. Yards,3205,291,3252,690,1,0,,1,,,544
157871,JG23_1109,30,Sq. Yards,3194,280,3200,691,1,0,,1,,,544
158826,PJ28.1_E-94,30,Sq. Yards,3192,278,3193,974,1,0,,1,,,544
158890,JG23_1139,30,Sq. Yards,3194,280,3200,690,1,0,,1,,,544
159711,GO16_E-210,30,Sq. Yards,3199,285,3221,695,1,0,,1,,,544
160729,RW18.2-2503,30,Sq. Yards,3208,294,3264,691,1,0,,1,,,544
161216,CD9_E-457,30,Sq. Yards,3213,299,3279,686,1,0,,1,,,544
161533,JG22.2_E-590,30,Sq. Yards,3194,280,3200,697,1,0,,1,,,544
147711,RW18.2-3159,30,Sq. Yards,3208,294,3264,684,1,0,,1,,,544
148429,GO16_E-342,30,Sq. Yards,3199,285,3221,693,1,0,,1,,,544
151737,KN32_307,30,Sq. Yards,3197,283,3215,684,1,0,,1,,,544
152960,SSPIII20_E-784,30,Sq. Yards,3202,288,3238,701,1,0,,1,,,544
153928,PW21_712,30,Sq. Yards,3212,298,3276,702,1,0,,1,,,544
153945,JG23_1468,30,Sq. Yards,3194,280,3200,685,1,0,,1,,,544
154010,PJ28.1_E-176,30,Sq. Yards,3192,278,3193,704,1,0,,1,,,544
154214,RK5_E-249,30,Sq. Yards,3205,291,3252,683,1,0,,1,,,544
154295,MG9.10.3_E-326,30,Sq. Yards,3207,293,3259,689,1,0,,1,,,544
155314,SSPIII20_E-756,30,Sq. Yards,3202,288,3238,761,1,0,,1,,,544
155799,RK21.2_E-139,30,Sq. Yards,3205,291,3252,681,1,0,,1,,,544
156267,PW21_1103,30,Sq. Yards,3212,298,3276,698,1,0,,1,,,544
156885,RW36A_E-85,30,Sq. Yards,3205,291,3252,686,1,0,,1,,,544
156953,CD9_E-284,30,Sq. Yards,3213,299,3279,687,1,0,,1,,,544
157654,RW18.2-2834,30,Sq. Yards,3208,294,3264,692,1,0,,1,,,544
158589,PW21_1149,30,Sq. Yards,3212,298,3276,685,1,0,,1,,,544
160206,SSPIII20_E-25,30,Sq. Yards,3202,288,3238,691,1,0,,1,,,544
161378,RW27.28.26PII_E-779,30,Sq. Yards,3205,291,3252,681,1,0,,1,,,544
162432,PW21_704,30,Sq. Yards,3212,298,3276,709,1,0,,1,,,544
147736,PWAP_E-145,30,Sq. Yards,3212,298,3276,700,1,0,,1,,,544
148021,RW18.2-2506,30,Sq. Yards,3208,294,3264,693,1,0,,1,,,544
149023,SSPIII20_E-365,30,Sq. Yards,3202,288,3238,866,1,0,,1,,,544
149155,PW21_652,30,Sq. Yards,3212,298,3276,898,1,0,,1,,,544
149625,FD9_E-116,30,Sq. Yards,3201,287,3233,691,1,0,,1,,,544
149910,JG23_2212,30,Sq. Yards,3194,280,3200,681,1,0,,1,,,544
150191,GO16_E-325,30,Sq. Yards,3199,285,3221,692,1,0,,1,,,544
151112,RW27.28.26PII_E-699,30,Sq. Yards,3205,291,3252,690,1,0,,1,,,544
152267,SSPIII20_E-678,30,Sq. Yards,3202,288,3238,704,1,0,,1,,,544
152399,GO16_E-50,30,Sq. Yards,3199,285,3221,686,1,0,,1,,,544
152414,RW27.28.26PII_E-935,30,Sq. Yards,3205,291,3252,777,1,0,,1,,,544
152599,RW36A_E-102,30,Sq. Yards,3205,291,3252,690,1,0,,1,,,544
153218,RW18.2-3443,30,Sq. Yards,3208,294,3264,710,1,0,,1,,,544
153269,RW19.1_E-7,30,Sq. Yards,3208,294,3264,692,1,0,,1,,,544
153301,RW18.2-2588,30,Sq. Yards,3208,294,3264,688,1,0,,1,,,544
153333,JG22.2_E-494,30,Sq. Yards,3194,280,3200,682,1,0,,1,,,544
153637,PJ28.1_E-127,30,Sq. Yards,3192,278,3193,935,1,0,,1,,,544
154054,CD9_E-323,30,Sq. Yards,3213,299,3279,694,1,0,,1,,,544
154471,SSPIII20_E-782,30,Sq. Yards,3202,288,3238,688,1,0,,1,,,544
154724,PW21_796,30,Sq. Yards,3212,298,3276,706,1,0,,1,,,544
155290,PJ28.2_E-34,30,Sq. Yards,3192,278,3193,944,1,0,,1,,,544
155773,RW27.28.26PII_E-831,30,Sq. Yards,3205,291,3252,690,1,0,,1,,,544
156930,JG22.2_E-12,30,Sq. Yards,3194,280,3200,702,1,0,,1,,,544
157164,CD9_E-510,30,Sq. Yards,3213,299,3279,695,1,0,,1,,,544
157396,RK21.2_E-340,30,Sq. Yards,3205,291,3252,689,1,0,,1,,,544
157630,JG23_531,30,Sq. Yards,3194,280,3200,1047,1,0,,1,,,544
157730,PW21_522,30,Sq. Yards,3212,298,3276,683,1,0,,1,,,544
157849,RW27.28.26PII_E-299,30,Sq. Yards,3205,291,3252,686,1,0,,1,,,544
158800,JG22.2_E-440,30,Sq. Yards,3194,280,3200,681,1,0,,1,,,544
159953,KN32_20,30,Sq. Yards,3197,283,3215,692,1,0,,1,,,544
160553,PW21_523,30,Sq. Yards,3212,298,3276,708,1,0,,1,,,544
160555,JG23_371,30,Sq. Yards,3194,280,3200,688,1,0,,1,,,544
160940,JG23_660,30,Sq. Yards,3194,280,3200,682,1,0,,1,,,544
162476,RW27.28.26PII_E-647,30,Sq. Yards,3205,291,3252,698,1,0,,1,,,544
162544,RW18.2-3736,30,Sq. Yards,3208,294,3264,689,1,0,,1,,,544
150699,JG23_1496,30,Sq. Yards,3194,280,3200,690,1,0,,1,,,544
151365,KN32_16,30,Sq. Yards,3197,283,3215,683,1,0,,1,,,544
151410,FD9_E-52,30,Sq. Yards,3201,287,3233,692,1,0,,1,,,544
151601,SSPIII20_E-24,30,Sq. Yards,3202,288,3238,705,1,0,,1,,,544
152246,RK21.2_E-274,30,Sq. Yards,3205,291,3252,684,1,0,,1,,,544
152412,SD8_E-87,30,Sq. Yards,3200,286,3230,685,1,0,,1,,,544
152805,SSPIII20_E-230,30,Sq. Yards,3202,288,3238,711,1,0,,1,,,544
153148,JAJ_E-19,30,Sq. Yards,3200,286,3229,693,1,0,,1,,,544
153916,GO13.14_159,30,Sq. Yards,3199,285,3221,681,1,0,,1,,,544
153948,RW27.28.26PII_E-402,30,Sq. Yards,3205,291,3252,702,1,0,,1,,,544
154716,CD9_E-98,30,Sq. Yards,3213,299,3279,699,1,0,,1,,,544
154984,RW27.28.26PII_E-1063,30,Sq. Yards,3205,291,3252,701,1,0,,1,,,544
155781,RW27.28.26PII_E-1561,30,Sq. Yards,3205,291,3252,682,1,0,,1,,,544
156045,JG23_2088,30,Sq. Yards,3194,280,3200,682,1,0,,1,,,544
159287,RK5_E-207,30,Sq. Yards,3205,291,3252,682,1,0,,1,,,544
159457,PJ28.1_E-162,30,Sq. Yards,3192,278,3193,944,1,0,,1,,,544
159466,JR6_E-311,30,Sq. Yards,3206,292,3257,688,1,0,,1,,,544
160466,RK5_E-59,30,Sq. Yards,3205,291,3252,700,1,0,,1,,,544
160836,KN9.32_E-77,30,Sq. Yards,3197,283,3215,699,1,0,,1,,,544
161438,JG23_668,30,Sq. Yards,3194,280,3200,690,1,0,,1,,,544
161702,SSPIII20_E-787,30,Sq. Yards,3202,288,3238,689,1,0,,1,,,544
161761,PJ28.1_E-184,30,Sq. Yards,3192,278,3193,913,1,0,,1,,,544
161861,PJ28.1_E-28,30,Sq. Yards,3192,278,3193,704,1,0,,1,,,544
148114,JG23_878,30,Sq. Yards,3194,280,3200,685,1,0,,1,,,544
148714,RW18.2-3379,30,Sq. Yards,3208,294,3264,693,1,0,,1,,,544
149032,KN32_153,30,Sq. Yards,3197,283,3215,694,1,0,,1,,,544
154564,PW21_159,30,Sq. Yards,3212,298,3276,689,1,0,,1,,,544
155132,RK21.2_E-399,30,Sq. Yards,3205,291,3252,686,1,0,,1,,,544
156654,RW18.2-3536,30,Sq. Yards,3208,294,3264,686,1,0,,1,,,544
157121,PJ28.3_E-85,30,Sq. Yards,3192,278,3193,703,1,0,,1,,,544
158439,RW18.2-3752,30,Sq. Yards,3208,294,3264,681,1,0,,1,,,544
159625,RK5_E-247,30,Sq. Yards,3205,291,3252,701,1,0,,1,,,544
160262,KN32_286,30,Sq. Yards,3197,283,3215,683,1,0,,1,,,544
160880,KN32_44,30,Sq. Yards,3197,283,3215,694,1,0,,1,,,544
160930,JG23_1558,30,Sq. Yards,3194,280,3200,695,1,0,,1,,,544
161484,GO16_E-238,30,Sq. Yards,3199,285,3221,697,1,0,,1,,,544
161734,RW27.28.26PII_E-145,30,Sq. Yards,3205,291,3252,681,1,0,,1,,,544
162233,RW36A_E-250,30,Sq. Yards,3205,291,3252,688,1,0,,1,,,544
162651,RW19.2_E-29,30,Sq. Yards,3208,294,3264,698,1,0,,1,,,544
147944,KN32_62,30,Sq. Yards,3197,283,3215,681,1,0,,1,,,544
148261,GO13.14_12,30,Sq. Yards,3199,285,3221,685,1,0,,1,,,544
148280,RW18.2-2616,30,Sq. Yards,3208,294,3264,692,1,0,,1,,,544
149115,CD1B_E-37,30,Sq. Yards,3213,299,3279,681,1,0,,1,,,544
149347,JG22.2_E-362,30,Sq. Yards,3194,280,3200,683,1,0,,1,,,544
149501,PW21_282,30,Sq. Yards,3212,298,3276,706,1,0,,1,,,544
150220,KN32_71,30,Sq. Yards,3197,283,3215,692,1,0,,1,,,544
150584,JG23_1329,30,Sq. Yards,3194,280,3200,684,1,0,,1,,,544
151188,CD9_E-341,30,Sq. Yards,3213,299,3279,681,1,0,,1,,,544
151205,PWAP_E-51,30,Sq. Yards,3212,298,3276,710,1,0,,1,,,544
152659,PWAP_E-153,30,Sq. Yards,3212,298,3276,682,1,0,,1,,,544
152791,PW21_195,30,Sq. Yards,3212,298,3276,759,1,0,,1,,,544
152859,MG9.10.3_E-89,30,Sq. Yards,3207,293,3259,693,1,0,,1,,,544
153377,JAJ_E-58,30,Sq. Yards,3200,286,3229,692,1,0,,1,,,544
153759,RW18.2-2940,30,Sq. Yards,3208,294,3264,684,1,0,,1,,,544
154296,JG23_1141,30,Sq. Yards,3194,280,3200,686,1,0,,1,,,544
154831,RK21.2_E-446,30,Sq. Yards,3205,291,3252,695,1,0,,1,,,544
155100,JG22.2_E-245,30,Sq. Yards,3194,280,3200,699,1,0,,1,,,544
155382,RW18.2-2479,30,Sq. Yards,3208,294,3264,697,1,0,,1,,,544
155399,PWAP_E-246,30,Sq. Yards,3212,298,3276,704,1,0,,1,,,544
155899,GO16_E-98,30,Sq. Yards,3199,285,3221,686,1,0,,1,,,544
157304,JG23_1535,30,Sq. Yards,3194,280,3200,701,1,0,,1,,,544
158857,PWAP_E-2,30,Sq. Yards,3212,298,3276,696,1,0,,1,,,544
159494,RW27.28.26PII_E-783,30,Sq. Yards,3205,291,3252,681,1,0,,1,,,544
159794,RW36A_E-211,30,Sq. Yards,3205,291,3252,689,1,0,,1,,,544
161416,PJ28.3_E-112,30,Sq. Yards,3192,278,3193,940,1,0,,1,,,544
161483,RK5_E-359,30,Sq. Yards,3205,291,3252,702,1,0,,1,,,544
161498,RW18.2-3503,30,Sq. Yards,3208,294,3264,704,1,0,,1,,,544
162483,PW21_102,30,Sq. Yards,3212,298,3276,687,1,0,,1,,,544
148754,RW19.1_E-4,30,Sq. Yards,3208,294,3264,707,1,0,,1,,,544
148841,PW21_273,30,Sq. Yards,3212,298,3276,686,1,0,,1,,,544
149422,GO13.14_103,30,Sq. Yards,3199,285,3221,699,1,0,,1,,,544
149909,PW21_186,30,Sq. Yards,3212,298,3276,706,1,0,,1,,,544
150111,CD1B_E-124,30,Sq. Yards,3213,299,3279,682,1,0,,1,,,544
150394,PWAP_E-339,30,Sq. Yards,3212,298,3276,694,1,0,,1,,,544
150696,PJ28.2_E-81,30,Sq. Yards,3192,278,3193,683,1,0,,1,,,544
150928,MG9.10.3_E-208,30,Sq. Yards,3207,293,3259,686,1,0,,1,,,544
151179,RW27.28.26PII_E-1290,30,Sq. Yards,3205,291,3252,702,1,0,,1,,,544
151311,JG23_1037,30,Sq. Yards,3194,280,3200,699,1,0,,1,,,544
151764,PW21_199,30,Sq. Yards,3212,298,3276,689,1,0,,1,,,544
152749,JG23_2233,30,Sq. Yards,3194,280,3200,682,1,0,,1,,,544
153068,JG23_614,30,Sq. Yards,3194,280,3200,681,1,0,,1,,,544
153219,RW36A_E-234,30,Sq. Yards,3205,291,3252,682,1,0,,1,,,544
154336,RW18.2-3105,30,Sq. Yards,3208,294,3264,685,1,0,,1,,,544
154687,JG23_1047,30,Sq. Yards,3194,280,3200,1019,1,0,,1,,,544
155891,SSPIII20_E-715,30,Sq. Yards,3202,288,3238,687,1,0,,1,,,544
157446,RW27.28.26PII_E-276,30,Sq. Yards,3205,291,3252,688,1,0,,1,,,544
158016,PW21_284,30,Sq. Yards,3212,298,3276,696,1,0,,1,,,544
158116,RW18.2-2148,30,Sq. Yards,3208,294,3264,689,1,0,,1,,,544
158367,JG22.2_E-201,30,Sq. Yards,3194,280,3200,681,1,0,,1,,,544
158484,PW21_896,30,Sq. Yards,3212,298,3276,774,1,0,,1,,,544
158735,JG22.1_E-38,30,Sq. Yards,3194,280,3200,696,1,0,,1,,,544
148229,JG22.2_E-741,30,Sq. Yards,3194,280,3200,692,1,0,,1,,,544
148779,JG22.1_E-115,30,Sq. Yards,3194,280,3200,690,1,0,,1,,,544
149280,RK21.2_E-171,30,Sq. Yards,3205,291,3252,681,1,0,,1,,,544
150284,JR6_E-133,30,Sq. Yards,3206,292,3257,695,1,0,,1,,,544
150788,JG23_2266,30,Sq. Yards,3194,280,3200,700,1,0,,1,,,544
151588,RW18.2-2118,30,Sq. Yards,3208,294,3264,695,1,0,,1,,,544
151637,JG22.2_E-475,30,Sq. Yards,3194,280,3200,681,1,0,,1,,,544
152741,FD9_E-29,30,Sq. Yards,3201,287,3233,691,1,0,,1,,,544
153509,SSPIII20_E-342,30,Sq. Yards,3202,288,3238,863,1,0,,1,,,544
156200,RK5_E-101,30,Sq. Yards,3205,291,3252,689,1,0,,1,,,544
156821,JG22.2_E-401,30,Sq. Yards,3194,280,3200,701,1,0,,1,,,544
157590,RW36A_E-107,30,Sq. Yards,3205,291,3252,695,1,0,,1,,,544
158625,JG23_698,30,Sq. Yards,3194,280,3200,699,1,0,,1,,,544
159094,JR9PII_E-127,30,Sq. Yards,3206,292,3257,682,1,0,,1,,,544
160043,JG23_538,30,Sq. Yards,3194,280,3200,701,1,0,,1,,,544
160247,CD1B_E-112,30,Sq. Yards,3213,299,3279,690,1,0,,1,,,544
160947,SSPIII20_E-643,30,Sq. Yards,3202,288,3238,681,1,0,,1,,,544
161166,MG9.10.3_E-265,30,Sq. Yards,3207,293,3259,693,1,0,,1,,,544
161180,SSPIII20_E-531,30,Sq. Yards,3202,288,3238,703,1,0,,1,,,544
162619,JG24.2_E-83,30,Sq. Yards,3194,280,3200,690,1,0,,1,,,544
147962,GO16_E-88,30,Sq. Yards,3199,285,3221,703,1,0,,1,,,544
148898,GO16_E-54,30,Sq. Yards,3199,285,3221,682,1,0,,1,,,544
149265,CD9_E-71,30,Sq. Yards,3213,299,3279,688,1,0,,1,,,544
149601,FD9_E-133,30,Sq. Yards,3201,287,3233,700,1,0,,1,,,544
150519,RW27.28.26PII_E-165,30,Sq. Yards,3205,291,3252,681,1,0,,1,,,544
150551,JG23_521,30,Sq. Yards,3194,280,3200,681,1,0,,1,,,544
151069,SSPIII20_E-347,30,Sq. Yards,3202,288,3238,703,1,0,,1,,,544
151105,RW36A_E-69,30,Sq. Yards,3205,291,3252,700,1,0,,1,,,544
151306,JG23_1899,30,Sq. Yards,3194,280,3200,686,1,0,,1,,,544
152541,RW27.28.26PII_E-1137,30,Sq. Yards,3205,291,3252,685,1,0,,1,,,544
153092,RW18.2-2064,30,Sq. Yards,3208,294,3264,687,1,0,,1,,,544
153228,JR9_E-67,30,Sq. Yards,3206,292,3257,684,1,0,,1,,,544
154127,SD8_E-113,30,Sq. Yards,3200,286,3230,687,1,0,,1,,,544
154246,KN9.32_E-72,30,Sq. Yards,3197,283,3215,694,1,0,,1,,,544
154563,RK21.2_E-609,30,Sq. Yards,3205,291,3252,690,1,0,,1,,,544
154813,JAJ_E-45,30,Sq. Yards,3200,286,3229,682,1,0,,1,,,544
154896,PW21_716,30,Sq. Yards,3212,298,3276,707,1,0,,1,,,544
155213,RK5_E-7,30,Sq. Yards,3205,291,3252,695,1,0,,1,,,544
155564,RW27.28.26PII_E-1044,30,Sq. Yards,3205,291,3252,685,1,0,,1,,,544
155900,JG23_809,30,Sq. Yards,3194,280,3200,686,1,0,,1,,,544
156068,RW27.28.26PII_E-1461,30,Sq. Yards,3205,291,3252,685,1,0,,1,,,544
156099,RW27.28.26PII_E-1330,30,Sq. Yards,3205,291,3252,686,1,0,,1,,,544
156736,RW18.2-2862,30,Sq. Yards,3208,294,3264,705,1,0,,1,,,544
157154,JR9PII_E-106,30,Sq. Yards,3206,292,3257,681,1,0,,1,,,544
157171,JG24.2_E-63,30,Sq. Yards,3194,280,3200,693,1,0,,1,,,544
157622,JG23_1492,30,Sq. Yards,3194,280,3200,681,1,0,,1,,,544
158158,JR9PII_E-138,30,Sq. Yards,3206,292,3257,692,1,0,,1,,,544
158908,RW27.28.26PII_E-565,30,Sq. Yards,3205,291,3252,701,1,0,,1,,,544
159026,KN32_343,30,Sq. Yards,3197,283,3215,681,1,0,,1,,,544
159394,PWAP_E-32,30,Sq. Yards,3212,298,3276,768,1,0,,1,,,544
159526,JG23_1680,30,Sq. Yards,3194,280,3200,682,1,0,,1,,,544
160797,MG9.10.3_E-230,30,Sq. Yards,3207,293,3259,693,1,0,,1,,,544
161397,JG23_479,30,Sq. Yards,3194,280,3200,681,1,0,,1,,,544
147961,RW27.28.26PII_E-380,30,Sq. Yards,3205,291,3252,683,1,0,,1,,,544
148061,JG22.2_E-36,30,Sq. Yards,3194,280,3200,682,1,0,,1,,,544
148279,RW27.28.26PII_E-863,30,Sq. Yards,3205,291,3252,686,1,0,,1,,,544
148933,JG23_1771,30,Sq. Yards,3194,280,3200,689,1,0,,1,,,544
149016,KN32_263,30,Sq. Yards,3197,283,3215,975,1,0,,1,,,544
149147,RK21.2_E-539,30,Sq. Yards,3205,291,3252,691,1,0,,1,,,544
150770,RW18.2-2063,30,Sq. Yards,3208,294,3264,710,1,0,,1,,,544
151923,JG23_416,30,Sq. Yards,3194,280,3200,702,1,0,,1,,,544
152359,KN9.32_E-55,30,Sq. Yards,3197,283,3215,694,1,0,,1,,,544
152656,JG22.2_E-561,30,Sq. Yards,3194,280,3200,694,1,0,,1,,,544
152660,RW18.2-2171,30,Sq. Yards,3208,294,3264,692,1,0,,1,,,544
160760,PW21_278,30,Sq. Yards,3212,298,3276,684,1,0,,1,,,544
162153,JG23_1712,30,Sq. Yards,3194,280,3200,681,1,0,,1,,,544
147697,PW21_1081,30,Sq. Yards,3212,298,3276,688,1,0,,1,,,544
149362,SSPIII20_E-138,30,Sq. Yards,3202,288,3238,694,1,0,,1,,,544
149719,PW21_111,30,Sq. Yards,3212,298,3276,685,1,0,,1,,,544
149955,MG9.10.2_E-20,30,Sq. Yards,3207,293,3259,693,1,0,,1,,,544
150448,RW19.2_E-31,30,Sq. Yards,3208,294,3264,692,1,0,,1,,,544
150541,KN9.32_E-60,30,Sq. Yards,3197,283,3215,695,1,0,,1,,,544
151666,RW27.28.26PII_E-1488,30,Sq. Yards,3205,291,3252,692,1,0,,1,,,544
152238,JR6_E-196,30,Sq. Yards,3206,292,3257,692,1,0,,1,,,544
152277,RW18.1_E-46,30,Sq. Yards,3208,294,3264,693,1,0,,1,,,544
153924,RW18.2-3481,30,Sq. Yards,3208,294,3264,685,1,0,,1,,,544
154710,RW18.2-2885,30,Sq. Yards,3208,294,3264,684,1,0,,1,,,544
154953,JR6_E-86,30,Sq. Yards,3206,292,3257,696,1,0,,1,,,544
155210,JG23_1320,30,Sq. Yards,3194,280,3200,690,1,0,,1,,,544
155260,RW18.2-3111,30,Sq. Yards,3208,294,3264,707,1,0,,1,,,544
155360,JR6_E-473,30,Sq. Yards,3206,292,3257,695,1,0,,1,,,544
157089,KN32_207,30,Sq. Yards,3197,283,3215,694,1,0,,1,,,544
157218,JG23_485,30,Sq. Yards,3194,280,3200,699,1,0,,1,,,544
157268,RW27.28.26PII_E-89,30,Sq. Yards,3205,291,3252,700,1,0,,1,,,544
159665,PJ28.2_E-4,30,Sq. Yards,3192,278,3193,940,1,0,,1,,,544
159822,JG22.2_E-773,30,Sq. Yards,3194,280,3200,686,1,0,,1,,,544
160101,JR6_E-123,30,Sq. Yards,3206,292,3257,693,1,0,,1,,,544
160251,KN32_278,30,Sq. Yards,3197,283,3215,700,1,0,,1,,,544
160433,MG9.10.3_E-130,30,Sq. Yards,3207,293,3259,683,1,0,,1,,,544
161605,SSPIII20_E-71,30,Sq. Yards,3202,288,3238,693,1,0,,1,,,544
162237,RW18.2-3499,30,Sq. Yards,3208,294,3264,690,1,0,,1,,,544
162598,PWAP_E-23,30,Sq. Yards,3212,298,3276,700,1,0,,1,,,544
149543,RW27.28.26PII_E-1028,30,Sq. Yards,3205,291,3252,686,1,0,,1,,,544
149773,RW19.1_E-62,30,Sq. Yards,3208,294,3264,691,1,0,,1,,,544
150077,JG22.1_E-24,30,Sq. Yards,3194,280,3200,685,1,0,,1,,,544
151211,RW27.28.26PII_E-269,30,Sq. Yards,3205,291,3252,681,1,0,,1,,,544
151949,JG22.2_E-717,30,Sq. Yards,3194,280,3200,682,1,0,,1,,,544
151996,JG23_2258,30,Sq. Yards,3194,280,3200,686,1,0,,1,,,544
152217,PW21_719,30,Sq. Yards,3212,298,3276,704,1,0,,1,,,544
154021,JG23_1105,30,Sq. Yards,3194,280,3200,682,1,0,,1,,,544
154036,RW18.2-2122,30,Sq. Yards,3208,294,3264,698,1,0,,1,,,544
154070,KN9.32_E-129,30,Sq. Yards,3197,283,3215,681,1,0,,1,,,544
154887,PW21_915,30,Sq. Yards,3212,298,3276,683,1,0,,1,,,544
154891,RW27.28.26PII_E-723,30,Sq. Yards,3205,291,3252,686,1,0,,1,,,544
155472,RK21.2_E-580,30,Sq. Yards,3205,291,3252,700,1,0,,1,,,544
156676,SSPIII20_E-205,30,Sq. Yards,3202,288,3238,683,1,0,,1,,,544
157765,MG9.10.3_E-370,30,Sq. Yards,3207,293,3259,692,1,0,,1,,,544
158099,RW27.28.26PII_E-835,30,Sq. Yards,3205,291,3252,690,1,0,,1,,,544
158665,RW27.28.26PII_E-1663,30,Sq. Yards,3205,291,3252,687,1,0,,1,,,544
160220,JG23_394,30,Sq. Yards,3194,280,3200,698,1,0,,1,,,544
160239,JAJ_E-17,30,Sq. Yards,3200,286,3229,690,1,0,,1,,,544
160756,SSPIII20_E-792,30,Sq. Yards,3202,288,3238,863,1,0,,1,,,544
161290,JR9_E-36,30,Sq. Yards,3206,292,3257,692,1,0,,1,,,544
161841,RW18.2-3533,30,Sq. Yards,3208,294,3264,707,1,0,,1,,,544
162460,PW21_602,30,Sq. Yards,3212,298,3276,688,1,0,,1,,,544
152291,RW27.28.26PII_E-279,30,Sq. Yards,3205,291,3252,684,1,0,,1,,,544
152342,PW21_206,30,Sq. Yards,3212,298,3276,697,1,0,,1,,,544
152473,GO13.14_124,30,Sq. Yards,3199,285,3221,684,1,0,,1,,,544
154763,MG9.10.3_E-180,30,Sq. Yards,3207,293,3259,683,1,0,,1,,,544
155514,JG24.2_E-52,30,Sq. Yards,3194,280,3200,684,1,0,,1,,,544
155567,RW19.1_E-55,30,Sq. Yards,3208,294,3264,687,1,0,,1,,,544
156253,PW21_701,30,Sq. Yards,3212,298,3276,682,1,0,,1,,,544
156653,GO16_E-32,30,Sq. Yards,3199,285,3221,696,1,0,,1,,,544
157135,JG22.2_E-560,30,Sq. Yards,3194,280,3200,692,1,0,,1,,,544
158222,SSPIII20_E-517,30,Sq. Yards,3202,288,3238,695,1,0,,1,,,544
159726,RK21.2_E-218,30,Sq. Yards,3205,291,3252,702,1,0,,1,,,544
159762,RW27.28.26PII_E-1092,30,Sq. Yards,3205,291,3252,690,1,0,,1,,,544
160012,RW27.28.26PII_E-156,30,Sq. Yards,3205,291,3252,684,1,0,,1,,,544
147644,PW21_767,30,Sq. Yards,3212,298,3276,696,1,0,,1,,,544
147693,JG22.2_E-27,30,Sq. Yards,3194,280,3200,683,1,0,,1,,,544
147793,JG23_1707,30,Sq. Yards,3194,280,3200,681,1,0,,1,,,544
148447,RW18.1_E-154,30,Sq. Yards,3208,294,3264,689,1,0,,1,,,544
148829,JG22.2_E-771,30,Sq. Yards,3194,280,3200,702,1,0,,1,,,544
150001,GO13.14_126,30,Sq. Yards,3199,285,3221,703,1,0,,1,,,544
150066,JG22.2_E-212,30,Sq. Yards,3194,280,3200,697,1,0,,1,,,544
152191,RK5_E-16,30,Sq. Yards,3205,291,3252,697,1,0,,1,,,544
154063,RW27.28.26PII_E-80,30,Sq. Yards,3205,291,3252,687,1,0,,1,,,544
155417,CD1B_E-15,30,Sq. Yards,3213,299,3279,692,1,0,,1,,,544
155667,RW36A_E-282,30,Sq. Yards,3205,291,3252,686,1,0,,1,,,544
155985,RW27.28.26PII_E-529,30,Sq. Yards,3205,291,3252,686,1,0,,1,,,544
156185,GO16_E-36,30,Sq. Yards,3199,285,3221,681,1,0,,1,,,544
157471,GO16_E-62,30,Sq. Yards,3199,285,3221,702,1,0,,1,,,544
158225,SSPIII20_E-153,30,Sq. Yards,3202,288,3238,701,1,0,,1,,,544
158590,RW18.2-3446,30,Sq. Yards,3208,294,3264,685,1,0,,1,,,544
159393,MG9.10.3_E-340,30,Sq. Yards,3207,293,3259,690,1,0,,1,,,544
159508,RW18.2-2361,30,Sq. Yards,3208,294,3264,681,1,0,,1,,,544
160380,JG23_336,30,Sq. Yards,3194,280,3200,697,1,0,,1,,,544
160397,CD9_E-283,30,Sq. Yards,3213,299,3279,682,1,0,,1,,,544
161097,PW21_822,30,Sq. Yards,3212,298,3276,709,1,0,,1,,,544
161833,RW27.28.26PII_E-758,30,Sq. Yards,3205,291,3252,695,1,0,,1,,,544
162169,JG23_1113,30,Sq. Yards,3194,280,3200,690,1,0,,1,,,544
162383,JG23_1228,30,Sq. Yards,3194,280,3200,681,1,0,,1,,,544
162584,SSPIII20_E-841,30,Sq. Yards,3202,288,3238,691,1,0,,1,,,544
150409,JG23_1753,30,Sq. Yards,3194,280,3200,700,1,0,,1,,,544
150930,SSPIII20_E-802,30,Sq. Yards,3202,288,3238,689,1,0,,1,,,544
150945,PW21_210,30,Sq. Yards,3212,298,3276,684,1,0,,1,,,544
150960,CD9_E-114,30,Sq. Yards,3213,299,3279,691,1,0,,1,,,544
151130,CD9_E-87,30,Sq. Yards,3213,299,3279,700,1,0,,1,,,544
151645,RW18.2-3384,30,Sq. Yards,3208,294,3264,681,1,0,,1,,,544
152466,RW27.28.26PII_E-610,30,Sq. Yards,3205,291,3252,684,1,0,,1,,,544
154689,RW27.28.26PII_E-1533,30,Sq. Yards,3205,291,3252,686,1,0,,1,,,544
155723,RK21.2_E-115,30,Sq. Yards,3205,291,3252,681,1,0,,1,,,544
155993,CD1B_E-135,30,Sq. Yards,3213,299,3279,685,1,0,,1,,,544
156191,SSPIII20_E-479,30,Sq. Yards,3202,288,3238,705,1,0,,1,,,544
156963,MG9.10.3_E-1,30,Sq. Yards,3207,293,3259,687,1,0,,1,,,544
158282,RW18.2-2438,30,Sq. Yards,3208,294,3264,701,1,0,,1,,,544
158582,JG23_2226,30,Sq. Yards,3194,280,3200,697,1,0,,1,,,544
162309,RK5_E-336,30,Sq. Yards,3205,291,3252,685,1,0,,1,,,544
147757,RW27.28.26PII_E-1589,30,Sq. Yards,3205,291,3252,683,1,0,,1,,,544
148425,JR9_E-7,30,Sq. Yards,3206,292,3257,682,1,0,,1,,,544
149093,RW18.2-2294,30,Sq. Yards,3208,294,3264,687,1,0,,1,,,544
149370,CD1B_E-4,30,Sq. Yards,3213,299,3279,692,1,0,,1,,,544
149697,PW21_354,30,Sq. Yards,3212,298,3276,688,1,0,,1,,,544
149727,GO13.14_2,30,Sq. Yards,3199,285,3221,687,1,0,,1,,,544
149795,RW18.2-3698,30,Sq. Yards,3208,294,3264,686,1,0,,1,,,544
149906,RW27.28.26PII_E-1256,30,Sq. Yards,3205,291,3252,702,1,0,,1,,,544
150329,JG23_463,30,Sq. Yards,3194,280,3200,681,1,0,,1,,,544
150465,SSPIII20_E-295,30,Sq. Yards,3202,288,3238,683,1,0,,1,,,544
150906,RK5_E-110,30,Sq. Yards,3205,291,3252,695,1,0,,1,,,544
148979,RW27.28.26PII_E-1090,30,Sq. Yards,3205,291,3252,681,1,0,,1,,,544
150717,JAJ_E-57,30,Sq. Yards,3200,286,3229,684,1,0,,1,,,544
150849,PW21_316,30,Sq. Yards,3212,298,3276,688,1,0,,1,,,544
151126,JG23_1451,30,Sq. Yards,3194,280,3200,695,1,0,,1,,,544
151783,PW21_180,30,Sq. Yards,3212,298,3276,702,1,0,,1,,,544
151817,GO16_E-268,30,Sq. Yards,3199,285,3221,690,1,0,,1,,,544
152228,JG24.2_E-104,30,Sq. Yards,3194,280,3200,689,1,0,,1,,,544
153098,JG23_780,30,Sq. Yards,3194,280,3200,686,1,0,,1,,,544
153189,RK5_E-343,30,Sq. Yards,3205,291,3252,693,1,0,,1,,,544
153321,JR6_E-337,30,Sq. Yards,3206,292,3257,685,1,0,,1,,,544
153664,JR6_E-201,30,Sq. Yards,3206,292,3257,697,1,0,,1,,,544
153798,JG23_535,30,Sq. Yards,3194,280,3200,699,1,0,,1,,,544
153825,JG23_1162,30,Sq. Yards,3194,280,3200,681,1,0,,1,,,544
154059,SSPIII20_E-513,30,Sq. Yards,3202,288,3238,705,1,0,,1,,,544
154123,RW27.28.26PII_E-1733,30,Sq. Yards,3205,291,3252,683,1,0,,1,,,544
154468,PWAP_E-349,30,Sq. Yards,3212,298,3276,683,1,0,,1,,,544
155704,MG9.10.2_E-68,30,Sq. Yards,3207,293,3259,691,1,0,,1,,,544
156531,RW27.28.26PII_E-883,30,Sq. Yards,3205,291,3252,702,1,0,,1,,,544
156640,RW18.2-2619,30,Sq. Yards,3208,294,3264,684,1,0,,1,,,544
156797,FD9_E-10,30,Sq. Yards,3201,287,3233,705,1,0,,1,,,544
156897,JG22.1_E-17,30,Sq. Yards,3194,280,3200,683,1,0,,1,,,544
157206,RW18.2-3774,30,Sq. Yards,3208,294,3264,692,1,0,,1,,,544
158001,RK21.2_E-613,30,Sq. Yards,3205,291,3252,685,1,0,,1,,,544
158878,RW27.28.26PII_E-1026,30,Sq. Yards,3205,291,3252,690,1,0,,1,,,544
159739,RW18.2-3656,30,Sq. Yards,3208,294,3264,688,1,0,,1,,,544
159907,JR6_E-312,30,Sq. Yards,3206,292,3257,686,1,0,,1,,,544
159914,PJ28.1_E-132,30,Sq. Yards,3192,278,3193,902,1,0,,1,,,544
160950,JG23_1367,30,Sq. Yards,3194,280,3200,700,1,0,,1,,,544
160977,MG9.10.3_E-138,30,Sq. Yards,3207,293,3259,692,1,0,,1,,,544
162147,PW21_1104,30,Sq. Yards,3212,298,3276,690,1,0,,1,,,544
162354,SSPIII20_E-419,30,Sq. Yards,3202,288,3238,708,1,0,,1,,,544
162515,KN32_7,30,Sq. Yards,3197,283,3215,683,1,0,,1,,,544
147855,SD8_E-55,30,Sq. Yards,3200,286,3230,681,1,0,,1,,,544
148606,GO13.14_95,30,Sq. Yards,3199,285,3221,693,1,0,,1,,,544
150178,JR9PII_E-174,30,Sq. Yards,3206,292,3257,685,1,0,,1,,,544
150310,PJ28.1_E-146,30,Sq. Yards,3192,278,3193,691,1,0,,1,,,544
150395,JR9PII_E-49,30,Sq. Yards,3206,292,3257,688,1,0,,1,,,544
150459,GO16_E-81,30,Sq. Yards,3199,285,3221,700,1,0,,1,,,544
150610,SSPIII20_E-637,30,Sq. Yards,3202,288,3238,689,1,0,,1,,,544
151029,JG23_397,30,Sq. Yards,3194,280,3200,681,1,0,,1,,,544
152631,GO16_E-15,30,Sq. Yards,3199,285,3221,700,1,0,,1,,,544
152667,RW18.2-2105,30,Sq. Yards,3208,294,3264,692,1,0,,1,,,544
152684,JG22.2_E-596,30,Sq. Yards,3194,280,3200,684,1,0,,1,,,544
152850,RW27.28.26PII_E-597,30,Sq. Yards,3205,291,3252,702,1,0,,1,,,544
153418,RW27.28.26PII_E-1254,30,Sq. Yards,3205,291,3252,683,1,0,,1,,,544
153586,SD8_E-188,30,Sq. Yards,3200,286,3230,688,1,0,,1,,,544
153784,JG23_1962,30,Sq. Yards,3194,280,3200,702,1,0,,1,,,544
153952,PW21_1099,30,Sq. Yards,3212,298,3276,709,1,0,,1,,,544
154320,SSPIII20_E-132,30,Sq. Yards,3202,288,3238,692,1,0,,1,,,544
155626,CD9_E-404,30,Sq. Yards,3213,299,3279,682,1,0,,1,,,544
156709,RK21.2_E-638,30,Sq. Yards,3205,291,3252,683,1,0,,1,,,544
156726,JG22.1_E-74,30,Sq. Yards,3194,280,3200,690,1,0,,1,,,544
156813,JG23_1245,30,Sq. Yards,3194,280,3200,684,1,0,,1,,,544
157264,JR9PII_E-121,30,Sq. Yards,3206,292,3257,695,1,0,,1,,,544
157330,JG22.2_E-50,30,Sq. Yards,3194,280,3200,696,1,0,,1,,,544
158083,RW27.28.26PII_E-1120,30,Sq. Yards,3205,291,3252,690,1,0,,1,,,544
158885,RW27.28.26PII_E-1294,30,Sq. Yards,3205,291,3252,689,1,0,,1,,,544
158966,RW18.2-2340,30,Sq. Yards,3208,294,3264,711,1,0,,1,,,544
160538,RW18.2-3789,30,Sq. Yards,3208,294,3264,708,1,0,,1,,,544
160974,RW27.28.26PII_E-1068,30,Sq. Yards,3205,291,3252,683,1,0,,1,,,544
161074,KN9.32_E-105,30,Sq. Yards,3197,283,3215,684,1,0,,1,,,544
161706,RK5_E-241,30,Sq. Yards,3205,291,3252,702,1,0,,1,,,544
162210,JG24.2_E-149,30,Sq. Yards,3194,280,3200,697,1,0,,1,,,544
147547,JG23_699,30,Sq. Yards,3194,280,3200,695,1,0,,1,,,544
151557,RK21.2_E-9,30,Sq. Yards,3205,291,3252,686,1,0,,1,,,544
153144,PW21_931,30,Sq. Yards,3212,298,3276,697,1,0,,1,,,544
153425,JG23_1151,30,Sq. Yards,3194,280,3200,681,1,0,,1,,,544
153611,RW18.2-2457,30,Sq. Yards,3208,294,3264,692,1,0,,1,,,544
153712,JR6_E-225,30,Sq. Yards,3206,292,3257,695,1,0,,1,,,544
153979,MG9.10.3_E-154,30,Sq. Yards,3207,293,3259,693,1,0,,1,,,544
154448,SSPIII20_E-728,30,Sq. Yards,3202,288,3238,689,1,0,,1,,,544
155380,SD8_E-110,30,Sq. Yards,3200,286,3230,695,1,0,,1,,,544
156352,JG23_1638,30,Sq. Yards,3194,280,3200,687,1,0,,1,,,544
156551,JR9PII_E-53,30,Sq. Yards,3206,292,3257,692,1,0,,1,,,544
157487,PWAP_E-192,30,Sq. Yards,3212,298,3276,709,1,0,,1,,,544
157723,JG23_613,30,Sq. Yards,3194,280,3200,688,1,0,,1,,,544
157906,GO13.14_245,30,Sq. Yards,3199,285,3221,691,1,0,,1,,,544
157973,JG22.2_E-754,30,Sq. Yards,3194,280,3200,702,1,0,,1,,,544
158238,RK21.2_E-587,30,Sq. Yards,3205,291,3252,681,1,0,,1,,,544
159192,JG23_2149,30,Sq. Yards,3194,280,3200,690,1,0,,1,,,544
159360,RW18.2-2549,30,Sq. Yards,3208,294,3264,688,1,0,,1,,,544
160163,RW18.1_E-160,30,Sq. Yards,3208,294,3264,681,1,0,,1,,,544
161499,FD9_E-26,30,Sq. Yards,3201,287,3233,684,1,0,,1,,,544
162417,CD9_E-198,30,Sq. Yards,3213,299,3279,701,1,0,,1,,,544
147885,RW18.2-2229,30,Sq. Yards,3208,294,3264,704,1,0,,1,,,544
148170,GO13.14_55,30,Sq. Yards,3199,285,3221,689,1,0,,1,,,544
148587,RW18.2-2337,30,Sq. Yards,3208,294,3264,707,1,0,,1,,,544
148706,JG23_2130,30,Sq. Yards,3194,280,3200,695,1,0,,1,,,544
149140,SD8_E-70,30,Sq. Yards,3200,286,3230,688,1,0,,1,,,544
149142,KN9.32_E-114,30,Sq. Yards,3197,283,3215,681,1,0,,1,,,544
150176,PWAP_E-29,30,Sq. Yards,3212,298,3276,682,1,0,,1,,,544
150259,GO13.14_183,30,Sq. Yards,3199,285,3221,682,1,0,,1,,,544
150410,PW21_183,30,Sq. Yards,3212,298,3276,694,1,0,,1,,,544
151244,PW21_285,30,Sq. Yards,3212,298,3276,709,1,0,,1,,,544
151580,JG23_652,30,Sq. Yards,3194,280,3200,690,1,0,,1,,,544
151799,RW27.28.26PII_E-1677,30,Sq. Yards,3205,291,3252,697,1,0,,1,,,544
152150,SD8_E-142,30,Sq. Yards,3200,286,3230,684,1,0,,1,,,544
153369,RK21.2_E-412,30,Sq. Yards,3205,291,3252,683,1,0,,1,,,544
153401,RW18.2-3235,30,Sq. Yards,3208,294,3264,681,1,0,,1,,,544
155475,RK21.2_E-248,30,Sq. Yards,3205,291,3252,681,1,0,,1,,,544
156111,RW27.28.26PII_E-544,30,Sq. Yards,3205,291,3252,698,1,0,,1,,,544
156426,CD9_E-6,30,Sq. Yards,3213,299,3279,692,1,0,,1,,,544
156711,JG23_1523,30,Sq. Yards,3194,280,3200,681,1,0,,1,,,544
157545,RW19.1_E-40,30,Sq. Yards,3208,294,3264,710,1,0,,1,,,544
157932,RW18.2-2165,30,Sq. Yards,3208,294,3264,707,1,0,,1,,,544
158047,RK21.2_E-579,30,Sq. Yards,3205,291,3252,696,1,0,,1,,,544
158583,JG23_1649,30,Sq. Yards,3194,280,3200,697,1,0,,1,,,544
159819,PJ28.3_E-221,30,Sq. Yards,3192,278,3193,704,1,0,,1,,,544
159868,RW18.2-2095,30,Sq. Yards,3208,294,3264,684,1,0,,1,,,544
160102,RW36A_E-316,30,Sq. Yards,3205,291,3252,686,1,0,,1,,,544
161121,PW21_149,30,Sq. Yards,3212,298,3276,709,1,0,,1,,,544
161640,SSPIII20_E-430,30,Sq. Yards,3202,288,3238,684,1,0,,1,,,544
162008,PW21_3,30,Sq. Yards,3212,298,3276,685,1,0,,1,,,544
162174,KN32_171,30,Sq. Yards,3197,283,3215,700,1,0,,1,,,544
162225,PW21_416,30,Sq. Yards,3212,298,3276,692,1,0,,1,,,544
147676,RK21.2_E-409,30,Sq. Yards,3205,291,3252,701,1,0,,1,,,544
148180,JG22.1_E-144,30,Sq. Yards,3194,280,3200,693,1,0,,1,,,544
148612,CD9_E-371,30,Sq. Yards,3213,299,3279,683,1,0,,1,,,544
148798,JG22.1_E-53,30,Sq. Yards,3194,280,3200,688,1,0,,1,,,544
148866,JG23_1653,30,Sq. Yards,3194,280,3200,695,1,0,,1,,,544
148916,PW21_638,30,Sq. Yards,3212,298,3276,695,1,0,,1,,,544
149197,RW18.2-2396,30,Sq. Yards,3208,294,3264,697,1,0,,1,,,544
150183,JG23_1087,30,Sq. Yards,3194,280,3200,691,1,0,,1,,,544
150919,RK5_E-31,30,Sq. Yards,3205,291,3252,684,1,0,,1,,,544
152991,JR6_E-36,30,Sq. Yards,3206,292,3257,682,1,0,,1,,,544
153024,JG23_305,30,Sq. Yards,3194,280,3200,690,1,0,,1,,,544
154731,JAJ_E-63,30,Sq. Yards,3200,286,3229,691,1,0,,1,,,544
154899,CD9_E-488,30,Sq. Yards,3213,299,3279,686,1,0,,1,,,544
155617,RW27.28.26PII_E-1372,30,Sq. Yards,3205,291,3252,682,1,0,,1,,,544
153633,RW18.2-2741,30,Sq. Yards,3208,294,3264,682,1,0,,1,,,544
154301,JG23_1473,30,Sq. Yards,3194,280,3200,683,1,0,,1,,,544
154469,RK21.2_E-605,30,Sq. Yards,3205,291,3252,682,1,0,,1,,,544
154883,JG23_1846,30,Sq. Yards,3194,280,3200,697,1,0,,1,,,544
155076,JG23_574,30,Sq. Yards,3194,280,3200,683,1,0,,1,,,544
155101,JG22.2_E-693,30,Sq. Yards,3194,280,3200,701,1,0,,1,,,544
156448,JG22.2_E-45,30,Sq. Yards,3194,280,3200,684,1,0,,1,,,544
156455,SSPIII20_E-209,30,Sq. Yards,3202,288,3238,686,1,0,,1,,,544
157534,RW27.28.26PII_E-329,30,Sq. Yards,3205,291,3252,685,1,0,,1,,,544
157609,RW19.1_E-45,30,Sq. Yards,3208,294,3264,683,1,0,,1,,,544
158159,RW18.2-2174,30,Sq. Yards,3208,294,3264,684,1,0,,1,,,544
158570,RK21.2_E-267,30,Sq. Yards,3205,291,3252,700,1,0,,1,,,544
158813,PJ28.3_E-63,30,Sq. Yards,3192,278,3193,787,1,0,,1,,,544
158845,RW18.2-3283,30,Sq. Yards,3208,294,3264,681,1,0,,1,,,544
159463,RW27.28.26PII_E-1176,30,Sq. Yards,3205,291,3252,683,1,0,,1,,,544
160256,PWAP_E-60,30,Sq. Yards,3212,298,3276,685,1,0,,1,,,544
147551,JG22.2_E-96,30,Sq. Yards,3194,280,3200,696,1,0,,1,,,544
148804,KN32_60,30,Sq. Yards,3197,283,3215,685,1,0,,1,,,544
148889,SSPIII20_E-649,30,Sq. Yards,3202,288,3238,703,1,0,,1,,,544
148955,GO16_E-147,30,Sq. Yards,3199,285,3221,703,1,0,,1,,,544
149406,JG23_1135,30,Sq. Yards,3194,280,3200,682,1,0,,1,,,544
149489,RK21.2_E-137,30,Sq. Yards,3205,291,3252,694,1,0,,1,,,544
149793,CD9_E-413,30,Sq. Yards,3213,299,3279,694,1,0,,1,,,544
151095,JAJ_E-30,30,Sq. Yards,3200,286,3229,691,1,0,,1,,,544
151531,RW18.2-2665,30,Sq. Yards,3208,294,3264,704,1,0,,1,,,544
151899,SSPIII20_E-121,30,Sq. Yards,3202,288,3238,709,1,0,,1,,,544
152148,RW27.28.26PII_E-695,30,Sq. Yards,3205,291,3252,691,1,0,,1,,,544
153186,PJ28.1_E-6,30,Sq. Yards,3192,278,3193,689,1,0,,1,,,544
153284,PW21_586,30,Sq. Yards,3212,298,3276,684,1,0,,1,,,544
153818,RW18.2-3015,30,Sq. Yards,3208,294,3264,682,1,0,,1,,,544
154805,JG22.2_E-155,30,Sq. Yards,3194,280,3200,701,1,0,,1,,,544
154924,SSPIII20_E-614,30,Sq. Yards,3202,288,3238,704,1,0,,1,,,544
155058,JG24.1_E-44,30,Sq. Yards,3194,280,3200,682,1,0,,1,,,544
155690,RW27.28.26PII_E-770,30,Sq. Yards,3205,291,3252,681,1,0,,1,,,544
156341,CD9_E-210,30,Sq. Yards,3213,299,3279,686,1,0,,1,,,544
156677,RW18.2-3504,30,Sq. Yards,3208,294,3264,686,1,0,,1,,,544
156926,MG9.10.3_E-178,30,Sq. Yards,3207,293,3259,683,1,0,,1,,,544
157498,CD9_E-431,30,Sq. Yards,3213,299,3279,701,1,0,,1,,,544
160002,JG22.2_E-511,30,Sq. Yards,3194,280,3200,683,1,0,,1,,,544
160704,JG22.2_E-713,30,Sq. Yards,3194,280,3200,685,1,0,,1,,,544
161523,PW21_1139,30,Sq. Yards,3212,298,3276,710,1,0,,1,,,544
161625,FD9_E-53,30,Sq. Yards,3201,287,3233,695,1,0,,1,,,544
162125,GO16_E-111,30,Sq. Yards,3199,285,3221,702,1,0,,1,,,544
162276,JG22.1_E-22,30,Sq. Yards,3194,280,3200,699,1,0,,1,,,544
162310,RW18.2-2445,30,Sq. Yards,3208,294,3264,697,1,0,,1,,,544
149000,JG23_1582,30,Sq. Yards,3194,280,3200,685,1,0,,1,,,544
149195,JR9PII_E-292,30,Sq. Yards,3206,292,3257,697,1,0,,1,,,544
149536,JG22.2_E-636,30,Sq. Yards,3194,280,3200,695,1,0,,1,,,544
149806,RW18.2-2474,30,Sq. Yards,3208,294,3264,697,1,0,,1,,,544
150540,JG23_1686,30,Sq. Yards,3194,280,3200,688,1,0,,1,,,544
150663,JR6_E-53,30,Sq. Yards,3206,292,3257,691,1,0,,1,,,544
151233,SD8_E-150,30,Sq. Yards,3200,286,3230,686,1,0,,1,,,544
151878,JAJ_E-5,30,Sq. Yards,3200,286,3229,682,1,0,,1,,,544
153348,RW27.28.26PII_E-586,30,Sq. Yards,3205,291,3252,684,1,0,,1,,,544
154009,JG23_1374,30,Sq. Yards,3194,280,3200,701,1,0,,1,,,544
155077,SSPIII20_E-87,30,Sq. Yards,3202,288,3238,694,1,0,,1,,,544
155286,JG22.2_E-382,30,Sq. Yards,3194,280,3200,682,1,0,,1,,,544
157492,SSPIII20_E-749,30,Sq. Yards,3202,288,3238,701,1,0,,1,,,544
157583,RW18.2-3212,30,Sq. Yards,3208,294,3264,681,1,0,,1,,,544
157658,JG22.1_E-94,30,Sq. Yards,3194,280,3200,683,1,0,,1,,,544
157828,RW27.28.26PII_E-76,30,Sq. Yards,3205,291,3252,685,1,0,,1,,,544
158728,JG23_355,30,Sq. Yards,3194,280,3200,682,1,0,,1,,,544
160827,RK21.2_E-373,30,Sq. Yards,3205,291,3252,690,1,0,,1,,,544
161104,JG22.2_E-582,30,Sq. Yards,3194,280,3200,702,1,0,,1,,,544
156560,SSPIII20_E-256,30,Sq. Yards,3202,288,3238,687,1,0,,1,,,544
156928,CD9_E-230,30,Sq. Yards,3213,299,3279,692,1,0,,1,,,544
157077,CD9_E-117,30,Sq. Yards,3213,299,3279,681,1,0,,1,,,544
157262,PJ28.1_E-109,30,Sq. Yards,3192,278,3193,935,1,0,,1,,,544
157479,GO16_E-70,30,Sq. Yards,3199,285,3221,681,1,0,,1,,,544
157496,GO16_E-108,30,Sq. Yards,3199,285,3221,682,1,0,,1,,,544
158364,PW21_481,30,Sq. Yards,3212,298,3276,702,1,0,,1,,,544
159034,JG23_2093,30,Sq. Yards,3194,280,3200,683,1,0,,1,,,544
159717,RK21.2_E-258,30,Sq. Yards,3205,291,3252,700,1,0,,1,,,544
159951,JG22.1_E-70,30,Sq. Yards,3194,280,3200,681,1,0,,1,,,544
160319,KN9.32_E-113,30,Sq. Yards,3197,283,3215,681,1,0,,1,,,544
160823,RW18.2-3183,30,Sq. Yards,3208,294,3264,708,1,0,,1,,,544
161923,SSPIII20_E-490,30,Sq. Yards,3202,288,3238,681,1,0,,1,,,544
162678,MG9.10.3_E-29,30,Sq. Yards,3207,293,3259,684,1,0,,1,,,544
147530,JR6_E-247,30,Sq. Yards,3206,292,3257,687,1,0,,1,,,544
148066,RW27.28.26PII_E-1292,30,Sq. Yards,3205,291,3252,682,1,0,,1,,,544
148257,JR9PII_E-141,30,Sq. Yards,3206,292,3257,682,1,0,,1,,,544
148427,JG23_577,30,Sq. Yards,3194,280,3200,681,1,0,,1,,,544
149168,RW18.2-3604,30,Sq. Yards,3208,294,3264,683,1,0,,1,,,544
149797,PJ28.2_E-48,30,Sq. Yards,3192,278,3193,944,1,0,,1,,,544
150072,JG23_353,30,Sq. Yards,3194,280,3200,682,1,0,,1,,,544
150170,JG23_392,30,Sq. Yards,3194,280,3200,682,1,0,,1,,,544
151040,CD1B_E-179,30,Sq. Yards,3213,299,3279,699,1,0,,1,,,544
151042,RW18.2-3278,30,Sq. Yards,3208,294,3264,693,1,0,,1,,,544
151399,RW18.2-3807,30,Sq. Yards,3208,294,3264,684,1,0,,1,,,544
153337,RW27.28.26PII_E-495,30,Sq. Yards,3205,291,3252,690,1,0,,1,,,544
153471,JG23_1690,30,Sq. Yards,3194,280,3200,688,1,0,,1,,,544
153514,FD9_E-79,30,Sq. Yards,3201,287,3233,686,1,0,,1,,,544
153909,FD9_E-33,30,Sq. Yards,3201,287,3233,688,1,0,,1,,,544
154407,RW27.28.26PII_E-805,30,Sq. Yards,3205,291,3252,686,1,0,,1,,,544
155377,PW21_961,30,Sq. Yards,3212,298,3276,689,1,0,,1,,,544
155413,RW18.2-2917,30,Sq. Yards,3208,294,3264,685,1,0,,1,,,544
155418,JG22.2_E-149,30,Sq. Yards,3194,280,3200,702,1,0,,1,,,544
155486,PWAP_E-249,30,Sq. Yards,3212,298,3276,696,1,0,,1,,,544
155922,RW27.28.26PII_E-1499,30,Sq. Yards,3205,291,3252,697,1,0,,1,,,544
156022,CD9_E-88,30,Sq. Yards,3213,299,3279,686,1,0,,1,,,544
156120,JG22.2_E-377,30,Sq. Yards,3194,280,3200,702,1,0,,1,,,544
156215,PJ28.3_E-104,30,Sq. Yards,3192,278,3193,935,1,0,,1,,,544
156324,JG22.2_E-761,30,Sq. Yards,3194,280,3200,684,1,0,,1,,,544
156690,MG9.10.3_E-90,30,Sq. Yards,3207,293,3259,687,1,0,,1,,,544
157015,RK21.2_E-247,30,Sq. Yards,3205,291,3252,684,1,0,,1,,,544
157156,RW18.2-2612,30,Sq. Yards,3208,294,3264,710,1,0,,1,,,544
157594,PWAP_E-253,30,Sq. Yards,3212,298,3276,707,1,0,,1,,,544
157617,PWAP_E-415,30,Sq. Yards,3212,298,3276,695,1,0,,1,,,544
157783,PJ28.2_E-95,30,Sq. Yards,3192,278,3193,940,1,0,,1,,,544
158051,PW21_43,30,Sq. Yards,3212,298,3276,707,1,0,,1,,,544
159096,MG9.10.3_E-262,30,Sq. Yards,3207,293,3259,693,1,0,,1,,,544
161461,RW18.2-3582,30,Sq. Yards,3208,294,3264,682,1,0,,1,,,544
161897,RW18.2-3045,30,Sq. Yards,3208,294,3264,697,1,0,,1,,,544
162504,RW18.2-3633,30,Sq. Yards,3208,294,3264,689,1,0,,1,,,544
162529,SD8_E-107,30,Sq. Yards,3200,286,3230,685,1,0,,1,,,544
147660,FD9_E-144,30,Sq. Yards,3201,287,3233,685,1,0,,1,,,544
148246,PJ28.1_E-59,30,Sq. Yards,3192,278,3193,700,1,0,,1,,,544
148595,SSPIII20_E-424,30,Sq. Yards,3202,288,3238,707,1,0,,1,,,544
148645,RW27.28.26PII_E-1242,30,Sq. Yards,3205,291,3252,695,1,0,,1,,,544
149046,FD9_E-120,30,Sq. Yards,3201,287,3233,687,1,0,,1,,,544
149868,JG22.2_E-549,30,Sq. Yards,3194,280,3200,687,1,0,,1,,,544
149885,RW27.28.26PII_E-792,30,Sq. Yards,3205,291,3252,685,1,0,,1,,,544
151403,CD1B_E-79,30,Sq. Yards,3213,299,3279,695,1,0,,1,,,544
151503,JG23_1620,30,Sq. Yards,3194,280,3200,683,1,0,,1,,,544
151621,RW18.2-2324,30,Sq. Yards,3208,294,3264,689,1,0,,1,,,544
151889,JAJ_E-107,30,Sq. Yards,3200,286,3229,684,1,0,,1,,,544
151990,PW21_254,30,Sq. Yards,3212,298,3276,706,1,0,,1,,,544
152071,RK5_E-136,30,Sq. Yards,3205,291,3252,697,1,0,,1,,,544
158426,JG23_483,30,Sq. Yards,3194,280,3200,681,1,0,,1,,,544
159196,PW21_351,30,Sq. Yards,3212,298,3276,685,1,0,,1,,,544
159623,GO16_E-99,30,Sq. Yards,3199,285,3221,694,1,0,,1,,,544
159630,SSPIII20_E-677,30,Sq. Yards,3202,288,3238,681,1,0,,1,,,544
159698,RW27.28.26PII_E-1015,30,Sq. Yards,3205,291,3252,695,1,0,,1,,,544
159830,JR6_E-452,30,Sq. Yards,3206,292,3257,682,1,0,,1,,,544
159855,KN32_190,30,Sq. Yards,3197,283,3215,684,1,0,,1,,,544
160702,JR6_E-112,30,Sq. Yards,3206,292,3257,688,1,0,,1,,,544
161361,FD9_E-161,30,Sq. Yards,3201,287,3233,689,1,0,,1,,,544
162370,RW27.28.26PII_E-102,30,Sq. Yards,3205,291,3252,689,1,0,,1,,,544
147992,PW21_933,30,Sq. Yards,3212,298,3276,688,1,0,,1,,,544
149821,RK5_E-57,30,Sq. Yards,3205,291,3252,702,1,0,,1,,,544
149903,JG23_562,30,Sq. Yards,3194,280,3200,681,1,0,,1,,,544
149946,JG23_1192,30,Sq. Yards,3194,280,3200,682,1,0,,1,,,544
150296,FD9_E-56,30,Sq. Yards,3201,287,3233,700,1,0,,1,,,544
150382,GO13.14_78,30,Sq. Yards,3199,285,3221,693,1,0,,1,,,544
150732,KN32_113,30,Sq. Yards,3197,283,3215,975,1,0,,1,,,544
151318,PJ28.3_E-224,30,Sq. Yards,3192,278,3193,700,1,0,,1,,,544
151786,GO16_E-201,30,Sq. Yards,3199,285,3221,695,1,0,,1,,,544
151793,RW18.2-3074,30,Sq. Yards,3208,294,3264,685,1,0,,1,,,544
152779,PWAP_E-499,30,Sq. Yards,3212,298,3276,710,1,0,,1,,,544
153772,RK5_E-113,30,Sq. Yards,3205,291,3252,691,1,0,,1,,,544
155605,RW19.2_E-15,30,Sq. Yards,3208,294,3264,704,1,0,,1,,,544
156012,PWAP_E-79,30,Sq. Yards,3212,298,3276,685,1,0,,1,,,544
156123,RW27.28.26PII_E-1088,30,Sq. Yards,3205,291,3252,702,1,0,,1,,,544
157352,RK5_E-71,30,Sq. Yards,3205,291,3252,693,1,0,,1,,,544
158020,RW18.2-3477,30,Sq. Yards,3208,294,3264,683,1,0,,1,,,544
158963,RW18.1_E-15,30,Sq. Yards,3208,294,3264,704,1,0,,1,,,544
159488,PW21_676,30,Sq. Yards,3212,298,3276,698,1,0,,1,,,544
159874,RW19.1_E-112,30,Sq. Yards,3208,294,3264,697,1,0,,1,,,544
160410,SSPIII20_E-277,30,Sq. Yards,3202,288,3238,690,1,0,,1,,,544
160842,RW27.28.26PII_E-911,30,Sq. Yards,3205,291,3252,701,1,0,,1,,,544
161153,JR9PII_E-91,30,Sq. Yards,3206,292,3257,693,1,0,,1,,,544
162046,RW27.28.26PII_E-183,30,Sq. Yards,3205,291,3252,694,1,0,,1,,,544
148038,RW27.28.26PII_E-841,30,Sq. Yards,3205,291,3252,690,1,0,,1,,,544
148523,PWAP_E-213,30,Sq. Yards,3212,298,3276,694,1,0,,1,,,544
148938,RK5_E-219,30,Sq. Yards,3205,291,3252,693,1,0,,1,,,544
148974,RW27.28.26PII_E-230,30,Sq. Yards,3205,291,3252,692,1,0,,1,,,544
149506,PJ28.1_E-91,30,Sq. Yards,3192,278,3193,944,1,0,,1,,,544
149723,KN32_197,30,Sq. Yards,3197,283,3215,681,1,0,,1,,,544
151197,MG9.10.3_E-62,30,Sq. Yards,3207,293,3259,693,1,0,,1,,,544
152735,RK21.2_E-513,30,Sq. Yards,3205,291,3252,696,1,0,,1,,,544
153535,RW27.28.26PII_E-602,30,Sq. Yards,3205,291,3252,684,1,0,,1,,,544
155071,JG23_955,30,Sq. Yards,3194,280,3200,1027,1,0,,1,,,544
156345,GO16_E-128,30,Sq. Yards,3199,285,3221,685,1,0,,1,,,544
156994,KN9.32_E-126,30,Sq. Yards,3197,283,3215,686,1,0,,1,,,544
158483,RW27.28.26PII_E-171,30,Sq. Yards,3205,291,3252,686,1,0,,1,,,544
158698,JG23_1144,30,Sq. Yards,3194,280,3200,690,1,0,,1,,,544
158751,RW27.28.26PII_E-1606,30,Sq. Yards,3205,291,3252,701,1,0,,1,,,544
159353,RW27.28.26PII_E-1020,30,Sq. Yards,3205,291,3252,684,1,0,,1,,,544
160068,RW19.2_E-9,30,Sq. Yards,3208,294,3264,689,1,0,,1,,,544
160289,RW36A_E-121,30,Sq. Yards,3205,291,3252,700,1,0,,1,,,544
160389,JG22.2_E-512,30,Sq. Yards,3194,280,3200,682,1,0,,1,,,544
161540,PJ28.3_E-20,30,Sq. Yards,3192,278,3193,691,1,0,,1,,,544
161759,GO13.14_69,30,Sq. Yards,3199,285,3221,695,1,0,,1,,,544
162593,SSPIII20_E-494,30,Sq. Yards,3202,288,3238,699,1,0,,1,,,544
148098,SSPIII20_E-144,30,Sq. Yards,3202,288,3238,681,1,0,,1,,,544
148527,RK5_E-251,30,Sq. Yards,3205,291,3252,690,1,0,,1,,,544
149329,RW36A_E-154,30,Sq. Yards,3205,291,3252,695,1,0,,1,,,544
149470,SSPIII20_E-332,30,Sq. Yards,3202,288,3238,681,1,0,,1,,,544
150038,RW27.28.26PII_E-516,30,Sq. Yards,3205,291,3252,690,1,0,,1,,,544
150597,JR6_E-85,30,Sq. Yards,3206,292,3257,696,1,0,,1,,,544
151108,JG23_475,30,Sq. Yards,3194,280,3200,699,1,0,,1,,,544
151276,RK21.2_E-612,30,Sq. Yards,3205,291,3252,691,1,0,,1,,,544
149617,JG23_2247,30,Sq. Yards,3194,280,3200,690,1,0,,1,,,544
150853,PW21_291,30,Sq. Yards,3212,298,3276,696,1,0,,1,,,544
152239,PJ28.1_E-86,30,Sq. Yards,3192,278,3193,686,1,0,,1,,,544
152422,JG22.2_E-487,30,Sq. Yards,3194,280,3200,690,1,0,,1,,,544
152507,CD9_E-271,30,Sq. Yards,3213,299,3279,682,1,0,,1,,,544
152875,RK5_E-214,30,Sq. Yards,3205,291,3252,690,1,0,,1,,,544
154061,RW27.28.26PII_E-296,30,Sq. Yards,3205,291,3252,684,1,0,,1,,,544
155634,PW21_315,30,Sq. Yards,3212,298,3276,709,1,0,,1,,,544
156251,RW27.28.26PII_E-277,30,Sq. Yards,3205,291,3252,682,1,0,,1,,,544
157188,GO16_E-328,30,Sq. Yards,3199,285,3221,688,1,0,,1,,,544
157255,RW27.28.26PII_E-1034,30,Sq. Yards,3205,291,3252,702,1,0,,1,,,544
160564,JG23_1070,30,Sq. Yards,3194,280,3200,702,1,0,,1,,,544
160578,JAJ_E-11,30,Sq. Yards,3200,286,3229,687,1,0,,1,,,544
161517,RW18.2-3073,30,Sq. Yards,3208,294,3264,703,1,0,,1,,,544
161899,RW18.2-2908,30,Sq. Yards,3208,294,3264,688,1,0,,1,,,544
162335,RW18.2-2270,30,Sq. Yards,3208,294,3264,692,1,0,,1,,,544
147905,JR9PII_E-267,30,Sq. Yards,3206,292,3257,696,1,0,,1,,,544
148788,JG23_720,30,Sq. Yards,3194,280,3200,690,1,0,,1,,,544
148958,JG23_928,30,Sq. Yards,3194,280,3200,702,1,0,,1,,,544
149205,JG23_1361,30,Sq. Yards,3194,280,3200,695,1,0,,1,,,544
149709,GO13.14_256,30,Sq. Yards,3199,285,3221,695,1,0,,1,,,544
149858,JG23_1755,30,Sq. Yards,3194,280,3200,701,1,0,,1,,,544
150260,CD9_E-298,30,Sq. Yards,3213,299,3279,697,1,0,,1,,,544
150375,RK21.2_E-463,30,Sq. Yards,3205,291,3252,682,1,0,,1,,,544
150977,PW21_1076,30,Sq. Yards,3212,298,3276,685,1,0,,1,,,544
151379,RK21.2_E-307,30,Sq. Yards,3205,291,3252,698,1,0,,1,,,544
152166,RW18.2-3280,30,Sq. Yards,3208,294,3264,694,1,0,,1,,,544
152281,JG23_1877,30,Sq. Yards,3194,280,3200,1053,1,0,,1,,,544
152383,RW36A_E-16,30,Sq. Yards,3205,291,3252,682,1,0,,1,,,544
152632,JG23_1752,30,Sq. Yards,3194,280,3200,700,1,0,,1,,,544
152734,SSPIII20_E-735,30,Sq. Yards,3202,288,3238,689,1,0,,1,,,544
152817,SSPIII20_E-734,30,Sq. Yards,3202,288,3238,691,1,0,,1,,,544
152851,RW18.2-2282,30,Sq. Yards,3208,294,3264,690,1,0,,1,,,544
154170,SSPIII20_E-544,30,Sq. Yards,3202,288,3238,707,1,0,,1,,,544
155559,JR6_E-30,30,Sq. Yards,3206,292,3257,683,1,0,,1,,,544
155593,SSPIII20_E-525,30,Sq. Yards,3202,288,3238,708,1,0,,1,,,544
155774,RW36A_E-141,30,Sq. Yards,3205,291,3252,682,1,0,,1,,,544
155959,SSPIII20_E-298,30,Sq. Yards,3202,288,3238,688,1,0,,1,,,544
156510,SSPIII20_E-130,30,Sq. Yards,3202,288,3238,699,1,0,,1,,,544
157578,RW18.2-2784,30,Sq. Yards,3208,294,3264,710,1,0,,1,,,544
157648,JR6_E-441,30,Sq. Yards,3206,292,3257,695,1,0,,1,,,544
157714,PWAP_E-453,30,Sq. Yards,3212,298,3276,768,1,0,,1,,,544
157931,RW18.1_E-99,30,Sq. Yards,3208,294,3264,696,1,0,,1,,,544
159403,PW21_198,30,Sq. Yards,3212,298,3276,710,1,0,,1,,,544
159620,FD9_E-160,30,Sq. Yards,3201,287,3233,682,1,0,,1,,,544
160152,RK5_E-286,30,Sq. Yards,3205,291,3252,682,1,0,,1,,,544
160573,MG9.10.3_E-104,30,Sq. Yards,3207,293,3259,693,1,0,,1,,,544
160590,JG22.2_E-764,30,Sq. Yards,3194,280,3200,695,1,0,,1,,,544
161909,SSPIII20_E-389,30,Sq. Yards,3202,288,3238,683,1,0,,1,,,544
147549,PWAP_E-133,30,Sq. Yards,3212,298,3276,711,1,0,,1,,,544
147617,RK21.2_E-404,30,Sq. Yards,3205,291,3252,701,1,0,,1,,,544
147692,JG23_1333,30,Sq. Yards,3194,280,3200,699,1,0,,1,,,544
147899,JG23_2197,30,Sq. Yards,3194,280,3200,691,1,0,,1,,,544
149485,SSPIII20_E-707,30,Sq. Yards,3202,288,3238,710,1,0,,1,,,544
149728,RW18.2-3044,30,Sq. Yards,3208,294,3264,696,1,0,,1,,,544
151232,SSPIII20_E-273,30,Sq. Yards,3202,288,3238,694,1,0,,1,,,544
151532,RK21.2_E-193,30,Sq. Yards,3205,291,3252,700,1,0,,1,,,544
154801,GO16_E-69,30,Sq. Yards,3199,285,3221,684,1,0,,1,,,544
156037,JR6_E-138,30,Sq. Yards,3206,292,3257,682,1,0,,1,,,544
159106,RW18.2-3644,30,Sq. Yards,3208,294,3264,697,1,0,,1,,,544
159299,PW21_242,30,Sq. Yards,3212,298,3276,697,1,0,,1,,,544
159413,CD1B_E-130,30,Sq. Yards,3213,299,3279,692,1,0,,1,,,544
159924,RW27.28.26PII_E-1711,30,Sq. Yards,3205,291,3252,686,1,0,,1,,,544
160442,RK21.2_E-618,30,Sq. Yards,3205,291,3252,686,1,0,,1,,,544
160742,RW18.2-2418,30,Sq. Yards,3208,294,3264,697,1,0,,1,,,544
161212,JG23_1059,30,Sq. Yards,3194,280,3200,701,1,0,,1,,,544
161930,RW18.2-2390,30,Sq. Yards,3208,294,3264,708,1,0,,1,,,544
161987,PW21_164,30,Sq. Yards,3212,298,3276,696,1,0,,1,,,544
162205,RK21.2_E-310,30,Sq. Yards,3205,291,3252,689,1,0,,1,,,544
162280,MG9.10.3_E-354,30,Sq. Yards,3207,293,3259,683,1,0,,1,,,544
147610,RW18.2-2383,30,Sq. Yards,3208,294,3264,682,1,0,,1,,,544
147878,JG22.2_E-18,30,Sq. Yards,3194,280,3200,689,1,0,,1,,,544
148064,CD9_E-225,30,Sq. Yards,3213,299,3279,692,1,0,,1,,,544
148749,JG22.2_E-54,30,Sq. Yards,3194,280,3200,681,1,0,,1,,,544
149750,JG24.1_E-11,30,Sq. Yards,3194,280,3200,696,1,0,,1,,,544
150168,RW27.28.26PII_E-1408,30,Sq. Yards,3205,291,3252,683,1,0,,1,,,544
150786,KN32_30,30,Sq. Yards,3197,283,3215,683,1,0,,1,,,544
152122,RK21.2_E-562,30,Sq. Yards,3205,291,3252,682,1,0,,1,,,544
152158,RW27.28.26PII_E-977,30,Sq. Yards,3205,291,3252,684,1,0,,1,,,544
152240,SSPIII20_E-729,30,Sq. Yards,3202,288,3238,693,1,0,,1,,,544
152890,SSPIII20_E-696,30,Sq. Yards,3202,288,3238,704,1,0,,1,,,544
153108,JR6_E-303,30,Sq. Yards,3206,292,3257,694,1,0,,1,,,544
153243,GO13.14_111,30,Sq. Yards,3199,285,3221,682,1,0,,1,,,544
154261,RK21.2_E-540,30,Sq. Yards,3205,291,3252,681,1,0,,1,,,544
154847,RW18.2-2098,30,Sq. Yards,3208,294,3264,705,1,0,,1,,,544
154897,FD9_E-117,30,Sq. Yards,3201,287,3233,683,1,0,,1,,,544
155415,PJ28.3_E-157,30,Sq. Yards,3192,278,3193,974,1,0,,1,,,544
155665,JG23_864,30,Sq. Yards,3194,280,3200,696,1,0,,1,,,544
156166,CD9_E-437,30,Sq. Yards,3213,299,3279,694,1,0,,1,,,544
156216,RW27.28.26PII_E-1168,30,Sq. Yards,3205,291,3252,683,1,0,,1,,,544
156469,RK21.2_E-325,30,Sq. Yards,3205,291,3252,682,1,0,,1,,,544
156870,SSPIII20_E-259,30,Sq. Yards,3202,288,3238,681,1,0,,1,,,544
157905,JG23_1809,30,Sq. Yards,3194,280,3200,684,1,0,,1,,,544
158624,GO13.14_42,30,Sq. Yards,3199,285,3221,690,1,0,,1,,,544
159077,PJ28.2_E-27,30,Sq. Yards,3192,278,3193,944,1,0,,1,,,544
160160,JG23_1167,30,Sq. Yards,3194,280,3200,702,1,0,,1,,,544
160795,KN9.32_E-41,30,Sq. Yards,3197,283,3215,699,1,0,,1,,,544
160932,RK21.2_E-639,30,Sq. Yards,3205,291,3252,685,1,0,,1,,,544
161099,CD9_E-49,30,Sq. Yards,3213,299,3279,682,1,0,,1,,,544
161200,RW18.1_E-84,30,Sq. Yards,3208,294,3264,681,1,0,,1,,,544
161600,PW21_687,30,Sq. Yards,3212,298,3276,709,1,0,,1,,,544
162350,RW27.28.26PII_E-1435,30,Sq. Yards,3205,291,3252,691,1,0,,1,,,544
162586,JG23_1375,30,Sq. Yards,3194,280,3200,682,1,0,,1,,,544
148362,JG22.1_E-105,30,Sq. Yards,3194,280,3200,689,1,0,,1,,,544
149066,JG22.2_E-178,30,Sq. Yards,3194,280,3200,683,1,0,,1,,,544
149801,RW27.28.26PII_E-1374,30,Sq. Yards,3205,291,3252,685,1,0,,1,,,544
149883,JG23_1791,30,Sq. Yards,3194,280,3200,702,1,0,,1,,,544
151002,RW27.28.26PII_E-446,30,Sq. Yards,3205,291,3252,686,1,0,,1,,,544
151237,JG23_1714,30,Sq. Yards,3194,280,3200,681,1,0,,1,,,544
152255,PW21_176,30,Sq. Yards,3212,298,3276,774,1,0,,1,,,544
154195,JG23_2268,30,Sq. Yards,3194,280,3200,699,1,0,,1,,,544
155918,RW27.28.26PII_E-1727,30,Sq. Yards,3205,291,3252,683,1,0,,1,,,544
155949,SSPIII20_E-840,30,Sq. Yards,3202,288,3238,686,1,0,,1,,,544
156417,RK21.2_E-300,30,Sq. Yards,3205,291,3252,682,1,0,,1,,,544
156453,PW21_683,30,Sq. Yards,3212,298,3276,696,1,0,,1,,,544
156600,RW27.28.26PII_E-798,30,Sq. Yards,3205,291,3252,686,1,0,,1,,,544
156603,RW18.2-2722,30,Sq. Yards,3208,294,3264,695,1,0,,1,,,544
156854,PJ28.1_E-108,30,Sq. Yards,3192,278,3193,962,1,0,,1,,,544
158107,RK5_E-203,30,Sq. Yards,3205,291,3252,700,1,0,,1,,,544
158639,PWAP_E-363,30,Sq. Yards,3212,298,3276,685,1,0,,1,,,544
159629,SSPIII20_E-218,30,Sq. Yards,3202,288,3238,705,1,0,,1,,,544
160512,RW27.28.26PII_E-634,30,Sq. Yards,3205,291,3252,682,1,0,,1,,,544
162166,CD9_E-172,30,Sq. Yards,3213,299,3279,692,1,0,,1,,,544
147694,JG22.1_E-37,30,Sq. Yards,3194,280,3200,695,1,0,,1,,,544
148479,JG22.1_E-2,30,Sq. Yards,3194,280,3200,682,1,0,,1,,,544
148529,JG23_1589,30,Sq. Yards,3194,280,3200,697,1,0,,1,,,544
149183,PJ28.2_E-92,30,Sq. Yards,3192,278,3193,944,1,0,,1,,,544
149283,GO13.14_37,30,Sq. Yards,3199,285,3221,696,1,0,,1,,,544
149465,PWAP_E-44,30,Sq. Yards,3212,298,3276,682,1,0,,1,,,544
148443,JR6_E-358,30,Sq. Yards,3206,292,3257,695,1,0,,1,,,544
148486,JG23_677,30,Sq. Yards,3194,280,3200,702,1,0,,1,,,544
148550,KN9.32_E-87,30,Sq. Yards,3197,283,3215,685,1,0,,1,,,544
148786,JG22.2_E-618,30,Sq. Yards,3194,280,3200,686,1,0,,1,,,544
149154,RW27.28.26PII_E-1177,30,Sq. Yards,3205,291,3252,691,1,0,,1,,,544
149220,RK21.2_E-323,30,Sq. Yards,3205,291,3252,698,1,0,,1,,,544
150390,JR6_E-2,30,Sq. Yards,3206,292,3257,692,1,0,,1,,,544
151217,KN32_239,30,Sq. Yards,3197,283,3215,683,1,0,,1,,,544
151394,RW18.2-3022,30,Sq. Yards,3208,294,3264,683,1,0,,1,,,544
151619,PWAP_E-487,30,Sq. Yards,3212,298,3276,701,1,0,,1,,,544
151751,PW21_680,30,Sq. Yards,3212,298,3276,685,1,0,,1,,,544
152396,RW27.28.26PII_E-1348,30,Sq. Yards,3205,291,3252,681,1,0,,1,,,544
153391,RW27.28.26PII_E-1130,30,Sq. Yards,3205,291,3252,681,1,0,,1,,,544
154432,RW27.28.26PII_E-1467,30,Sq. Yards,3205,291,3252,690,1,0,,1,,,544
154925,RW18.2-3753,30,Sq. Yards,3208,294,3264,697,1,0,,1,,,544
156663,JG22.2_E-497,30,Sq. Yards,3194,280,3200,697,1,0,,1,,,544
157735,JG23_399,30,Sq. Yards,3194,280,3200,686,1,0,,1,,,544
158067,JG24.1_E-27,30,Sq. Yards,3194,280,3200,682,1,0,,1,,,544
158246,RW19.1_E-5,30,Sq. Yards,3208,294,3264,707,1,0,,1,,,544
158603,RW18.2-3731,30,Sq. Yards,3208,294,3264,692,1,0,,1,,,544
159071,RW27.28.26PII_E-1341,30,Sq. Yards,3205,291,3252,690,1,0,,1,,,544
159212,JG23_2286,30,Sq. Yards,3194,280,3200,693,1,0,,1,,,544
159916,JG23_2007,30,Sq. Yards,3194,280,3200,692,1,0,,1,,,544
160484,KN9.32_E-141,30,Sq. Yards,3197,283,3215,693,1,0,,1,,,544
160518,PW21_215,30,Sq. Yards,3212,298,3276,685,1,0,,1,,,544
161218,RW27.28.26PII_E-786,30,Sq. Yards,3205,291,3252,702,1,0,,1,,,544
161277,RK21.2_E-285,30,Sq. Yards,3205,291,3252,681,1,0,,1,,,544
161513,JG24.1_E-47,30,Sq. Yards,3194,280,3200,699,1,0,,1,,,544
162079,JG23_1853,30,Sq. Yards,3194,280,3200,686,1,0,,1,,,544
149657,JG23_635,30,Sq. Yards,3194,280,3200,683,1,0,,1,,,544
150997,JG23_1785,30,Sq. Yards,3194,280,3200,681,1,0,,1,,,544
151280,SSPIII20_E-354,30,Sq. Yards,3202,288,3238,702,1,0,,1,,,544
151378,PWAP_E-141,30,Sq. Yards,3212,298,3276,686,1,0,,1,,,544
151448,JG23_969,30,Sq. Yards,3194,280,3200,683,1,0,,1,,,544
153486,JG23_1527,30,Sq. Yards,3194,280,3200,681,1,0,,1,,,544
153905,MG9.10.3_E-223,30,Sq. Yards,3207,293,3259,682,1,0,,1,,,544
154386,JG22.2_E-568,30,Sq. Yards,3194,280,3200,702,1,0,,1,,,544
154403,RW18.2-3147,30,Sq. Yards,3208,294,3264,708,1,0,,1,,,544
154688,KN9.32_E-115,30,Sq. Yards,3197,283,3215,681,1,0,,1,,,544
154941,JG23_940,30,Sq. Yards,3194,280,3200,691,1,0,,1,,,544
155207,RW18.2-2800,30,Sq. Yards,3208,294,3264,690,1,0,,1,,,544
155992,JG24.1_E-21,30,Sq. Yards,3194,280,3200,690,1,0,,1,,,544
158230,RW18.2-3398,30,Sq. Yards,3208,294,3264,696,1,0,,1,,,544
158366,GO16_E-206,30,Sq. Yards,3199,285,3221,699,1,0,,1,,,544
158549,PW21_468,30,Sq. Yards,3212,298,3276,696,1,0,,1,,,544
158798,RW18.2-3733,30,Sq. Yards,3208,294,3264,693,1,0,,1,,,544
159117,JG22.1_E-25,30,Sq. Yards,3194,280,3200,686,1,0,,1,,,544
159721,RW18.1_E-57,30,Sq. Yards,3208,294,3264,705,1,0,,1,,,544
160387,GO16_E-265,30,Sq. Yards,3199,285,3221,696,1,0,,1,,,544
160589,RK21.2_E-192,30,Sq. Yards,3205,291,3252,683,1,0,,1,,,544
160840,CD9_E-310,30,Sq. Yards,3213,299,3279,692,1,0,,1,,,544
161208,JG23_532,30,Sq. Yards,3194,280,3200,695,1,0,,1,,,544
161740,JR6_E-280,30,Sq. Yards,3206,292,3257,694,1,0,,1,,,544
161991,PW21_1031,30,Sq. Yards,3212,298,3276,684,1,0,,1,,,544
162461,PW21_1038,30,Sq. Yards,3212,298,3276,699,1,0,,1,,,544
162527,MG9.10.3_E-229,30,Sq. Yards,3207,293,3259,682,1,0,,1,,,544
148001,CD9_E-427,30,Sq. Yards,3213,299,3279,691,1,0,,1,,,544
148508,PW21_1013,30,Sq. Yards,3212,298,3276,687,1,0,,1,,,544
148626,JG22.2_E-282,30,Sq. Yards,3194,280,3200,685,1,0,,1,,,544
148851,JR9PII_E-225,30,Sq. Yards,3206,292,3257,694,1,0,,1,,,544
149001,RW27.28.26PII_E-676,30,Sq. Yards,3205,291,3252,682,1,0,,1,,,544
149848,PW21_174,30,Sq. Yards,3212,298,3276,688,1,0,,1,,,544
150105,RW36A_E-187,30,Sq. Yards,3205,291,3252,702,1,0,,1,,,544
150523,JG22.1_E-137,30,Sq. Yards,3194,280,3200,1020,1,0,,1,,,544
159952,PW21_727,30,Sq. Yards,3212,298,3276,709,1,0,,1,,,544
160420,JAJ_E-128,30,Sq. Yards,3200,286,3229,686,1,0,,1,,,544
160537,JG24.2_E-77,30,Sq. Yards,3194,280,3200,682,1,0,,1,,,544
160605,PWAP_E-470,30,Sq. Yards,3212,298,3276,692,1,0,,1,,,544
161373,PJ28.3_E-192,30,Sq. Yards,3192,278,3193,710,1,0,,1,,,544
161858,FD9_E-20,30,Sq. Yards,3201,287,3233,992,1,0,,1,,,544
161860,RW27.28.26PII_E-1721,30,Sq. Yards,3205,291,3252,681,1,0,,1,,,544
162392,RK5_E-51,30,Sq. Yards,3205,291,3252,702,1,0,,1,,,544
162543,PJ28.3_E-110,30,Sq. Yards,3192,278,3193,962,1,0,,1,,,544
147496,RW27.28.26PII_E-425,30,Sq. Yards,3205,291,3252,684,1,0,,1,,,544
147834,JG23_1198,30,Sq. Yards,3194,280,3200,691,1,0,,1,,,544
148093,RW27.28.26PII_E-1610,30,Sq. Yards,3205,291,3252,700,1,0,,1,,,544
148302,MG9.10.3_E-264,30,Sq. Yards,3207,293,3259,693,1,0,,1,,,544
148461,JR6_E-288,30,Sq. Yards,3206,292,3257,696,1,0,,1,,,544
148625,JG23_785,30,Sq. Yards,3194,280,3200,690,1,0,,1,,,544
150031,JG23_1418,30,Sq. Yards,3194,280,3200,684,1,0,,1,,,544
152244,JG23_749,30,Sq. Yards,3194,280,3200,702,1,0,,1,,,544
152478,JR6_E-92,30,Sq. Yards,3206,292,3257,682,1,0,,1,,,544
153048,JG22.2_E-606,30,Sq. Yards,3194,280,3200,690,1,0,,1,,,544
153171,MG9.10.3_E-313,30,Sq. Yards,3207,293,3259,686,1,0,,1,,,544
155018,JR9PII_E-206,30,Sq. Yards,3206,292,3257,695,1,0,,1,,,544
155488,SSPIII20_E-450,30,Sq. Yards,3202,288,3238,711,1,0,,1,,,544
156349,SSPIII20_E-279,30,Sq. Yards,3202,288,3238,700,1,0,,1,,,544
158451,RW27.28.26PII_E-1319,30,Sq. Yards,3205,291,3252,701,1,0,,1,,,544
158655,JR6_E-19,30,Sq. Yards,3206,292,3257,689,1,0,,1,,,544
158762,RW27.28.26PII_E-1133,30,Sq. Yards,3205,291,3252,682,1,0,,1,,,544
159823,JG23_1798,30,Sq. Yards,3194,280,3200,683,1,0,,1,,,544
160057,CD1B_E-125,30,Sq. Yards,3213,299,3279,695,1,0,,1,,,544
160232,PW21_644,30,Sq. Yards,3212,298,3276,688,1,0,,1,,,544
160632,RW27.28.26PII_E-1067,30,Sq. Yards,3205,291,3252,684,1,0,,1,,,544
162231,KN32_168,30,Sq. Yards,3197,283,3215,681,1,0,,1,,,544
162329,JG22.2_E-564,30,Sq. Yards,3194,280,3200,695,1,0,,1,,,544
162472,JG23_478,30,Sq. Yards,3194,280,3200,702,1,0,,1,,,544
148310,RK21.2_E-552,30,Sq. Yards,3205,291,3252,691,1,0,,1,,,544
148467,CD1B_E-185,30,Sq. Yards,3213,299,3279,693,1,0,,1,,,544
148828,SD8_E-243,30,Sq. Yards,3200,286,3230,686,1,0,,1,,,544
149653,JR6_E-290,30,Sq. Yards,3206,292,3257,691,1,0,,1,,,544
150096,RW18.2-3592,30,Sq. Yards,3208,294,3264,698,1,0,,1,,,544
150214,JR6_E-299,30,Sq. Yards,3206,292,3257,683,1,0,,1,,,544
151300,PWAP_E-394,30,Sq. Yards,3212,298,3276,708,1,0,,1,,,544
152536,RW18.2-3593,30,Sq. Yards,3208,294,3264,704,1,0,,1,,,544
153229,RW27.28.26PII_E-116,30,Sq. Yards,3205,291,3252,682,1,0,,1,,,544
153329,JG22.2_E-705,30,Sq. Yards,3194,280,3200,700,1,0,,1,,,544
153458,MG9.10.3_E-169,30,Sq. Yards,3207,293,3259,683,1,0,,1,,,544
153933,RW27.28.26PII_E-239,30,Sq. Yards,3205,291,3252,693,1,0,,1,,,544
154283,JG23_1546,30,Sq. Yards,3194,280,3200,701,1,0,,1,,,544
155062,JG23_1681,30,Sq. Yards,3194,280,3200,1047,1,0,,1,,,544
155412,RW27.28.26PII_E-594,30,Sq. Yards,3205,291,3252,685,1,0,,1,,,544
156666,JAJ_E-56,30,Sq. Yards,3200,286,3229,693,1,0,,1,,,544
156816,GO13.14_132,30,Sq. Yards,3199,285,3221,694,1,0,,1,,,544
157209,JG22.2_E-517,30,Sq. Yards,3194,280,3200,701,1,0,,1,,,544
157266,RW27.28.26PII_E-1707,30,Sq. Yards,3205,291,3252,692,1,0,,1,,,544
157845,JR9PII_E-26,30,Sq. Yards,3206,292,3257,682,1,0,,1,,,544
157852,CD9_E-436,30,Sq. Yards,3213,299,3279,682,1,0,,1,,,544
158477,JG23_1750,30,Sq. Yards,3194,280,3200,684,1,0,,1,,,544
158627,GO13.14_211,30,Sq. Yards,3199,285,3221,686,1,0,,1,,,544
158727,MG9.10.2_E-57,30,Sq. Yards,3207,293,3259,692,1,0,,1,,,544
159006,RW36A_E-56,30,Sq. Yards,3205,291,3252,690,1,0,,1,,,544
160092,RK5_E-53,30,Sq. Yards,3205,291,3252,686,1,0,,1,,,544
160299,PW21_142,30,Sq. Yards,3212,298,3276,706,1,0,,1,,,544
160792,JG23_1640,30,Sq. Yards,3194,280,3200,688,1,0,,1,,,544
161435,RK5_E-165,30,Sq. Yards,3205,291,3252,702,1,0,,1,,,544
150127,RK21.2_E-154,30,Sq. Yards,3205,291,3252,687,1,0,,1,,,544
150646,JG23_1160,30,Sq. Yards,3194,280,3200,681,1,0,,1,,,544
160294,JR9PII_E-289,30,Sq. Yards,3206,292,3257,696,1,0,,1,,,544
160362,JG23_1799,30,Sq. Yards,3194,280,3200,690,1,0,,1,,,544
160698,PW21_488,30,Sq. Yards,3212,298,3276,688,1,0,,1,,,544
160762,JG23_1995,30,Sq. Yards,3194,280,3200,696,1,0,,1,,,544
160779,JG23_1696,30,Sq. Yards,3194,280,3200,702,1,0,,1,,,544
161330,RW27.28.26PII_E-1189,30,Sq. Yards,3205,291,3252,700,1,0,,1,,,544
161380,JG22.2_E-563,30,Sq. Yards,3194,280,3200,685,1,0,,1,,,544
161634,GO13.14_229,30,Sq. Yards,3199,285,3221,682,1,0,,1,,,544
162451,RK21.2_E-588,30,Sq. Yards,3205,291,3252,701,1,0,,1,,,544
162519,JG23_925,30,Sq. Yards,3194,280,3200,685,1,0,,1,,,544
147603,CD9_E-106,30,Sq. Yards,3213,299,3279,692,1,0,,1,,,544
147720,JR9PII_E-150,30,Sq. Yards,3206,292,3257,696,1,0,,1,,,544
149241,PWAP_E-337,30,Sq. Yards,3212,298,3276,939,1,0,,1,,,544
149426,SSPIII20_E-299,30,Sq. Yards,3202,288,3238,704,1,0,,1,,,544
150445,CD9_E-177,30,Sq. Yards,3213,299,3279,686,1,0,,1,,,544
150511,JR9_E-44,30,Sq. Yards,3206,292,3257,696,1,0,,1,,,544
151030,KN32_353,30,Sq. Yards,3197,283,3215,692,1,0,,1,,,544
151613,RW27.28.26PII_E-530,30,Sq. Yards,3205,291,3252,682,1,0,,1,,,544
152083,RW18.2-3454,30,Sq. Yards,3208,294,3264,693,1,0,,1,,,544
152481,RW18.2-3811,30,Sq. Yards,3208,294,3264,691,1,0,,1,,,544
152649,PJ28.3_E-151,30,Sq. Yards,3192,278,3193,689,1,0,,1,,,544
153019,MG9.10.3_E-45,30,Sq. Yards,3207,293,3259,693,1,0,,1,,,544
154055,RW18.1_E-159,30,Sq. Yards,3208,294,3264,710,1,0,,1,,,544
154387,RW18.2-2161,30,Sq. Yards,3208,294,3264,681,1,0,,1,,,544
155374,JG23_2077,30,Sq. Yards,3194,280,3200,681,1,0,,1,,,544
156127,JG23_2051,30,Sq. Yards,3194,280,3200,707,1,0,,1,,,544
156161,KN32_38,30,Sq. Yards,3197,283,3215,975,1,0,,1,,,544
156442,FD9_E-15,30,Sq. Yards,3201,287,3233,692,1,0,,1,,,544
156659,JG23_2154,30,Sq. Yards,3194,280,3200,690,1,0,,1,,,544
156710,CD1B_E-97,30,Sq. Yards,3213,299,3279,683,1,0,,1,,,544
157763,JG23_1201,30,Sq. Yards,3194,280,3200,691,1,0,,1,,,544
158550,JG22.1_E-20,30,Sq. Yards,3194,280,3200,697,1,0,,1,,,544
159469,RW18.2-2460,30,Sq. Yards,3208,294,3264,705,1,0,,1,,,544
159701,RW18.2-2220,30,Sq. Yards,3208,294,3264,707,1,0,,1,,,544
159971,JR6_E-405,30,Sq. Yards,3206,292,3257,686,1,0,,1,,,544
160120,JG22.2_E-38,30,Sq. Yards,3194,280,3200,683,1,0,,1,,,544
160171,JR6_E-291,30,Sq. Yards,3206,292,3257,687,1,0,,1,,,544
161990,PW21_386,30,Sq. Yards,3212,298,3276,710,1,0,,1,,,544
162326,JG23_340,30,Sq. Yards,3194,280,3200,681,1,0,,1,,,544
147521,RW19.1_E-107,30,Sq. Yards,3208,294,3264,688,1,0,,1,,,544
147723,RK21.2_E-223,30,Sq. Yards,3205,291,3252,690,1,0,,1,,,544
147825,JG23_834,30,Sq. Yards,3194,280,3200,700,1,0,,1,,,544
148600,JG23_1949,30,Sq. Yards,3194,280,3200,681,1,0,,1,,,544
150297,JR9_E-22,30,Sq. Yards,3206,292,3257,695,1,0,,1,,,544
150874,RW18.2-2636,30,Sq. Yards,3208,294,3264,697,1,0,,1,,,544
151140,JG22.2_E-597,30,Sq. Yards,3194,280,3200,702,1,0,,1,,,544
151367,RW18.2-3014,30,Sq. Yards,3208,294,3264,704,1,0,,1,,,544
152010,JG22.1_E-61,30,Sq. Yards,3194,280,3200,692,1,0,,1,,,544
152301,PW21_188,30,Sq. Yards,3212,298,3276,689,1,0,,1,,,544
152580,CD1B_E-186,30,Sq. Yards,3213,299,3279,691,1,0,,1,,,544
153273,RW18.2-2597,30,Sq. Yards,3208,294,3264,708,1,0,,1,,,544
153607,RW27.28.26PII_E-493,30,Sq. Yards,3205,291,3252,684,1,0,,1,,,544
154350,JG23_534,30,Sq. Yards,3194,280,3200,690,1,0,,1,,,544
154752,JR6_E-390,30,Sq. Yards,3206,292,3257,692,1,0,,1,,,544
156315,RW18.2-3192,30,Sq. Yards,3208,294,3264,710,1,0,,1,,,544
156388,MG9.10.3_E-134,30,Sq. Yards,3207,293,3259,684,1,0,,1,,,544
156613,MG9.10.3_E-357,30,Sq. Yards,3207,293,3259,684,1,0,,1,,,544
156890,RW27.28.26PII_E-106,30,Sq. Yards,3205,291,3252,684,1,0,,1,,,544
157424,SSPIII20_E-650,30,Sq. Yards,3202,288,3238,681,1,0,,1,,,544
157524,SD8_E-68,30,Sq. Yards,3200,286,3230,687,1,0,,1,,,544
158896,JG23_973,30,Sq. Yards,3194,280,3200,700,1,0,,1,,,544
159925,PW21_599,30,Sq. Yards,3212,298,3276,686,1,0,,1,,,544
159989,JG23_961,30,Sq. Yards,3194,280,3200,681,1,0,,1,,,544
160359,JAJ_E-93,30,Sq. Yards,3200,286,3229,693,1,0,,1,,,544
160427,RW27.28.26PII_E-1672,30,Sq. Yards,3205,291,3252,697,1,0,,1,,,544
152974,JG22.2_E-210,30,Sq. Yards,3194,280,3200,691,1,0,,1,,,544
154345,RW18.2-3813,30,Sq. Yards,3208,294,3264,711,1,0,,1,,,544
154799,RW27.28.26PII_E-1653,30,Sq. Yards,3205,291,3252,683,1,0,,1,,,544
155064,PW21_95,30,Sq. Yards,3212,298,3276,710,1,0,,1,,,544
155299,JG23_2006,30,Sq. Yards,3194,280,3200,694,1,0,,1,,,544
155481,JG23_2168,30,Sq. Yards,3194,280,3200,693,1,0,,1,,,544
157036,RW27.28.26PII_E-464,30,Sq. Yards,3205,291,3252,686,1,0,,1,,,544
157904,JG23_2236,30,Sq. Yards,3194,280,3200,689,1,0,,1,,,544
157922,RW27.28.26PII_E-1569,30,Sq. Yards,3205,291,3252,697,1,0,,1,,,544
158840,RW36A_E-146,30,Sq. Yards,3205,291,3252,689,1,0,,1,,,544
158843,PWAP_E-420,30,Sq. Yards,3212,298,3276,683,1,0,,1,,,544
159525,PW21_31,30,Sq. Yards,3212,298,3276,707,1,0,,1,,,544
159812,PWAP_E-24,30,Sq. Yards,3212,298,3276,685,1,0,,1,,,544
160462,RW18.2-3075,30,Sq. Yards,3208,294,3264,697,1,0,,1,,,544
161430,RW19.1_E-93,30,Sq. Yards,3208,294,3264,705,1,0,,1,,,544
161965,GO16_E-366,30,Sq. Yards,3199,285,3221,685,1,0,,1,,,544
162534,RW27.28.26PII_E-507,30,Sq. Yards,3205,291,3252,685,1,0,,1,,,544
148122,RW27.28.26PII_E-1116,30,Sq. Yards,3205,291,3252,701,1,0,,1,,,544
148222,RW27.28.26PII_E-1445,30,Sq. Yards,3205,291,3252,702,1,0,,1,,,544
149007,JG24.2_E-66,30,Sq. Yards,3194,280,3200,693,1,0,,1,,,544
149024,RK21.2_E-350,30,Sq. Yards,3205,291,3252,688,1,0,,1,,,544
150560,RW18.2-2847,30,Sq. Yards,3208,294,3264,706,1,0,,1,,,544
150779,SSPIII20_E-32,30,Sq. Yards,3202,288,3238,693,1,0,,1,,,544
152951,JG22.2_E-541,30,Sq. Yards,3194,280,3200,682,1,0,,1,,,544
153234,FD9_E-126,30,Sq. Yards,3201,287,3233,686,1,0,,1,,,544
153617,RW27.28.26PII_E-1587,30,Sq. Yards,3205,291,3252,683,1,0,,1,,,544
154119,JG23_1579,30,Sq. Yards,3194,280,3200,684,1,0,,1,,,544
154774,RK21.2_E-185,30,Sq. Yards,3205,291,3252,700,1,0,,1,,,544
155008,GO16_E-181,30,Sq. Yards,3199,285,3221,682,1,0,,1,,,544
155389,JG23_1963,30,Sq. Yards,3194,280,3200,684,1,0,,1,,,544
156727,RW18.2-2551,30,Sq. Yards,3208,294,3264,704,1,0,,1,,,544
157110,RK21.2_E-401,30,Sq. Yards,3205,291,3252,682,1,0,,1,,,544
157127,KN32_164,30,Sq. Yards,3197,283,3215,683,1,0,,1,,,544
157210,RW36A_E-131,30,Sq. Yards,3205,291,3252,692,1,0,,1,,,544
157214,JR9_E-52,30,Sq. Yards,3206,292,3257,683,1,0,,1,,,544
157946,PW21_29,30,Sq. Yards,3212,298,3276,702,1,0,,1,,,544
158031,FD9_E-192,30,Sq. Yards,3201,287,3233,685,1,0,,1,,,544
158231,RW18.2-2214,30,Sq. Yards,3208,294,3264,708,1,0,,1,,,544
158648,PW21_938,30,Sq. Yards,3212,298,3276,706,1,0,,1,,,544
159435,JG22.2_E-438,30,Sq. Yards,3194,280,3200,692,1,0,,1,,,544
159569,JG22.2_E-646,30,Sq. Yards,3194,280,3200,681,1,0,,1,,,544
162275,RW18.2-2689,30,Sq. Yards,3208,294,3264,698,1,0,,1,,,544
147632,JR6_E-49,30,Sq. Yards,3206,292,3257,682,1,0,,1,,,544
147700,PWAP_E-232,30,Sq. Yards,3212,298,3276,689,1,0,,1,,,544
147764,JG22.2_E-503,30,Sq. Yards,3194,280,3200,696,1,0,,1,,,544
149627,JG23_2096,30,Sq. Yards,3194,280,3200,685,1,0,,1,,,544
149629,RW36A_E-172,30,Sq. Yards,3205,291,3252,690,1,0,,1,,,544
150797,JG23_1089,30,Sq. Yards,3194,280,3200,685,1,0,,1,,,544
152312,RK21.2_E-257,30,Sq. Yards,3205,291,3252,690,1,0,,1,,,544
152535,PJ28.1_E-80,30,Sq. Yards,3192,278,3193,935,1,0,,1,,,544
152971,MG9.10.3_E-113,30,Sq. Yards,3207,293,3259,693,1,0,,1,,,544
154675,CD9_E-405,30,Sq. Yards,3213,299,3279,690,1,0,,1,,,544
154777,RW18.2-3573,30,Sq. Yards,3208,294,3264,687,1,0,,1,,,544
154820,RK21.2_E-136,30,Sq. Yards,3205,291,3252,686,1,0,,1,,,544
155111,PJ28.1_E-168,30,Sq. Yards,3192,278,3193,692,1,0,,1,,,544
155352,GO13.14_191,30,Sq. Yards,3199,285,3221,696,1,0,,1,,,544
157292,JG22.2_E-631,30,Sq. Yards,3194,280,3200,684,1,0,,1,,,544
157526,JR6_E-283,30,Sq. Yards,3206,292,3257,685,1,0,,1,,,544
158087,JG23_595,30,Sq. Yards,3194,280,3200,707,1,0,,1,,,544
159055,RW18.2-3468,30,Sq. Yards,3208,294,3264,684,1,0,,1,,,544
160493,RW36A_E-35,30,Sq. Yards,3205,291,3252,682,1,0,,1,,,544
160659,KN9.32_E-97,30,Sq. Yards,3197,283,3215,686,1,0,,1,,,544
161495,RW18.2-2440,30,Sq. Yards,3208,294,3264,697,1,0,,1,,,544
162238,PW21_1039,30,Sq. Yards,3212,298,3276,689,1,0,,1,,,544
147865,CD1B_E-160,30,Sq. Yards,3213,299,3279,691,1,0,,1,,,544
147883,JR6_E-243,30,Sq. Yards,3206,292,3257,684,1,0,,1,,,544
148065,MG9.10.3_E-356,30,Sq. Yards,3207,293,3259,692,1,0,,1,,,544
148140,RW27.28.26PII_E-1024,30,Sq. Yards,3205,291,3252,688,1,0,,1,,,544
148183,JG23_1924,30,Sq. Yards,3194,280,3200,683,1,0,,1,,,544
150730,PW21_98,30,Sq. Yards,3212,298,3276,691,1,0,,1,,,544
150873,RW27.28.26PII_E-845,30,Sq. Yards,3205,291,3252,682,1,0,,1,,,544
151223,KN32_216,30,Sq. Yards,3197,283,3215,681,1,0,,1,,,544
151284,PJ28.1_E-1,30,Sq. Yards,3192,278,3193,935,1,0,,1,,,544
153399,JR9PII_E-68,30,Sq. Yards,3206,292,3257,688,1,0,,1,,,544
154767,RW36A_E-61,30,Sq. Yards,3205,291,3252,684,1,0,,1,,,544
155192,CD9_E-110,30,Sq. Yards,3213,299,3279,689,1,0,,1,,,544
155296,MG9.10.3_E-251,30,Sq. Yards,3207,293,3259,684,1,0,,1,,,544
155435,RK5_E-15,30,Sq. Yards,3205,291,3252,692,1,0,,1,,,544
155639,RW18.2-2398,30,Sq. Yards,3208,294,3264,681,1,0,,1,,,544
155703,RW18.2-2609,30,Sq. Yards,3208,294,3264,684,1,0,,1,,,544
155764,JG23_960,30,Sq. Yards,3194,280,3200,696,1,0,,1,,,544
155964,RK5_E-308,30,Sq. Yards,3205,291,3252,684,1,0,,1,,,544
156521,PW21_461,30,Sq. Yards,3212,298,3276,707,1,0,,1,,,544
156800,JR6_E-241,30,Sq. Yards,3206,292,3257,688,1,0,,1,,,544
156900,JR6_E-198,30,Sq. Yards,3206,292,3257,683,1,0,,1,,,544
157611,FD9_E-115,30,Sq. Yards,3201,287,3233,691,1,0,,1,,,544
158872,JR6_E-465,30,Sq. Yards,3206,292,3257,687,1,0,,1,,,544
158911,JG23_441,30,Sq. Yards,3194,280,3200,690,1,0,,1,,,544
159540,RW18.2-3036,30,Sq. Yards,3208,294,3264,702,1,0,,1,,,544
161912,JG23_526,30,Sq. Yards,3194,280,3200,682,1,0,,1,,,544
162648,JG23_1641,30,Sq. Yards,3194,280,3200,681,1,0,,1,,,544
162691,RW18.2-2918,30,Sq. Yards,3208,294,3264,707,1,0,,1,,,544
148446,JG23_1865,30,Sq. Yards,3194,280,3200,682,1,0,,1,,,544
148914,SD8_E-151,30,Sq. Yards,3200,286,3230,687,1,0,,1,,,544
149349,FD9_E-156,30,Sq. Yards,3201,287,3233,700,1,0,,1,,,544
149464,JR6_E-210,30,Sq. Yards,3206,292,3257,695,1,0,,1,,,544
149581,JG23_1429,30,Sq. Yards,3194,280,3200,701,1,0,,1,,,544
149768,JG23_2092,30,Sq. Yards,3194,280,3200,696,1,0,,1,,,544
150250,RW27.28.26PII_E-1650,30,Sq. Yards,3205,291,3252,683,1,0,,1,,,544
150268,GO16_E-18,30,Sq. Yards,3199,285,3221,690,1,0,,1,,,544
150536,JG23_684,30,Sq. Yards,3194,280,3200,696,1,0,,1,,,544
150754,MG9.10.3_E-261,30,Sq. Yards,3207,293,3259,693,1,0,,1,,,544
151821,JR6_E-27,30,Sq. Yards,3206,292,3257,696,1,0,,1,,,544
151907,GO13.14_178,30,Sq. Yards,3199,285,3221,682,1,0,,1,,,544
152325,PW21_526,30,Sq. Yards,3212,298,3276,684,1,0,,1,,,544
153426,JR6_E-113,30,Sq. Yards,3206,292,3257,684,1,0,,1,,,544
154111,JG22.2_E-762,30,Sq. Yards,3194,280,3200,689,1,0,,1,,,544
154362,RW27.28.26PII_E-1329,30,Sq. Yards,3205,291,3252,702,1,0,,1,,,544
154830,RW27.28.26PII_E-1524,30,Sq. Yards,3205,291,3252,700,1,0,,1,,,544
155230,PWAP_E-165,30,Sq. Yards,3212,298,3276,685,1,0,,1,,,544
155280,RW27.28.26PII_E-858,30,Sq. Yards,3205,291,3252,701,1,0,,1,,,544
155433,SSPIII20_E-576,30,Sq. Yards,3202,288,3238,709,1,0,,1,,,544
155466,JR6_E-420,30,Sq. Yards,3206,292,3257,693,1,0,,1,,,544
156052,RW18.1_E-83,30,Sq. Yards,3208,294,3264,683,1,0,,1,,,544
156637,JG23_781,30,Sq. Yards,3194,280,3200,686,1,0,,1,,,544
156651,PW21_1066,30,Sq. Yards,3212,298,3276,696,1,0,,1,,,544
157070,RW18.1_E-112,30,Sq. Yards,3208,294,3264,685,1,0,,1,,,544
157137,CD9_E-421,30,Sq. Yards,3213,299,3279,690,1,0,,1,,,544
160478,PW21_21,30,Sq. Yards,3212,298,3276,700,1,0,,1,,,544
161464,KN32_257,30,Sq. Yards,3197,283,3215,681,1,0,,1,,,544
161749,RW36A_E-30,30,Sq. Yards,3205,291,3252,690,1,0,,1,,,544
162217,RW27.28.26PII_E-941,30,Sq. Yards,3205,291,3252,683,1,0,,1,,,544
162436,MG9.10.3_E-343,30,Sq. Yards,3207,293,3259,684,1,0,,1,,,544
162654,RW27.28.26PII_E-575,30,Sq. Yards,3205,291,3252,697,1,0,,1,,,544
147544,JG23_687,30,Sq. Yards,3194,280,3200,681,1,0,,1,,,544
147629,JG23_1840,30,Sq. Yards,3194,280,3200,687,1,0,,1,,,544
147776,KN32_219,30,Sq. Yards,3197,283,3215,692,1,0,,1,,,544
148580,RW27.28.26PII_E-1394,30,Sq. Yards,3205,291,3252,686,1,0,,1,,,544
148966,JG23_2048,30,Sq. Yards,3194,280,3200,693,1,0,,1,,,544
161518,JG23_1633,30,Sq. Yards,3194,280,3200,682,1,0,,1,,,544
162581,JG23_1552,30,Sq. Yards,3194,280,3200,701,1,0,,1,,,544
147868,PW21_1,30,Sq. Yards,3212,298,3276,705,1,0,,1,,,544
149172,KN9.32_E-158,30,Sq. Yards,3197,283,3215,698,1,0,,1,,,544
149174,RW36A_E-165,30,Sq. Yards,3205,291,3252,689,1,0,,1,,,544
149457,SSPIII20_E-380,30,Sq. Yards,3202,288,3238,690,1,0,,1,,,544
150159,RW19.2_E-75,30,Sq. Yards,3208,294,3264,704,1,0,,1,,,544
150361,GO13.14_158,30,Sq. Yards,3199,285,3221,703,1,0,,1,,,544
150425,GO16_E-192,30,Sq. Yards,3199,285,3221,689,1,0,,1,,,544
152865,PWAP_E-75,30,Sq. Yards,3212,298,3276,691,1,0,,1,,,544
153133,RW18.2-2439,30,Sq. Yards,3208,294,3264,708,1,0,,1,,,544
154088,PW21_842,30,Sq. Yards,3212,298,3276,706,1,0,,1,,,544
154305,RK5_E-21,30,Sq. Yards,3205,291,3252,690,1,0,,1,,,544
155105,RW18.2-2451,30,Sq. Yards,3208,294,3264,685,1,0,,1,,,544
155658,RW36A_E-124,30,Sq. Yards,3205,291,3252,681,1,0,,1,,,544
157094,JR6_E-218,30,Sq. Yards,3206,292,3257,693,1,0,,1,,,544
157345,JG22.2_E-246,30,Sq. Yards,3194,280,3200,690,1,0,,1,,,544
157613,PW21_194,30,Sq. Yards,3212,298,3276,691,1,0,,1,,,544
157981,GO13.14_125,30,Sq. Yards,3199,285,3221,685,1,0,,1,,,544
158113,CD1B_E-153,30,Sq. Yards,3213,299,3279,683,1,0,,1,,,544
158132,PW21_107,30,Sq. Yards,3212,298,3276,921,1,0,,1,,,544
158198,RW18.2-2210,30,Sq. Yards,3208,294,3264,685,1,0,,1,,,544
158683,FD9_E-86,30,Sq. Yards,3201,287,3233,693,1,0,,1,,,544
159134,SD8_E-43,30,Sq. Yards,3200,286,3230,682,1,0,,1,,,544
159217,SSPIII20_E-69,30,Sq. Yards,3202,288,3238,707,1,0,,1,,,544
161774,PW21_606,30,Sq. Yards,3212,298,3276,698,1,0,,1,,,544
147958,JG24.2_E-23,30,Sq. Yards,3194,280,3200,700,1,0,,1,,,544
148551,PW21_339,30,Sq. Yards,3212,298,3276,685,1,0,,1,,,544
148769,RW18.2-2420,30,Sq. Yards,3208,294,3264,681,1,0,,1,,,544
149187,RW36A_E-174,30,Sq. Yards,3205,291,3252,692,1,0,,1,,,544
149351,RW36A_E-73,30,Sq. Yards,3205,291,3252,702,1,0,,1,,,544
150162,MG9.10.3_E-283,30,Sq. Yards,3207,293,3259,687,1,0,,1,,,544
151334,SD8_E-162,30,Sq. Yards,3200,286,3230,695,1,0,,1,,,544
151559,SSPIII20_E-651,30,Sq. Yards,3202,288,3238,693,1,0,,1,,,544
152913,JG23_1466,30,Sq. Yards,3194,280,3200,682,1,0,,1,,,544
152995,RW27.28.26PII_E-948,30,Sq. Yards,3205,291,3252,682,1,0,,1,,,544
154224,RW18.2-3822,30,Sq. Yards,3208,294,3264,710,1,0,,1,,,544
154424,RW27.28.26PII_E-1714,30,Sq. Yards,3205,291,3252,684,1,0,,1,,,544
154467,PWAP_E-149,30,Sq. Yards,3212,298,3276,681,1,0,,1,,,544
154549,RW36A_E-46,30,Sq. Yards,3205,291,3252,682,1,0,,1,,,544
155278,RW18.2-3302,30,Sq. Yards,3208,294,3264,707,1,0,,1,,,544
155303,PJ28.3_E-32,30,Sq. Yards,3192,278,3193,684,1,0,,1,,,544
155371,RW27.28.26PII_E-1466,30,Sq. Yards,3205,291,3252,684,1,0,,1,,,544
155871,PW21_1030,30,Sq. Yards,3212,298,3276,685,1,0,,1,,,544
155996,SSPIII20_E-695,30,Sq. Yards,3202,288,3238,706,1,0,,1,,,544
156446,RW18.2-3451,30,Sq. Yards,3208,294,3264,689,1,0,,1,,,544
156957,RW27.28.26PII_E-1618,30,Sq. Yards,3205,291,3252,697,1,0,,1,,,544
157114,SSPIII20_E-675,30,Sq. Yards,3202,288,3238,690,1,0,,1,,,544
157850,RW27.28.26PII_E-947,30,Sq. Yards,3205,291,3252,686,1,0,,1,,,544
158479,RK5_E-70,30,Sq. Yards,3205,291,3252,687,1,0,,1,,,544
160894,RW18.2-3275,30,Sq. Yards,3208,294,3264,684,1,0,,1,,,544
161412,RW18.2-3400,30,Sq. Yards,3208,294,3264,684,1,0,,1,,,544
148028,RW18.2-2041,30,Sq. Yards,3208,294,3264,710,1,0,,1,,,544
148431,SSPIII20_E-504,30,Sq. Yards,3202,288,3238,708,1,0,,1,,,544
148846,JG23_1797,30,Sq. Yards,3194,280,3200,683,1,0,,1,,,544
150685,JG23_1301,30,Sq. Yards,3194,280,3200,683,1,0,,1,,,544
152458,SSPIII20_E-300,30,Sq. Yards,3202,288,3238,703,1,0,,1,,,544
153143,MG9.10.3_E-244,30,Sq. Yards,3207,293,3259,689,1,0,,1,,,544
155598,KN32_159,30,Sq. Yards,3197,283,3215,694,1,0,,1,,,544
155715,JR6_E-94,30,Sq. Yards,3206,292,3257,686,1,0,,1,,,544
155848,JG23_1218,30,Sq. Yards,3194,280,3200,685,1,0,,1,,,544
155916,RW18.2-2180,30,Sq. Yards,3208,294,3264,705,1,0,,1,,,544
156084,JG23_697,30,Sq. Yards,3194,280,3200,697,1,0,,1,,,544
156302,RW27.28.26PII_E-12,30,Sq. Yards,3205,291,3252,697,1,0,,1,,,544
161529,RW18.2-2757,30,Sq. Yards,3208,294,3264,701,1,0,,1,,,544
161763,SSPIII20_E-730,30,Sq. Yards,3202,288,3238,709,1,0,,1,,,544
147646,KN32_345,30,Sq. Yards,3197,283,3215,681,1,0,,1,,,544
148414,JR6_E-14,30,Sq. Yards,3206,292,3257,691,1,0,,1,,,544
148896,JG24.2_E-99,30,Sq. Yards,3194,280,3200,1051,1,0,,1,,,544
149164,JG22.2_E-92,30,Sq. Yards,3194,280,3200,691,1,0,,1,,,544
150418,JR9PII_E-115,30,Sq. Yards,3206,292,3257,697,1,0,,1,,,544
151840,SSPIII20_E-402,30,Sq. Yards,3202,288,3238,698,1,0,,1,,,544
152258,RW36A_E-92,30,Sq. Yards,3205,291,3252,690,1,0,,1,,,544
153626,PW21_677,30,Sq. Yards,3212,298,3276,699,1,0,,1,,,544
153743,RW27.28.26PII_E-1165,30,Sq. Yards,3205,291,3252,683,1,0,,1,,,544
154144,RW27.28.26PII_E-826,30,Sq. Yards,3205,291,3252,693,1,0,,1,,,544
154347,RW18.2-2575,30,Sq. Yards,3208,294,3264,708,1,0,,1,,,544
156151,JG23_992,30,Sq. Yards,3194,280,3200,695,1,0,,1,,,544
157169,JR9_E-27,30,Sq. Yards,3206,292,3257,683,1,0,,1,,,544
157406,RW18.2-2823,30,Sq. Yards,3208,294,3264,700,1,0,,1,,,544
157538,JG23_308,30,Sq. Yards,3194,280,3200,696,1,0,,1,,,544
157555,KN9.32_E-59,30,Sq. Yards,3197,283,3215,687,1,0,,1,,,544
157673,JG24.1_E-6,30,Sq. Yards,3194,280,3200,686,1,0,,1,,,544
158041,RW36A_E-239,30,Sq. Yards,3205,291,3252,688,1,0,,1,,,544
158141,KN32_158,30,Sq. Yards,3197,283,3215,686,1,0,,1,,,544
158691,JG23_1378,30,Sq. Yards,3194,280,3200,682,1,0,,1,,,544
158959,PWAP_E-307,30,Sq. Yards,3212,298,3276,706,1,0,,1,,,544
159277,JG23_1671,30,Sq. Yards,3194,280,3200,690,1,0,,1,,,544
159595,RK21.2_E-216,30,Sq. Yards,3205,291,3252,686,1,0,,1,,,544
160046,RW18.2-3490,30,Sq. Yards,3208,294,3264,686,1,0,,1,,,544
160345,PW21_1005,30,Sq. Yards,3212,298,3276,696,1,0,,1,,,544
160996,RW18.2-2480,30,Sq. Yards,3208,294,3264,698,1,0,,1,,,544
149392,JG23_1251,30,Sq. Yards,3194,280,3200,702,1,0,,1,,,544
150194,RK5_E-271,30,Sq. Yards,3205,291,3252,700,1,0,,1,,,544
152047,JR6_E-145,30,Sq. Yards,3206,292,3257,692,1,0,,1,,,544
152049,JG23_1904,30,Sq. Yards,3194,280,3200,695,1,0,,1,,,544
152815,FD9_E-38,30,Sq. Yards,3201,287,3233,704,1,0,,1,,,544
153319,JG23_1393,30,Sq. Yards,3194,280,3200,695,1,0,,1,,,544
154272,RW27.28.26PII_E-1170,30,Sq. Yards,3205,291,3252,695,1,0,,1,,,544
154353,GO16_E-256,30,Sq. Yards,3199,285,3221,699,1,0,,1,,,544
154472,RK21.2_E-277,30,Sq. Yards,3205,291,3252,697,1,0,,1,,,544
154506,JG23_313,30,Sq. Yards,3194,280,3200,693,1,0,,1,,,544
154704,RW27.28.26PII_E-39,30,Sq. Yards,3205,291,3252,686,1,0,,1,,,544
155525,RW18.2-3254,30,Sq. Yards,3208,294,3264,683,1,0,,1,,,544
155708,JG23_1761,30,Sq. Yards,3194,280,3200,700,1,0,,1,,,544
156759,CD9_E-31,30,Sq. Yards,3213,299,3279,694,1,0,,1,,,544
158601,SSPIII20_E-665,30,Sq. Yards,3202,288,3238,703,1,0,,1,,,544
159084,SSPIII20_E-318,30,Sq. Yards,3202,288,3238,704,1,0,,1,,,544
159235,CD9_E-231,30,Sq. Yards,3213,299,3279,689,1,0,,1,,,544
160105,JG23_1051,30,Sq. Yards,3194,280,3200,702,1,0,,1,,,544
160603,JG24.2_E-137,30,Sq. Yards,3194,280,3200,695,1,0,,1,,,544
160807,KN9.32_E-6,30,Sq. Yards,3197,283,3215,975,1,0,,1,,,544
161626,PJ28.3_E-158,30,Sq. Yards,3192,278,3193,683,1,0,,1,,,544
161892,CD9_E-226,30,Sq. Yards,3213,299,3279,693,1,0,,1,,,544
147756,CD1B_E-63,30,Sq. Yards,3213,299,3279,681,1,0,,1,,,544
148117,PW21_477,30,Sq. Yards,3212,298,3276,699,1,0,,1,,,544
148442,FD9_E-12,30,Sq. Yards,3201,287,3233,992,1,0,,1,,,544
149928,JG22.2_E-299,30,Sq. Yards,3194,280,3200,682,1,0,,1,,,544
150114,KN32_280,30,Sq. Yards,3197,283,3215,683,1,0,,1,,,544
150271,RK21.2_E-436,30,Sq. Yards,3205,291,3252,683,1,0,,1,,,544
150446,RW18.2-2666,30,Sq. Yards,3208,294,3264,708,1,0,,1,,,544
150714,SD8_E-170,30,Sq. Yards,3200,286,3230,693,1,0,,1,,,544
150989,FD9_E-131,30,Sq. Yards,3201,287,3233,978,1,0,,1,,,544
151125,PJ28.1_E-29,30,Sq. Yards,3192,278,3193,974,1,0,,1,,,544
151250,RW27.28.26PII_E-1,30,Sq. Yards,3205,291,3252,690,1,0,,1,,,544
151500,JG23_617,30,Sq. Yards,3194,280,3200,691,1,0,,1,,,544
152029,JG22.2_E-599,30,Sq. Yards,3194,280,3200,685,1,0,,1,,,544
152954,PWAP_E-261,30,Sq. Yards,3212,298,3276,691,1,0,,1,,,544
154040,PJ28.3_E-146,30,Sq. Yards,3192,278,3193,913,1,0,,1,,,544
160534,RW18.1_E-165,30,Sq. Yards,3208,294,3264,697,1,0,,1,,,544
160800,RW27.28.26PII_E-649,30,Sq. Yards,3205,291,3252,700,1,0,,1,,,544
161738,RW27.28.26PII_E-131,30,Sq. Yards,3205,291,3252,683,1,0,,1,,,544
162138,PW21_694,30,Sq. Yards,3212,298,3276,707,1,0,,1,,,544
162272,KN32_184,30,Sq. Yards,3197,283,3215,683,1,0,,1,,,544
147492,SSPIII20_E-669,30,Sq. Yards,3202,288,3238,851,1,0,,1,,,544
148695,KN9.32_E-11,30,Sq. Yards,3197,283,3215,681,1,0,,1,,,544
149150,PWAP_E-82,30,Sq. Yards,3212,298,3276,696,1,0,,1,,,544
149532,JG23_467,30,Sq. Yards,3194,280,3200,1055,1,0,,1,,,544
151153,RK21.2_E-224,30,Sq. Yards,3205,291,3252,690,1,0,,1,,,544
151740,PW21_1095,30,Sq. Yards,3212,298,3276,710,1,0,,1,,,544
151939,SSPIII20_E-407,30,Sq. Yards,3202,288,3238,681,1,0,,1,,,544
152490,RW27.28.26PII_E-1187,30,Sq. Yards,3205,291,3252,684,1,0,,1,,,544
153343,MG9.10.3_E-232,30,Sq. Yards,3207,293,3259,682,1,0,,1,,,544
153526,RW18.2-2527,30,Sq. Yards,3208,294,3264,685,1,0,,1,,,544
153761,GO16_E-16,30,Sq. Yards,3199,285,3221,685,1,0,,1,,,544
153826,JG22.2_E-611,30,Sq. Yards,3194,280,3200,695,1,0,,1,,,544
154498,KN32_327,30,Sq. Yards,3197,283,3215,681,1,0,,1,,,544
154930,RW27.28.26PII_E-346,30,Sq. Yards,3205,291,3252,684,1,0,,1,,,544
156069,RW27.28.26PII_E-205,30,Sq. Yards,3205,291,3252,684,1,0,,1,,,544
156266,RW18.2-2909,30,Sq. Yards,3208,294,3264,704,1,0,,1,,,544
156819,JG23_1349,30,Sq. Yards,3194,280,3200,686,1,0,,1,,,544
158074,PJ28.1_E-30,30,Sq. Yards,3192,278,3193,944,1,0,,1,,,544
158241,PW21_347,30,Sq. Yards,3212,298,3276,700,1,0,,1,,,544
158474,MG9.10.3_E-112,30,Sq. Yards,3207,293,3259,693,1,0,,1,,,544
159274,FD9_E-84,30,Sq. Yards,3201,287,3233,693,1,0,,1,,,544
159342,JR6_E-194,30,Sq. Yards,3206,292,3257,692,1,0,,1,,,544
160214,JG23_1796,30,Sq. Yards,3194,280,3200,683,1,0,,1,,,544
160728,JG22.2_E-485,30,Sq. Yards,3194,280,3200,689,1,0,,1,,,544
161164,CD1B_E-92,30,Sq. Yards,3213,299,3279,681,1,0,,1,,,544
161667,PJ28.3_E-161,30,Sq. Yards,3192,278,3193,681,1,0,,1,,,544
161832,PW21_399,30,Sq. Yards,3212,298,3276,768,1,0,,1,,,544
147690,JR6_E-151,30,Sq. Yards,3206,292,3257,696,1,0,,1,,,544
147976,PWAP_E-325,30,Sq. Yards,3212,298,3276,691,1,0,,1,,,544
148058,FD9_E-186,30,Sq. Yards,3201,287,3233,682,1,0,,1,,,544
154185,PWAP_E-269,30,Sq. Yards,3212,298,3276,705,1,0,,1,,,544
154435,SSPIII20_E-661,30,Sq. Yards,3202,288,3238,681,1,0,,1,,,544
155621,RW27.28.26PII_E-494,30,Sq. Yards,3205,291,3252,690,1,0,,1,,,544
155635,RW27.28.26PII_E-617,30,Sq. Yards,3205,291,3252,684,1,0,,1,,,544
156078,CD9_E-139,30,Sq. Yards,3213,299,3279,689,1,0,,1,,,544
156457,KN32_125,30,Sq. Yards,3197,283,3215,686,1,0,,1,,,544
156932,GO13.14_77,30,Sq. Yards,3199,285,3221,703,1,0,,1,,,544
156975,GO16_E-194,30,Sq. Yards,3199,285,3221,697,1,0,,1,,,544
157575,CD9_E-26,30,Sq. Yards,3213,299,3279,695,1,0,,1,,,544
157943,JAJ_E-85,30,Sq. Yards,3200,286,3229,682,1,0,,1,,,544
158554,PW21_827,30,Sq. Yards,3212,298,3276,685,1,0,,1,,,544
158854,RW18.1_E-150,30,Sq. Yards,3208,294,3264,704,1,0,,1,,,544
160994,CD9_E-357,30,Sq. Yards,3213,299,3279,687,1,0,,1,,,544
161219,RK21.2_E-442,30,Sq. Yards,3205,291,3252,698,1,0,,1,,,544
161387,PWAP_E-435,30,Sq. Yards,3212,298,3276,686,1,0,,1,,,544
147716,JR9PII_E-302,30,Sq. Yards,3206,292,3257,690,1,0,,1,,,544
148048,JR9PII_E-36,30,Sq. Yards,3206,292,3257,694,1,0,,1,,,544
149252,KN32_283,30,Sq. Yards,3197,283,3215,699,1,0,,1,,,544
150522,RW36A_E-273,30,Sq. Yards,3205,291,3252,690,1,0,,1,,,544
152162,CD9_E-51,30,Sq. Yards,3213,299,3279,691,1,0,,1,,,544
152889,JG23_2265,30,Sq. Yards,3194,280,3200,687,1,0,,1,,,544
153121,RW18.2-2207,30,Sq. Yards,3208,294,3264,685,1,0,,1,,,544
153466,RK21.2_E-519,30,Sq. Yards,3205,291,3252,686,1,0,,1,,,544
153491,RW27.28.26PII_E-532,30,Sq. Yards,3205,291,3252,702,1,0,,1,,,544
153834,JG22.2_E-59,30,Sq. Yards,3194,280,3200,691,1,0,,1,,,544
154834,RW27.28.26PII_E-370,30,Sq. Yards,3205,291,3252,695,1,0,,1,,,544
155329,PW21_406,30,Sq. Yards,3212,298,3276,691,1,0,,1,,,544
156036,JG24.2_E-76,30,Sq. Yards,3194,280,3200,681,1,0,,1,,,544
156106,CD9_E-344,30,Sq. Yards,3213,299,3279,701,1,0,,1,,,544
151210,RW27.28.26PII_E-560,30,Sq. Yards,3205,291,3252,685,1,0,,1,,,544
151701,JR6_E-451,30,Sq. Yards,3206,292,3257,696,1,0,,1,,,544
152237,SD8_E-218,30,Sq. Yards,3200,286,3230,688,1,0,,1,,,544
152614,JG23_1584,30,Sq. Yards,3194,280,3200,692,1,0,,1,,,544
152780,JG23_2211,30,Sq. Yards,3194,280,3200,692,1,0,,1,,,544
153541,JG23_966,30,Sq. Yards,3194,280,3200,690,1,0,,1,,,544
154275,RW27.28.26PII_E-673,30,Sq. Yards,3205,291,3252,687,1,0,,1,,,544
155686,JG23_2021,30,Sq. Yards,3194,280,3200,682,1,0,,1,,,544
156145,RW19.2_E-40,30,Sq. Yards,3208,294,3264,681,1,0,,1,,,544
156547,JR6_E-202,30,Sq. Yards,3206,292,3257,688,1,0,,1,,,544
157385,KN32_142,30,Sq. Yards,3197,283,3215,686,1,0,,1,,,544
158194,JG22.2_E-125,30,Sq. Yards,3194,280,3200,691,1,0,,1,,,544
158662,JG24.1_E-33,30,Sq. Yards,3194,280,3200,685,1,0,,1,,,544
159889,RK21.2_E-437,30,Sq. Yards,3205,291,3252,688,1,0,,1,,,544
161402,RW18.1_E-61,30,Sq. Yards,3208,294,3264,698,1,0,,1,,,544
162270,JG23_2267,30,Sq. Yards,3194,280,3200,700,1,0,,1,,,544
148106,RW18.2-3802,30,Sq. Yards,3208,294,3264,708,1,0,,1,,,544
149296,JG23_964,30,Sq. Yards,3194,280,3200,696,1,0,,1,,,544
149585,RW36A_E-305,30,Sq. Yards,3205,291,3252,684,1,0,,1,,,544
149671,KN32_188,30,Sq. Yards,3197,283,3215,681,1,0,,1,,,544
150132,JG23_1384,30,Sq. Yards,3194,280,3200,695,1,0,,1,,,544
150439,RW27.28.26PII_E-1393,30,Sq. Yards,3205,291,3252,681,1,0,,1,,,544
150689,JG23_1138,30,Sq. Yards,3194,280,3200,685,1,0,,1,,,544
150775,GO13.14_179,30,Sq. Yards,3199,285,3221,684,1,0,,1,,,544
151643,KN9.32_E-23,30,Sq. Yards,3197,283,3215,698,1,0,,1,,,544
152468,JG22.1_E-58,30,Sq. Yards,3194,280,3200,684,1,0,,1,,,544
152629,CD1B_E-42,30,Sq. Yards,3213,299,3279,684,1,0,,1,,,544
153897,JG22.2_E-672,30,Sq. Yards,3194,280,3200,684,1,0,,1,,,544
154408,PWAP_E-209,30,Sq. Yards,3212,298,3276,688,1,0,,1,,,544
154476,RW36A_E-255,30,Sq. Yards,3205,291,3252,694,1,0,,1,,,544
155730,CD9_E-416,30,Sq. Yards,3213,299,3279,681,1,0,,1,,,544
157841,PJ28.1_E-96,30,Sq. Yards,3192,278,3193,689,1,0,,1,,,544
158695,PJ28.2_E-5,30,Sq. Yards,3192,278,3193,935,1,0,,1,,,544
158906,RW18.2-3564,30,Sq. Yards,3208,294,3264,684,1,0,,1,,,544
159163,PWAP_E-121,30,Sq. Yards,3212,298,3276,691,1,0,,1,,,544
159606,PJ28.1_E-35,30,Sq. Yards,3192,278,3193,935,1,0,,1,,,544
160067,PW21_864,30,Sq. Yards,3212,298,3276,691,1,0,,1,,,544
160610,JG23_1984,30,Sq. Yards,3194,280,3200,685,1,0,,1,,,544
161042,CD9_E-269,30,Sq. Yards,3213,299,3279,695,1,0,,1,,,544
161814,RW27.28.26PII_E-780,30,Sq. Yards,3205,291,3252,700,1,0,,1,,,544
161889,RW27.28.26PII_E-1297,30,Sq. Yards,3205,291,3252,690,1,0,,1,,,544
162357,PW21_1154,30,Sq. Yards,3212,298,3276,691,1,0,,1,,,544
147634,MG9.10.3_E-111,30,Sq. Yards,3207,293,3259,681,1,0,,1,,,544
148002,JG22.2_E-554,30,Sq. Yards,3194,280,3200,689,1,0,,1,,,544
148387,RW18.1_E-52,30,Sq. Yards,3208,294,3264,682,1,0,,1,,,544
149255,PW21_135,30,Sq. Yards,3212,298,3276,710,1,0,,1,,,544
149959,PW21_981,30,Sq. Yards,3212,298,3276,947,1,0,,1,,,544
150008,RW18.2-3683,30,Sq. Yards,3208,294,3264,693,1,0,,1,,,544
150493,JG23_741,30,Sq. Yards,3194,280,3200,697,1,0,,1,,,544
151246,RW18.2-2682,30,Sq. Yards,3208,294,3264,682,1,0,,1,,,544
152033,RW27.28.26PII_E-1474,30,Sq. Yards,3205,291,3252,694,1,0,,1,,,544
152867,RW27.28.26PII_E-1125,30,Sq. Yards,3205,291,3252,684,1,0,,1,,,544
153135,GO13.14_22,30,Sq. Yards,3199,285,3221,681,1,0,,1,,,544
154069,CD9_E-249,30,Sq. Yards,3213,299,3279,697,1,0,,1,,,544
154571,GO16_E-52,30,Sq. Yards,3199,285,3221,682,1,0,,1,,,544
154954,MG9.10.2_E-15,30,Sq. Yards,3207,293,3259,690,1,0,,1,,,544
156258,RW18.2-2949,30,Sq. Yards,3208,294,3264,692,1,0,,1,,,544
157247,PJ28.1_E-42,30,Sq. Yards,3192,278,3193,944,1,0,,1,,,544
157294,SSPIII20_E-80,30,Sq. Yards,3202,288,3238,698,1,0,,1,,,544
158264,PWAP_E-391,30,Sq. Yards,3212,298,3276,691,1,0,,1,,,544
158849,JG23_1337,30,Sq. Yards,3194,280,3200,701,1,0,,1,,,544
160421,KN9.32_E-119,30,Sq. Yards,3197,283,3215,695,1,0,,1,,,544
160472,JG23_877,30,Sq. Yards,3194,280,3200,681,1,0,,1,,,544
161174,KN32_2,30,Sq. Yards,3197,283,3215,681,1,0,,1,,,544
161823,JG23_480,30,Sq. Yards,3194,280,3200,700,1,0,,1,,,544
149913,RW27.28.26PII_E-248,30,Sq. Yards,3205,291,3252,687,1,0,,1,,,544
150690,JR9PII_E-300,30,Sq. Yards,3206,292,3257,692,1,0,,1,,,544
151415,JG22.2_E-230,30,Sq. Yards,3194,280,3200,683,1,0,,1,,,544
151419,JG22.2_E-573,30,Sq. Yards,3194,280,3200,688,1,0,,1,,,544
152251,PWAP_E-382,30,Sq. Yards,3212,298,3276,707,1,0,,1,,,544
153296,GO13.14_224,30,Sq. Yards,3199,285,3221,700,1,0,,1,,,544
154068,RW18.1_E-91,30,Sq. Yards,3208,294,3264,696,1,0,,1,,,544
154927,GO16_E-316,30,Sq. Yards,3199,285,3221,703,1,0,,1,,,544
155327,PW21_729,30,Sq. Yards,3212,298,3276,688,1,0,,1,,,544
156004,RW27.28.26PII_E-1161,30,Sq. Yards,3205,291,3252,681,1,0,,1,,,544
157133,SSPIII20_E-806,30,Sq. Yards,3202,288,3238,689,1,0,,1,,,544
157767,JG22.2_E-209,30,Sq. Yards,3194,280,3200,681,1,0,,1,,,544
158469,RK21.2_E-429,30,Sq. Yards,3205,291,3252,683,1,0,,1,,,544
158678,PWAP_E-52,30,Sq. Yards,3212,298,3276,690,1,0,,1,,,544
159412,JG23_625,30,Sq. Yards,3194,280,3200,701,1,0,,1,,,544
161309,CD1B_E-72,30,Sq. Yards,3213,299,3279,690,1,0,,1,,,544
162322,RW18.2-3118,30,Sq. Yards,3208,294,3264,709,1,0,,1,,,544
147965,RW18.2-2916,30,Sq. Yards,3208,294,3264,691,1,0,,1,,,544
148326,JG23_1745,30,Sq. Yards,3194,280,3200,681,1,0,,1,,,544
148444,RW18.1_E-25,30,Sq. Yards,3208,294,3264,683,1,0,,1,,,544
148633,RK21.2_E-298,30,Sq. Yards,3205,291,3252,696,1,0,,1,,,544
149119,CD9_E-119,30,Sq. Yards,3213,299,3279,694,1,0,,1,,,544
149201,KN9.32_E-101,30,Sq. Yards,3197,283,3215,688,1,0,,1,,,544
149530,PWAP_E-8,30,Sq. Yards,3212,298,3276,691,1,0,,1,,,544
149537,JG22.2_E-439,30,Sq. Yards,3194,280,3200,682,1,0,,1,,,544
149987,RW18.2-3336,30,Sq. Yards,3208,294,3264,692,1,0,,1,,,544
150137,JAJ_E-39,30,Sq. Yards,3200,286,3229,693,1,0,,1,,,544
150212,JR9PII_E-95,30,Sq. Yards,3206,292,3257,695,1,0,,1,,,544
150998,KN32_21,30,Sq. Yards,3197,283,3215,681,1,0,,1,,,544
152670,RW18.2-3663,30,Sq. Yards,3208,294,3264,692,1,0,,1,,,544
152895,MG9.10.2_E-55,30,Sq. Yards,3207,293,3259,693,1,0,,1,,,544
153120,JG23_902,30,Sq. Yards,3194,280,3200,687,1,0,,1,,,544
153481,RW27.28.26PII_E-912,30,Sq. Yards,3205,291,3252,684,1,0,,1,,,544
155353,RK5_E-4,30,Sq. Yards,3205,291,3252,701,1,0,,1,,,544
156232,RW27.28.26PII_E-110,30,Sq. Yards,3205,291,3252,684,1,0,,1,,,544
156307,PWAP_E-179,30,Sq. Yards,3212,298,3276,928,1,0,,1,,,544
157875,RK21.2_E-173,30,Sq. Yards,3205,291,3252,683,1,0,,1,,,544
159590,RW19.1_E-37,30,Sq. Yards,3208,294,3264,689,1,0,,1,,,544
160065,CD9_E-381,30,Sq. Yards,3213,299,3279,690,1,0,,1,,,544
162530,RK21.2_E-14,30,Sq. Yards,3205,291,3252,690,1,0,,1,,,544
162548,JR6_E-205,30,Sq. Yards,3206,292,3257,683,1,0,,1,,,544
162680,GO13.14_65,30,Sq. Yards,3199,285,3221,690,1,0,,1,,,544
147519,RW18.2-3440,30,Sq. Yards,3208,294,3264,707,1,0,,1,,,544
147687,GO13.14_214,30,Sq. Yards,3199,285,3221,699,1,0,,1,,,544
147785,JG22.2_E-338,30,Sq. Yards,3194,280,3200,687,1,0,,1,,,544
148085,GO13.14_225,30,Sq. Yards,3199,285,3221,685,1,0,,1,,,544
148204,GO16_E-242,30,Sq. Yards,3199,285,3221,702,1,0,,1,,,544
148570,SSPIII20_E-433,30,Sq. Yards,3202,288,3238,703,1,0,,1,,,544
148774,PJ28.1_E-141,30,Sq. Yards,3192,278,3193,689,1,0,,1,,,544
148823,RW18.2-2511,30,Sq. Yards,3208,294,3264,703,1,0,,1,,,544
149493,JG22.2_E-360,30,Sq. Yards,3194,280,3200,697,1,0,,1,,,544
150144,RK21.2_E-97,30,Sq. Yards,3205,291,3252,682,1,0,,1,,,544
150527,RK5_E-227,30,Sq. Yards,3205,291,3252,682,1,0,,1,,,544
151161,PW21_1096,30,Sq. Yards,3212,298,3276,695,1,0,,1,,,544
152233,GO16_E-288,30,Sq. Yards,3199,285,3221,684,1,0,,1,,,544
152665,JG23_688,30,Sq. Yards,3194,280,3200,702,1,0,,1,,,544
154169,JG23_2252,30,Sq. Yards,3194,280,3200,701,1,0,,1,,,544
154186,SSPIII20_E-817,30,Sq. Yards,3202,288,3238,688,1,0,,1,,,544
154522,JG24.2_E-5,30,Sq. Yards,3194,280,3200,682,1,0,,1,,,544
154673,JG23_2123,30,Sq. Yards,3194,280,3200,691,1,0,,1,,,544
156024,RW27.28.26PII_E-1127,30,Sq. Yards,3205,291,3252,684,1,0,,1,,,544
158081,JG22.2_E-510,30,Sq. Yards,3194,280,3200,702,1,0,,1,,,544
158347,KN32_203,30,Sq. Yards,3197,283,3215,686,1,0,,1,,,544
158832,JR9PII_E-46,30,Sq. Yards,3206,292,3257,681,1,0,,1,,,544
159251,KN32_358,30,Sq. Yards,3197,283,3215,681,1,0,,1,,,544
151576,RW18.2-2561,30,Sq. Yards,3208,294,3264,685,1,0,,1,,,544
151644,CD9_E-211,30,Sq. Yards,3213,299,3279,683,1,0,,1,,,544
152035,RW27.28.26PII_E-473,30,Sq. Yards,3205,291,3252,696,1,0,,1,,,544
152103,JG23_1207,30,Sq. Yards,3194,280,3200,1027,1,0,,1,,,544
152937,RW18.2-2574,30,Sq. Yards,3208,294,3264,698,1,0,,1,,,544
153248,PJ28.1_E-120,30,Sq. Yards,3192,278,3193,944,1,0,,1,,,544
153539,SSPIII20_E-682,30,Sq. Yards,3202,288,3238,701,1,0,,1,,,544
153814,RW36A_E-202,30,Sq. Yards,3205,291,3252,692,1,0,,1,,,544
153973,PW21_700,30,Sq. Yards,3212,298,3276,682,1,0,,1,,,544
153982,PJ28.3_E-210,30,Sq. Yards,3192,278,3193,681,1,0,,1,,,544
154141,JG23_1179,30,Sq. Yards,3194,280,3200,686,1,0,,1,,,544
155311,JG23_1436,30,Sq. Yards,3194,280,3200,681,1,0,,1,,,544
155320,RK21.2_E-315,30,Sq. Yards,3205,291,3252,701,1,0,,1,,,544
155647,JG23_1826,30,Sq. Yards,3194,280,3200,681,1,0,,1,,,544
155713,JG23_860,30,Sq. Yards,3194,280,3200,683,1,0,,1,,,544
155979,JG22.2_E-410,30,Sq. Yards,3194,280,3200,690,1,0,,1,,,544
156047,SSPIII20_E-670,30,Sq. Yards,3202,288,3238,711,1,0,,1,,,544
156220,JG23_2232,30,Sq. Yards,3194,280,3200,683,1,0,,1,,,544
156483,JG23_633,30,Sq. Yards,3194,280,3200,691,1,0,,1,,,544
156849,SSPIII20_E-567,30,Sq. Yards,3202,288,3238,690,1,0,,1,,,544
157192,JR9PII_E-212,30,Sq. Yards,3206,292,3257,685,1,0,,1,,,544
157558,RK5_E-180,30,Sq. Yards,3205,291,3252,701,1,0,,1,,,544
158126,SSPIII20_E-659,30,Sq. Yards,3202,288,3238,711,1,0,,1,,,544
158328,SSPIII20_E-638,30,Sq. Yards,3202,288,3238,686,1,0,,1,,,544
158430,JG23_1561,30,Sq. Yards,3194,280,3200,689,1,0,,1,,,544
160491,MG9.10.3_E-235,30,Sq. Yards,3207,293,3259,689,1,0,,1,,,544
161802,RW27.28.26PII_E-1122,30,Sq. Yards,3205,291,3252,687,1,0,,1,,,544
162474,CD9_E-448,30,Sq. Yards,3213,299,3279,684,1,0,,1,,,544
147678,KN9.32_E-86,30,Sq. Yards,3197,283,3215,686,1,0,,1,,,544
147795,GO16_E-205,30,Sq. Yards,3199,285,3221,690,1,0,,1,,,544
148177,RW18.2-3734,30,Sq. Yards,3208,294,3264,705,1,0,,1,,,544
149200,CD9_E-47,30,Sq. Yards,3213,299,3279,696,1,0,,1,,,544
149432,RW27.28.26PII_E-1096,30,Sq. Yards,3205,291,3252,699,1,0,,1,,,544
150654,JG22.2_E-330,30,Sq. Yards,3194,280,3200,686,1,0,,1,,,544
151389,JG23_1636,30,Sq. Yards,3194,280,3200,688,1,0,,1,,,544
151590,PWAP_E-330,30,Sq. Yards,3212,298,3276,708,1,0,,1,,,544
152175,JR6_E-402,30,Sq. Yards,3206,292,3257,687,1,0,,1,,,544
152476,JG23_299,30,Sq. Yards,3194,280,3200,689,1,0,,1,,,544
153929,JR6_E-398,30,Sq. Yards,3206,292,3257,691,1,0,,1,,,544
154665,JG23_670,30,Sq. Yards,3194,280,3200,1055,1,0,,1,,,544
154866,SSPIII20_E-704,30,Sq. Yards,3202,288,3238,689,1,0,,1,,,544
155133,RW27.28.26PII_E-448,30,Sq. Yards,3205,291,3252,695,1,0,,1,,,544
155216,RW18.2-2763,30,Sq. Yards,3208,294,3264,683,1,0,,1,,,544
157387,JG23_1214,30,Sq. Yards,3194,280,3200,681,1,0,,1,,,544
157941,PW21_826,30,Sq. Yards,3212,298,3276,685,1,0,,1,,,544
157974,GO13.14_41,30,Sq. Yards,3199,285,3221,683,1,0,,1,,,544
158292,JG23_324,30,Sq. Yards,3194,280,3200,681,1,0,,1,,,544
158306,PW21_305,30,Sq. Yards,3212,298,3276,696,1,0,,1,,,544
158791,RW18.2-3599,30,Sq. Yards,3208,294,3264,684,1,0,,1,,,544
158924,PW21_367,30,Sq. Yards,3212,298,3276,683,1,0,,1,,,544
159377,RK5_E-225,30,Sq. Yards,3205,291,3252,690,1,0,,1,,,544
160682,RK21.2_E-142,30,Sq. Yards,3205,291,3252,685,1,0,,1,,,544
160763,JG24.2_E-75,30,Sq. Yards,3194,280,3200,681,1,0,,1,,,544
161785,FD9_E-77,30,Sq. Yards,3201,287,3233,978,1,0,,1,,,544
162135,RW27.28.26PII_E-998,30,Sq. Yards,3205,291,3252,693,1,0,,1,,,544
162704,JG22.2_E-755,30,Sq. Yards,3194,280,3200,702,1,0,,1,,,544
148456,RW27.28.26PII_E-291,30,Sq. Yards,3205,291,3252,701,1,0,,1,,,544
148990,JG22.1_E-85,30,Sq. Yards,3194,280,3200,688,1,0,,1,,,544
149239,SD8_E-120,30,Sq. Yards,3200,286,3230,682,1,0,,1,,,544
149507,JG23_1560,30,Sq. Yards,3194,280,3200,700,1,0,,1,,,544
149890,SD8_E-60,30,Sq. Yards,3200,286,3230,697,1,0,,1,,,544
151513,PJ28.1_E-203,30,Sq. Yards,3192,278,3193,935,1,0,,1,,,544
152681,SSPIII20_E-200,30,Sq. Yards,3202,288,3238,698,1,0,,1,,,544
153217,JG23_522,30,Sq. Yards,3194,280,3200,684,1,0,,1,,,544
150695,SD8_E-183,30,Sq. Yards,3200,286,3230,684,1,0,,1,,,544
151231,RW27.28.26PII_E-71,30,Sq. Yards,3205,291,3252,691,1,0,,1,,,544
152333,RK5_E-223,30,Sq. Yards,3205,291,3252,681,1,0,,1,,,544
152650,PWAP_E-96,30,Sq. Yards,3212,298,3276,688,1,0,,1,,,544
152784,RW18.2-3765,30,Sq. Yards,3208,294,3264,710,1,0,,1,,,544
153035,PWAP_E-457,30,Sq. Yards,3212,298,3276,684,1,0,,1,,,544
153801,KN32_119,30,Sq. Yards,3197,283,3215,975,1,0,,1,,,544
154135,CD1B_E-134,30,Sq. Yards,3213,299,3279,686,1,0,,1,,,544
155056,JG22.2_E-102,30,Sq. Yards,3194,280,3200,681,1,0,,1,,,544
155541,RW18.2-3032,30,Sq. Yards,3208,294,3264,686,1,0,,1,,,544
155573,CD1B_E-183,30,Sq. Yards,3213,299,3279,695,1,0,,1,,,544
156645,PJ28.3_E-24,30,Sq. Yards,3192,278,3193,935,1,0,,1,,,544
156762,RW18.2-2050,30,Sq. Yards,3208,294,3264,694,1,0,,1,,,544
156845,RW27.28.26PII_E-900,30,Sq. Yards,3205,291,3252,683,1,0,,1,,,544
157447,RW18.2-2305,30,Sq. Yards,3208,294,3264,701,1,0,,1,,,544
158498,JR9_E-54,30,Sq. Yards,3206,292,3257,681,1,0,,1,,,544
158734,MG9.10.2_E-42,30,Sq. Yards,3207,293,3259,681,1,0,,1,,,544
158817,JAJ_E-95,30,Sq. Yards,3200,286,3229,685,1,0,,1,,,544
159083,JR6_E-176,30,Sq. Yards,3206,292,3257,696,1,0,,1,,,544
159283,RW27.28.26PII_E-1066,30,Sq. Yards,3205,291,3252,682,1,0,,1,,,544
159587,JG22.2_E-272,30,Sq. Yards,3194,280,3200,685,1,0,,1,,,544
159836,KN32_149,30,Sq. Yards,3197,283,3215,681,1,0,,1,,,544
160187,JG23_2208,30,Sq. Yards,3194,280,3200,690,1,0,,1,,,544
160404,JG23_1283,30,Sq. Yards,3194,280,3200,686,1,0,,1,,,544
160638,RW27.28.26PII_E-1548,30,Sq. Yards,3205,291,3252,695,1,0,,1,,,544
160740,FD9_E-39,30,Sq. Yards,3201,287,3233,689,1,0,,1,,,544
161023,SD8_E-31,30,Sq. Yards,3200,286,3230,697,1,0,,1,,,544
161323,CD1B_E-40,30,Sq. Yards,3213,299,3279,692,1,0,,1,,,544
161608,KN32_80,30,Sq. Yards,3197,283,3215,696,1,0,,1,,,544
161893,JR6_E-429,30,Sq. Yards,3206,292,3257,686,1,0,,1,,,544
162595,RW19.1_E-47,30,Sq. Yards,3208,294,3264,707,1,0,,1,,,544
147889,RW27.28.26PII_E-485,30,Sq. Yards,3205,291,3252,684,1,0,,1,,,544
147925,RW18.2-2344,30,Sq. Yards,3208,294,3264,703,1,0,,1,,,544
149070,FD9_E-21,30,Sq. Yards,3201,287,3233,697,1,0,,1,,,544
149504,PW21_869,30,Sq. Yards,3212,298,3276,710,1,0,,1,,,544
150508,SD8_E-12,30,Sq. Yards,3200,286,3230,686,1,0,,1,,,544
150538,GO13.14_152,30,Sq. Yards,3199,285,3221,690,1,0,,1,,,544
150640,SD8_E-116,30,Sq. Yards,3200,286,3230,686,1,0,,1,,,544
150667,RW27.28.26PII_E-936,30,Sq. Yards,3205,291,3252,682,1,0,,1,,,544
151703,SSPIII20_E-837,30,Sq. Yards,3202,288,3238,686,1,0,,1,,,544
152135,RK21.2_E-243,30,Sq. Yards,3205,291,3252,690,1,0,,1,,,544
153571,SSPIII20_E-125,30,Sq. Yards,3202,288,3238,702,1,0,,1,,,544
153739,JR6_E-314,30,Sq. Yards,3206,292,3257,689,1,0,,1,,,544
153773,RW18.2-3696,30,Sq. Yards,3208,294,3264,704,1,0,,1,,,544
153780,PJ28.1_E-24,30,Sq. Yards,3192,278,3193,689,1,0,,1,,,544
154341,MG9.10.3_E-122,30,Sq. Yards,3207,293,3259,691,1,0,,1,,,544
156715,CD9_E-229,30,Sq. Yards,3213,299,3279,692,1,0,,1,,,544
157181,CD9_E-259,30,Sq. Yards,3213,299,3279,683,1,0,,1,,,544
157390,JG24.2_E-82,30,Sq. Yards,3194,280,3200,689,1,0,,1,,,544
159564,JG23_1060,30,Sq. Yards,3194,280,3200,681,1,0,,1,,,544
159857,RK5_E-361,30,Sq. Yards,3205,291,3252,698,1,0,,1,,,544
160936,RW18.2-2502,30,Sq. Yards,3208,294,3264,692,1,0,,1,,,544
161136,JG22.1_E-47,30,Sq. Yards,3194,280,3200,684,1,0,,1,,,544
161168,PW21_833,30,Sq. Yards,3212,298,3276,686,1,0,,1,,,544
162006,RW18.2-3587,30,Sq. Yards,3208,294,3264,684,1,0,,1,,,544
162095,RW27.28.26PII_E-1009,30,Sq. Yards,3205,291,3252,686,1,0,,1,,,544
162431,RW18.2-3234,30,Sq. Yards,3208,294,3264,709,1,0,,1,,,544
147595,RK5_E-235,30,Sq. Yards,3205,291,3252,684,1,0,,1,,,544
148381,JR9PII_E-248,30,Sq. Yards,3206,292,3257,694,1,0,,1,,,544
148531,RW19.1_E-36,30,Sq. Yards,3208,294,3264,688,1,0,,1,,,544
150068,JG24.2_E-86,30,Sq. Yards,3194,280,3200,695,1,0,,1,,,544
150703,RW27.28.26PII_E-313,30,Sq. Yards,3205,291,3252,694,1,0,,1,,,544
150918,JG23_1983,30,Sq. Yards,3194,280,3200,681,1,0,,1,,,544
151253,PW21_904,30,Sq. Yards,3212,298,3276,701,1,0,,1,,,544
151436,RW18.1_E-93,30,Sq. Yards,3208,294,3264,687,1,0,,1,,,544
155700,PJ28.2_E-24,30,Sq. Yards,3192,278,3193,935,1,0,,1,,,544
155800,GO13.14_34,30,Sq. Yards,3199,285,3221,681,1,0,,1,,,544
156336,RW19.1_E-9,30,Sq. Yards,3208,294,3264,698,1,0,,1,,,544
157054,PJ28.3_E-106,30,Sq. Yards,3192,278,3193,699,1,0,,1,,,544
158440,PJ28.3_E-2,30,Sq. Yards,3192,278,3193,902,1,0,,1,,,544
159025,RW18.2-2119,30,Sq. Yards,3208,294,3264,683,1,0,,1,,,544
159662,RW19.2_E-81,30,Sq. Yards,3208,294,3264,685,1,0,,1,,,544
159979,JR6_E-173,30,Sq. Yards,3206,292,3257,694,1,0,,1,,,544
160030,RW18.2-2155,30,Sq. Yards,3208,294,3264,683,1,0,,1,,,544
160211,MG9.10.3_E-40,30,Sq. Yards,3207,293,3259,693,1,0,,1,,,544
162219,GO16_E-39,30,Sq. Yards,3199,285,3221,693,1,0,,1,,,544
162401,PJ28.1_E-130,30,Sq. Yards,3192,278,3193,847,1,0,,1,,,544
148597,KN32_136,30,Sq. Yards,3197,283,3215,687,1,0,,1,,,544
148897,RW18.2-3500,30,Sq. Yards,3208,294,3264,704,1,0,,1,,,544
149030,JG23_1035,30,Sq. Yards,3194,280,3200,695,1,0,,1,,,544
149398,RK21.2_E-34,30,Sq. Yards,3205,291,3252,683,1,0,,1,,,544
149533,PW21_45,30,Sq. Yards,3212,298,3276,684,1,0,,1,,,544
150902,JG23_1332,30,Sq. Yards,3194,280,3200,686,1,0,,1,,,544
151037,KN32_97,30,Sq. Yards,3197,283,3215,694,1,0,,1,,,544
151473,PW21_33,30,Sq. Yards,3212,298,3276,709,1,0,,1,,,544
151556,RK21.2_E-633,30,Sq. Yards,3205,291,3252,681,1,0,,1,,,544
151888,GO16_E-142,30,Sq. Yards,3199,285,3221,695,1,0,,1,,,544
152088,JG23_1590,30,Sq. Yards,3194,280,3200,684,1,0,,1,,,544
153160,GO13.14_153,30,Sq. Yards,3199,285,3221,701,1,0,,1,,,544
153309,RW18.2-2019,30,Sq. Yards,3208,294,3264,693,1,0,,1,,,544
154664,RW18.2-3297,30,Sq. Yards,3208,294,3264,683,1,0,,1,,,544
154913,RK5_E-263,30,Sq. Yards,3205,291,3252,690,1,0,,1,,,544
159444,RW27.28.26PII_E-1220,30,Sq. Yards,3205,291,3252,698,1,0,,1,,,544
159743,JG23_1565,30,Sq. Yards,3194,280,3200,681,1,0,,1,,,544
160261,RW18.2-2651,30,Sq. Yards,3208,294,3264,687,1,0,,1,,,544
161915,RW18.2-2977,30,Sq. Yards,3208,294,3264,682,1,0,,1,,,544
162283,SD8_E-65,30,Sq. Yards,3200,286,3230,697,1,0,,1,,,544
162416,PW21_797,30,Sq. Yards,3212,298,3276,686,1,0,,1,,,544
147762,CD9_E-324,30,Sq. Yards,3213,299,3279,686,1,0,,1,,,544
147880,RW18.2-2185,30,Sq. Yards,3208,294,3264,707,1,0,,1,,,544
148161,PWAP_E-212,30,Sq. Yards,3212,298,3276,695,1,0,,1,,,544
148312,RW18.1_E-66,30,Sq. Yards,3208,294,3264,711,1,0,,1,,,544
148411,CD1B_E-50,30,Sq. Yards,3213,299,3279,694,1,0,,1,,,544
149665,RW27.28.26PII_E-1211,30,Sq. Yards,3205,291,3252,684,1,0,,1,,,544
150652,RW18.2-3821,30,Sq. Yards,3208,294,3264,708,1,0,,1,,,544
151688,JG22.2_E-687,30,Sq. Yards,3194,280,3200,691,1,0,,1,,,544
151924,RW27.28.26PII_E-92,30,Sq. Yards,3205,291,3252,699,1,0,,1,,,544
152474,JR9PII_E-65,30,Sq. Yards,3206,292,3257,690,1,0,,1,,,544
152573,JR6_E-235,30,Sq. Yards,3206,292,3257,689,1,0,,1,,,544
153395,RW36A_E-286,30,Sq. Yards,3205,291,3252,699,1,0,,1,,,544
154682,CD9_E-476,30,Sq. Yards,3213,299,3279,685,1,0,,1,,,544
154749,RK5_E-52,30,Sq. Yards,3205,291,3252,683,1,0,,1,,,544
156350,PW21_26,30,Sq. Yards,3212,298,3276,689,1,0,,1,,,544
157003,PW21_692,30,Sq. Yards,3212,298,3276,699,1,0,,1,,,544
157436,PWAP_E-308,30,Sq. Yards,3212,298,3276,709,1,0,,1,,,544
158358,SSPIII20_E-772,30,Sq. Yards,3202,288,3238,692,1,0,,1,,,544
159044,JG23_795,30,Sq. Yards,3194,280,3200,697,1,0,,1,,,544
159244,JG22.2_E-49,30,Sq. Yards,3194,280,3200,696,1,0,,1,,,544
159294,SD8_E-50,30,Sq. Yards,3200,286,3230,687,1,0,,1,,,544
159879,RW19.2_E-80,30,Sq. Yards,3208,294,3264,704,1,0,,1,,,544
160562,JR9PII_E-33,30,Sq. Yards,3206,292,3257,687,1,0,,1,,,544
160830,PW21_458,30,Sq. Yards,3212,298,3276,710,1,0,,1,,,544
161048,JG23_1268,30,Sq. Yards,3194,280,3200,686,1,0,,1,,,544
161347,MG9.10.3_E-174,30,Sq. Yards,3207,293,3259,683,1,0,,1,,,544
161848,JG23_1296,30,Sq. Yards,3194,280,3200,691,1,0,,1,,,544
162266,PW21_1077,30,Sq. Yards,3212,298,3276,692,1,0,,1,,,544
147467,CD9_E-209,30,Sq. Yards,3213,299,3279,694,1,0,,1,,,544
147669,SSPIII20_E-698,30,Sq. Yards,3202,288,3238,689,1,0,,1,,,544
147969,RW18.2-2490,30,Sq. Yards,3208,294,3264,704,1,0,,1,,,544
148069,CD9_E-201,30,Sq. Yards,3213,299,3279,690,1,0,,1,,,544
161660,PJ28.1_E-54,30,Sq. Yards,3192,278,3193,935,1,0,,1,,,544
162114,JG22.2_E-421,30,Sq. Yards,3194,280,3200,683,1,0,,1,,,544
162546,RW27.28.26PII_E-1052,30,Sq. Yards,3205,291,3252,692,1,0,,1,,,544
162596,JR6_E-268,30,Sq. Yards,3206,292,3257,691,1,0,,1,,,544
147738,RW19.1_E-19,30,Sq. Yards,3208,294,3264,710,1,0,,1,,,544
148638,RK21.2_E-234,30,Sq. Yards,3205,291,3252,702,1,0,,1,,,544
148670,FD9_E-155,30,Sq. Yards,3201,287,3233,701,1,0,,1,,,544
150376,JG23_913,30,Sq. Yards,3194,280,3200,683,1,0,,1,,,544
151295,PW21_1068,30,Sq. Yards,3212,298,3276,688,1,0,,1,,,544
151480,SD8_E-3,30,Sq. Yards,3200,286,3230,684,1,0,,1,,,544
153052,JG23_596,30,Sq. Yards,3194,280,3200,692,1,0,,1,,,544
153099,JG24.1_E-32,30,Sq. Yards,3194,280,3200,702,1,0,,1,,,544
153618,RW18.2-2096,30,Sq. Yards,3208,294,3264,698,1,0,,1,,,544
154005,SD8_E-47,30,Sq. Yards,3200,286,3230,681,1,0,,1,,,544
154405,RK5_E-329,30,Sq. Yards,3205,291,3252,700,1,0,,1,,,544
154620,RW27.28.26PII_E-857,30,Sq. Yards,3205,291,3252,681,1,0,,1,,,544
156428,JG23_1997,30,Sq. Yards,3194,280,3200,697,1,0,,1,,,544
156796,SD8_E-83,30,Sq. Yards,3200,286,3230,686,1,0,,1,,,544
156877,RW19.1_E-24,30,Sq. Yards,3208,294,3264,692,1,0,,1,,,544
157464,PW21_742,30,Sq. Yards,3212,298,3276,710,1,0,,1,,,544
157513,JG23_1717,30,Sq. Yards,3194,280,3200,681,1,0,,1,,,544
158349,RW36A_E-308,30,Sq. Yards,3205,291,3252,682,1,0,,1,,,544
158449,JG23_900,30,Sq. Yards,3194,280,3200,682,1,0,,1,,,544
158717,PW21_570,30,Sq. Yards,3212,298,3276,835,1,0,,1,,,544
159351,JG23_1683,30,Sq. Yards,3194,280,3200,691,1,0,,1,,,544
159551,PW21_40,30,Sq. Yards,3212,298,3276,693,1,0,,1,,,544
159651,JG22.2_E-620,30,Sq. Yards,3194,280,3200,1018,1,0,,1,,,544
159921,JG22.2_E-196,30,Sq. Yards,3194,280,3200,686,1,0,,1,,,544
159938,PW21_1021,30,Sq. Yards,3212,298,3276,709,1,0,,1,,,544
160153,JG23_1341,30,Sq. Yards,3194,280,3200,684,1,0,,1,,,544
160355,RK21.2_E-517,30,Sq. Yards,3205,291,3252,681,1,0,,1,,,544
162627,MG9.10.3_E-98,30,Sq. Yards,3207,293,3259,683,1,0,,1,,,544
147488,JR6_E-78,30,Sq. Yards,3206,292,3257,685,1,0,,1,,,544
148667,FD9_E-9,30,Sq. Yards,3201,287,3233,687,1,0,,1,,,544
151000,RW18.2-3166,30,Sq. Yards,3208,294,3264,689,1,0,,1,,,544
151332,RW18.2-3603,30,Sq. Yards,3208,294,3264,704,1,0,,1,,,544
153390,GO13.14_106,30,Sq. Yards,3199,285,3221,691,1,0,,1,,,544
153883,SSPIII20_E-27,30,Sq. Yards,3202,288,3238,702,1,0,,1,,,544
154308,JG23_549,30,Sq. Yards,3194,280,3200,684,1,0,,1,,,544
154844,GO13.14_200,30,Sq. Yards,3199,285,3221,691,1,0,,1,,,544
155562,JR9PII_E-295,30,Sq. Yards,3206,292,3257,686,1,0,,1,,,544
155948,JG23_813,30,Sq. Yards,3194,280,3200,690,1,0,,1,,,544
156162,SD8_E-234,30,Sq. Yards,3200,286,3230,684,1,0,,1,,,544
156580,PW21_542,30,Sq. Yards,3212,298,3276,688,1,0,,1,,,544
158070,RK21.2_E-201,30,Sq. Yards,3205,291,3252,690,1,0,,1,,,544
158120,SSPIII20_E-427,30,Sq. Yards,3202,288,3238,866,1,0,,1,,,544
159188,JG23_2181,30,Sq. Yards,3194,280,3200,1012,1,0,,1,,,544
159281,JR6_E-342,30,Sq. Yards,3206,292,3257,684,1,0,,1,,,544
159724,CD1B_E-111,30,Sq. Yards,3213,299,3279,684,1,0,,1,,,544
160349,GO13.14_228,30,Sq. Yards,3199,285,3221,686,1,0,,1,,,544
160585,RK21.2_E-278,30,Sq. Yards,3205,291,3252,702,1,0,,1,,,544
160667,RW19.1_E-118,30,Sq. Yards,3208,294,3264,699,1,0,,1,,,544
160717,RW18.2-3160,30,Sq. Yards,3208,294,3264,696,1,0,,1,,,544
160903,PW21_1146,30,Sq. Yards,3212,298,3276,681,1,0,,1,,,544
161371,JG22.2_E-224,30,Sq. Yards,3194,280,3200,701,1,0,,1,,,544
161421,RW27.28.26PII_E-606,30,Sq. Yards,3205,291,3252,690,1,0,,1,,,544
161678,SSPIII20_E-523,30,Sq. Yards,3202,288,3238,689,1,0,,1,,,544
161760,JG23_1568,30,Sq. Yards,3194,280,3200,687,1,0,,1,,,544
162239,JR6_E-385,30,Sq. Yards,3206,292,3257,695,1,0,,1,,,544
147765,PW21_363,30,Sq. Yards,3212,298,3276,695,1,0,,1,,,544
147915,PW21_785,30,Sq. Yards,3212,298,3276,682,1,0,,1,,,544
148258,JG23_551,30,Sq. Yards,3194,280,3200,695,1,0,,1,,,544
149269,CD1B_E-150,30,Sq. Yards,3213,299,3279,697,1,0,,1,,,544
149562,RK21.2_E-374,30,Sq. Yards,3205,291,3252,702,1,0,,1,,,544
150180,PWAP_E-300,30,Sq. Yards,3212,298,3276,706,1,0,,1,,,544
161704,PW21_1000,30,Sq. Yards,3212,298,3276,690,1,0,,1,,,544
162338,RW18.2-3814,30,Sq. Yards,3208,294,3264,694,1,0,,1,,,544
162429,JG23_1015,30,Sq. Yards,3194,280,3200,686,1,0,,1,,,544
162572,RK21.2_E-578,30,Sq. Yards,3205,291,3252,690,1,0,,1,,,544
162574,GO13.14_135,30,Sq. Yards,3199,285,3221,694,1,0,,1,,,544
148260,PWAP_E-386,30,Sq. Yards,3212,298,3276,774,1,0,,1,,,544
148449,PJ28.1_E-165,30,Sq. Yards,3192,278,3193,935,1,0,,1,,,544
148460,JG22.2_E-72,30,Sq. Yards,3194,280,3200,683,1,0,,1,,,544
148660,JG23_1434,30,Sq. Yards,3194,280,3200,691,1,0,,1,,,544
148953,PW21_781,30,Sq. Yards,3212,298,3276,684,1,0,,1,,,544
149060,JR9PII_E-63,30,Sq. Yards,3206,292,3257,685,1,0,,1,,,544
149085,PW21_887,30,Sq. Yards,3212,298,3276,710,1,0,,1,,,544
149328,RW19.2_E-58,30,Sq. Yards,3208,294,3264,704,1,0,,1,,,544
149864,RW27.28.26PII_E-1135,30,Sq. Yards,3205,291,3252,702,1,0,,1,,,544
149996,RW27.28.26PII_E-555,30,Sq. Yards,3205,291,3252,685,1,0,,1,,,544
150539,RW27.28.26PII_E-1576,30,Sq. Yards,3205,291,3252,690,1,0,,1,,,544
150682,JG23_921,30,Sq. Yards,3194,280,3200,684,1,0,,1,,,544
151950,RK5_E-34,30,Sq. Yards,3205,291,3252,684,1,0,,1,,,544
154251,RW18.2-3052,30,Sq. Yards,3208,294,3264,695,1,0,,1,,,544
154426,RW36A_E-34,30,Sq. Yards,3205,291,3252,684,1,0,,1,,,544
154808,PW21_851,30,Sq. Yards,3212,298,3276,709,1,0,,1,,,544
154912,MG9.10.3_E-304,30,Sq. Yards,3207,293,3259,686,1,0,,1,,,544
155219,PJ28.1_E-4,30,Sq. Yards,3192,278,3193,861,1,0,,1,,,544
155544,CD9_E-266,30,Sq. Yards,3213,299,3279,681,1,0,,1,,,544
155805,JG23_1942,30,Sq. Yards,3194,280,3200,1015,1,0,,1,,,544
156087,JR9PII_E-113,30,Sq. Yards,3206,292,3257,699,1,0,,1,,,544
156973,RW27.28.26PII_E-1142,30,Sq. Yards,3205,291,3252,777,1,0,,1,,,544
157173,JG22.2_E-306,30,Sq. Yards,3194,280,3200,695,1,0,,1,,,544
157409,SSPIII20_E-369,30,Sq. Yards,3202,288,3238,709,1,0,,1,,,544
157434,JG22.2_E-756,30,Sq. Yards,3194,280,3200,696,1,0,,1,,,544
158052,SSPIII20_E-388,30,Sq. Yards,3202,288,3238,701,1,0,,1,,,544
158595,JG23_1348,30,Sq. Yards,3194,280,3200,683,1,0,,1,,,544
158831,JR6_E-10,30,Sq. Yards,3206,292,3257,690,1,0,,1,,,544
158888,RW18.2-2520,30,Sq. Yards,3208,294,3264,692,1,0,,1,,,544
158970,RW18.2-2167,30,Sq. Yards,3208,294,3264,697,1,0,,1,,,544
159431,MG9.10.3_E-54,30,Sq. Yards,3207,293,3259,690,1,0,,1,,,544
159563,GO16_E-133,30,Sq. Yards,3199,285,3221,681,1,0,,1,,,544
159624,JG23_1981,30,Sq. Yards,3194,280,3200,690,1,0,,1,,,544
159713,RW18.2-2864,30,Sq. Yards,3208,294,3264,685,1,0,,1,,,544
160124,SSPIII20_E-827,30,Sq. Yards,3202,288,3238,701,1,0,,1,,,544
160142,GO16_E-219,30,Sq. Yards,3199,285,3221,698,1,0,,1,,,544
161453,JG23_721,30,Sq. Yards,3194,280,3200,702,1,0,,1,,,544
162003,PWAP_E-411,30,Sq. Yards,3212,298,3276,699,1,0,,1,,,544
162707,RW18.2-3399,30,Sq. Yards,3208,294,3264,702,1,0,,1,,,544
147602,PW21_596,30,Sq. Yards,3212,298,3276,687,1,0,,1,,,544
148687,PW21_901,30,Sq. Yards,3212,298,3276,689,1,0,,1,,,544
148989,PJ28.1_E-67,30,Sq. Yards,3192,278,3193,683,1,0,,1,,,544
149825,RW19.1_E-105,30,Sq. Yards,3208,294,3264,691,1,0,,1,,,544
151278,PW21_193,30,Sq. Yards,3212,298,3276,691,1,0,,1,,,544
151312,RW18.2-2595,30,Sq. Yards,3208,294,3264,688,1,0,,1,,,544
151363,PJ28.1_E-90,30,Sq. Yards,3192,278,3193,681,1,0,,1,,,544
152584,GO16_E-351,30,Sq. Yards,3199,285,3221,692,1,0,,1,,,544
152618,PW21_247,30,Sq. Yards,3212,298,3276,694,1,0,,1,,,544
152718,JG23_515,30,Sq. Yards,3194,280,3200,699,1,0,,1,,,544
153018,JG22.2_E-402,30,Sq. Yards,3194,280,3200,684,1,0,,1,,,544
153184,MG9.10.3_E-254,30,Sq. Yards,3207,293,3259,693,1,0,,1,,,544
154871,MG9.10.3_E-153,30,Sq. Yards,3207,293,3259,693,1,0,,1,,,544
157062,JG23_1122,30,Sq. Yards,3194,280,3200,681,1,0,,1,,,544
157328,GO16_E-141,30,Sq. Yards,3199,285,3221,689,1,0,,1,,,544
158615,RW27.28.26PII_E-1592,30,Sq. Yards,3205,291,3252,691,1,0,,1,,,544
158700,RW36A_E-166,30,Sq. Yards,3205,291,3252,702,1,0,,1,,,544
161004,KN9.32_E-116,30,Sq. Yards,3197,283,3215,684,1,0,,1,,,544
161891,SSPIII20_E-116,30,Sq. Yards,3202,288,3238,681,1,0,,1,,,544
161940,RK21.2_E-145,30,Sq. Yards,3205,291,3252,698,1,0,,1,,,544
162631,PW21_1159,30,Sq. Yards,3212,298,3276,706,1,0,,1,,,544
147774,KN32_275,30,Sq. Yards,3197,283,3215,694,1,0,,1,,,544
148410,RW36A_E-300,30,Sq. Yards,3205,291,3252,688,1,0,,1,,,544
148803,JG23_2128,30,Sq. Yards,3194,280,3200,701,1,0,,1,,,544
150396,MG9.10.3_E-234,30,Sq. Yards,3207,293,3259,693,1,0,,1,,,544
151068,RW36A_E-295,30,Sq. Yards,3205,291,3252,692,1,0,,1,,,544
152472,GO16_E-46,30,Sq. Yards,3199,285,3221,699,1,0,,1,,,544
153733,RW19.2_E-84,30,Sq. Yards,3208,294,3264,692,1,0,,1,,,544
153790,JG23_1117,30,Sq. Yards,3194,280,3200,694,1,0,,1,,,544
153847,CD1B_E-2,30,Sq. Yards,3213,299,3279,690,1,0,,1,,,544
153865,JR6_E-392,30,Sq. Yards,3206,292,3257,684,1,0,,1,,,544
154494,JG24.2_E-121,30,Sq. Yards,3194,280,3200,692,1,0,,1,,,544
154601,JG24.1_E-38,30,Sq. Yards,3194,280,3200,687,1,0,,1,,,544
154633,CD9_E-78,30,Sq. Yards,3213,299,3279,695,1,0,,1,,,544
155401,RW27.28.26PII_E-1039,30,Sq. Yards,3205,291,3252,697,1,0,,1,,,544
155612,JG23_1385,30,Sq. Yards,3194,280,3200,685,1,0,,1,,,544
155894,JAJ_E-130,30,Sq. Yards,3200,286,3229,684,1,0,,1,,,544
157427,RW27.28.26PII_E-1303,30,Sq. Yards,3205,291,3252,693,1,0,,1,,,544
157491,RK5_E-331,30,Sq. Yards,3205,291,3252,684,1,0,,1,,,544
158045,JG22.2_E-170,30,Sq. Yards,3194,280,3200,682,1,0,,1,,,544
158313,KN32_134,30,Sq. Yards,3197,283,3215,681,1,0,,1,,,544
158602,RW27.28.26PII_E-18,30,Sq. Yards,3205,291,3252,698,1,0,,1,,,544
158620,KN32_284,30,Sq. Yards,3197,283,3215,700,1,0,,1,,,544
158856,RW27.28.26PII_E-1440,30,Sq. Yards,3205,291,3252,700,1,0,,1,,,544
159399,SD8_E-112,30,Sq. Yards,3200,286,3230,683,1,0,,1,,,544
160592,MG9.10.3_E-263,30,Sq. Yards,3207,293,3259,693,1,0,,1,,,544
161635,JG23_1454,30,Sq. Yards,3194,280,3200,1020,1,0,,1,,,544
162246,JG23_1116,30,Sq. Yards,3194,280,3200,694,1,0,,1,,,544
147721,JG23_1880,30,Sq. Yards,3194,280,3200,695,1,0,,1,,,544
147787,RW18.2-2963,30,Sq. Yards,3208,294,3264,692,1,0,,1,,,544
147938,PW21_1135,30,Sq. Yards,3212,298,3276,696,1,0,,1,,,544
149021,JR9_E-62,30,Sq. Yards,3206,292,3257,687,1,0,,1,,,544
149357,PW21_68,30,Sq. Yards,3212,298,3276,683,1,0,,1,,,544
150242,JG23_1079,30,Sq. Yards,3194,280,3200,689,1,0,,1,,,544
150308,CD9_E-10,30,Sq. Yards,3213,299,3279,689,1,0,,1,,,544
152216,SSPIII20_E-105,30,Sq. Yards,3202,288,3238,686,1,0,,1,,,544
153267,JG23_2119,30,Sq. Yards,3194,280,3200,701,1,0,,1,,,544
154237,RW18.2-2149,30,Sq. Yards,3208,294,3264,681,1,0,,1,,,544
154373,RK21.2_E-584,30,Sq. Yards,3205,291,3252,682,1,0,,1,,,544
154956,RW27.28.26PII_E-580,30,Sq. Yards,3205,291,3252,681,1,0,,1,,,544
155258,KN32_22,30,Sq. Yards,3197,283,3215,683,1,0,,1,,,544
155743,PW21_960,30,Sq. Yards,3212,298,3276,686,1,0,,1,,,544
157596,PW21_778,30,Sq. Yards,3212,298,3276,681,1,0,,1,,,544
157949,KN32_107,30,Sq. Yards,3197,283,3215,681,1,0,,1,,,544
158785,JG22.1_E-139,30,Sq. Yards,3194,280,3200,696,1,0,,1,,,544
158868,JG22.2_E-322,30,Sq. Yards,3194,280,3200,693,1,0,,1,,,544
159402,JAJ_E-53,30,Sq. Yards,3200,286,3229,693,1,0,,1,,,544
159887,JG22.2_E-40,30,Sq. Yards,3194,280,3200,685,1,0,,1,,,544
161255,PW21_472,30,Sq. Yards,3212,298,3276,685,1,0,,1,,,544
162074,KN9.32_E-24,30,Sq. Yards,3197,283,3215,681,1,0,,1,,,544
162159,FD9_E-148,30,Sq. Yards,3201,287,3233,701,1,0,,1,,,544
162291,SSPIII20_E-488,30,Sq. Yards,3202,288,3238,711,1,0,,1,,,544
162427,CD9_E-248,30,Sq. Yards,3213,299,3279,687,1,0,,1,,,544
148836,KN32_31,30,Sq. Yards,3197,283,3215,694,1,0,,1,,,544
149861,MG9.10.3_E-305,30,Sq. Yards,3207,293,3259,693,1,0,,1,,,544
150433,JG24.1_E-7,30,Sq. Yards,3194,280,3200,684,1,0,,1,,,544
151199,RW18.2-2624,30,Sq. Yards,3208,294,3264,690,1,0,,1,,,544
151299,CD1B_E-187,30,Sq. Yards,3213,299,3279,690,1,0,,1,,,544
152271,PW21_986,30,Sq. Yards,3212,298,3276,696,1,0,,1,,,544
152714,RW18.2-2663,30,Sq. Yards,3208,294,3264,681,1,0,,1,,,544
153884,FD9_E-136,30,Sq. Yards,3201,287,3233,692,1,0,,1,,,544
154711,RW27.28.26PII_E-1517,30,Sq. Yards,3205,291,3252,700,1,0,,1,,,544
154986,KN32_48,30,Sq. Yards,3197,283,3215,685,1,0,,1,,,544
155052,RW27.28.26PII_E-1373,30,Sq. Yards,3205,291,3252,701,1,0,,1,,,544
155186,RW27.28.26PII_E-148,30,Sq. Yards,3205,291,3252,686,1,0,,1,,,544
151662,RW18.2-3191,30,Sq. Yards,3208,294,3264,692,1,0,,1,,,544
151681,RW18.2-2676,30,Sq. Yards,3208,294,3264,704,1,0,,1,,,544
151698,PW21_37,30,Sq. Yards,3212,298,3276,696,1,0,,1,,,544
151879,RK21.2_E-529,30,Sq. Yards,3205,291,3252,681,1,0,,1,,,544
152434,SD8_E-145,30,Sq. Yards,3200,286,3230,697,1,0,,1,,,544
153036,RW19.2_E-8,30,Sq. Yards,3208,294,3264,689,1,0,,1,,,544
153787,JG24.1_E-56,30,Sq. Yards,3194,280,3200,685,1,0,,1,,,544
154255,GO13.14_241,30,Sq. Yards,3199,285,3221,685,1,0,,1,,,544
154738,RW27.28.26PII_E-237,30,Sq. Yards,3205,291,3252,701,1,0,,1,,,544
155040,JG23_506,30,Sq. Yards,3194,280,3200,693,1,0,,1,,,544
155121,RW27.28.26PII_E-980,30,Sq. Yards,3205,291,3252,777,1,0,,1,,,544
155174,RW27.28.26PII_E-48,30,Sq. Yards,3205,291,3252,684,1,0,,1,,,544
156525,PW21_208,30,Sq. Yards,3212,298,3276,702,1,0,,1,,,544
157312,RW27.28.26PII_E-829,30,Sq. Yards,3205,291,3252,686,1,0,,1,,,544
157531,KN32_43,30,Sq. Yards,3197,283,3215,682,1,0,,1,,,544
158250,JG23_1540,30,Sq. Yards,3194,280,3200,681,1,0,,1,,,544
158465,RW27.28.26PII_E-740,30,Sq. Yards,3205,291,3252,686,1,0,,1,,,544
158801,RW18.2-3293,30,Sq. Yards,3208,294,3264,684,1,0,,1,,,544
158952,PWAP_E-226,30,Sq. Yards,3212,298,3276,687,1,0,,1,,,544
159433,JG22.2_E-395,30,Sq. Yards,3194,280,3200,690,1,0,,1,,,544
159450,RW27.28.26PII_E-200,30,Sq. Yards,3205,291,3252,696,1,0,,1,,,544
160588,CD9_E-155,30,Sq. Yards,3213,299,3279,686,1,0,,1,,,544
150202,SSPIII20_E-535,30,Sq. Yards,3202,288,3238,697,1,0,,1,,,544
153409,SSPIII20_E-569,30,Sq. Yards,3202,288,3238,866,1,0,,1,,,544
153946,CD9_E-388,30,Sq. Yards,3213,299,3279,701,1,0,,1,,,544
154931,JG23_1273,30,Sq. Yards,3194,280,3200,693,1,0,,1,,,544
155350,RK5_E-221,30,Sq. Yards,3205,291,3252,684,1,0,,1,,,544
156000,RW27.28.26PII_E-229,30,Sq. Yards,3205,291,3252,684,1,0,,1,,,544
156049,PW21_724,30,Sq. Yards,3212,298,3276,706,1,0,,1,,,544
156250,SSPIII20_E-676,30,Sq. Yards,3202,288,3238,692,1,0,,1,,,544
156386,RW19.1_E-78,30,Sq. Yards,3208,294,3264,699,1,0,,1,,,544
156617,RW27.28.26PII_E-1098,30,Sq. Yards,3205,291,3252,702,1,0,,1,,,544
157254,JR9PII_E-44,30,Sq. Yards,3206,292,3257,681,1,0,,1,,,544
157289,RW18.2-3713,30,Sq. Yards,3208,294,3264,690,1,0,,1,,,544
157657,SSPIII20_E-591,30,Sq. Yards,3202,288,3238,701,1,0,,1,,,544
158007,SSPIII20_E-534,30,Sq. Yards,3202,288,3238,689,1,0,,1,,,544
158054,JR6_E-260,30,Sq. Yards,3206,292,3257,688,1,0,,1,,,544
158975,JR6_E-217,30,Sq. Yards,3206,292,3257,699,1,0,,1,,,544
159243,GO13.14_184,30,Sq. Yards,3199,285,3221,685,1,0,,1,,,544
160461,GO13.14_212,30,Sq. Yards,3199,285,3221,700,1,0,,1,,,544
160579,RW18.2-3083,30,Sq. Yards,3208,294,3264,688,1,0,,1,,,544
149130,RW27.28.26PII_E-1190,30,Sq. Yards,3205,291,3252,682,1,0,,1,,,544
149698,RK5_E-337,30,Sq. Yards,3205,291,3252,695,1,0,,1,,,544
149765,PW21_385,30,Sq. Yards,3212,298,3276,759,1,0,,1,,,544
149916,GO13.14_239,30,Sq. Yards,3199,285,3221,686,1,0,,1,,,544
150201,RW27.28.26PII_E-906,30,Sq. Yards,3205,291,3252,684,1,0,,1,,,544
150570,GO16_E-305,30,Sq. Yards,3199,285,3221,684,1,0,,1,,,544
150870,PWAP_E-17,30,Sq. Yards,3212,298,3276,688,1,0,,1,,,544
151370,RW27.28.26PII_E-1344,30,Sq. Yards,3205,291,3252,691,1,0,,1,,,544
151787,PW21_672,30,Sq. Yards,3212,298,3276,709,1,0,,1,,,544
151788,PWAP_E-135,30,Sq. Yards,3212,298,3276,711,1,0,,1,,,544
152056,RW27.28.26PII_E-1637,30,Sq. Yards,3205,291,3252,698,1,0,,1,,,544
152609,RW18.2-2983,30,Sq. Yards,3208,294,3264,683,1,0,,1,,,544
153227,PWAP_E-188,30,Sq. Yards,3212,298,3276,939,1,0,,1,,,544
154614,RW18.2-2711,30,Sq. Yards,3208,294,3264,683,1,0,,1,,,544
154631,SSPIII20_E-222,30,Sq. Yards,3202,288,3238,681,1,0,,1,,,544
155431,RW27.28.26PII_E-1398,30,Sq. Yards,3205,291,3252,684,1,0,,1,,,544
156186,RW18.2-3034,30,Sq. Yards,3208,294,3264,696,1,0,,1,,,544
156235,RW18.2-2446,30,Sq. Yards,3208,294,3264,683,1,0,,1,,,544
156400,JG23_899,30,Sq. Yards,3194,280,3200,684,1,0,,1,,,544
157186,JG23_1193,30,Sq. Yards,3194,280,3200,698,1,0,,1,,,544
157954,RW27.28.26PII_E-1128,30,Sq. Yards,3205,291,3252,688,1,0,,1,,,544
158157,JG23_1319,30,Sq. Yards,3194,280,3200,1051,1,0,,1,,,544
158758,JG23_608,30,Sq. Yards,3194,280,3200,682,1,0,,1,,,544
159643,PWAP_E-174,30,Sq. Yards,3212,298,3276,688,1,0,,1,,,544
160229,SSPIII20_E-425,30,Sq. Yards,3202,288,3238,703,1,0,,1,,,544
162334,RW27.28.26PII_E-1723,30,Sq. Yards,3205,291,3252,684,1,0,,1,,,544
147943,CD9_E-120,30,Sq. Yards,3213,299,3279,684,1,0,,1,,,544
148194,PW21_553,30,Sq. Yards,3212,298,3276,706,1,0,,1,,,544
148297,RW18.1_E-12,30,Sq. Yards,3208,294,3264,692,1,0,,1,,,544
148615,RW27.28.26PII_E-274,30,Sq. Yards,3205,291,3252,690,1,0,,1,,,544
148815,RK5_E-83,30,Sq. Yards,3205,291,3252,685,1,0,,1,,,544
148948,RK5_E-47,30,Sq. Yards,3205,291,3252,691,1,0,,1,,,544
149433,GO16_E-257,30,Sq. Yards,3199,285,3221,689,1,0,,1,,,544
149701,KN32_85,30,Sq. Yards,3197,283,3215,695,1,0,,1,,,544
150352,RW18.2-2346,30,Sq. Yards,3208,294,3264,692,1,0,,1,,,544
150552,JG24.2_E-74,30,Sq. Yards,3194,280,3200,699,1,0,,1,,,544
150887,JG23_518,30,Sq. Yards,3194,280,3200,691,1,0,,1,,,544
150987,PW21_147,30,Sq. Yards,3212,298,3276,705,1,0,,1,,,544
151520,RW27.28.26PII_E-517,30,Sq. Yards,3205,291,3252,683,1,0,,1,,,544
151523,RW18.2-2939,30,Sq. Yards,3208,294,3264,707,1,0,,1,,,544
153124,JR6_E-232,30,Sq. Yards,3206,292,3257,699,1,0,,1,,,544
153746,JG22.2_E-527,30,Sq. Yards,3194,280,3200,697,1,0,,1,,,544
153977,PWAP_E-403,30,Sq. Yards,3212,298,3276,697,1,0,,1,,,544
155250,KN32_313,30,Sq. Yards,3197,283,3215,695,1,0,,1,,,544
157004,PW21_340,30,Sq. Yards,3212,298,3276,692,1,0,,1,,,544
154351,JR6_E-40,30,Sq. Yards,3206,292,3257,683,1,0,,1,,,544
154619,GO16_E-346,30,Sq. Yards,3199,285,3221,699,1,0,,1,,,544
154901,KN32_339,30,Sq. Yards,3197,283,3215,694,1,0,,1,,,544
155144,GO16_E-284,30,Sq. Yards,3199,285,3221,693,1,0,,1,,,544
156755,SSPIII20_E-684,30,Sq. Yards,3202,288,3238,689,1,0,,1,,,544
157041,JG23_1548,30,Sq. Yards,3194,280,3200,686,1,0,,1,,,544
159081,JR6_E-116,30,Sq. Yards,3206,292,3257,693,1,0,,1,,,544
159156,JG22.2_E-535,30,Sq. Yards,3194,280,3200,681,1,0,,1,,,544
159424,RW18.2-3711,30,Sq. Yards,3208,294,3264,698,1,0,,1,,,544
159631,SSPIII20_E-242,30,Sq. Yards,3202,288,3238,681,1,0,,1,,,544
160342,RW27.28.26PII_E-8,30,Sq. Yards,3205,291,3252,701,1,0,,1,,,544
160374,RW27.28.26PII_E-406,30,Sq. Yards,3205,291,3252,683,1,0,,1,,,544
160617,PW21_90,30,Sq. Yards,3212,298,3276,898,1,0,,1,,,544
161914,KN9.32_E-70,30,Sq. Yards,3197,283,3215,696,1,0,,1,,,544
162228,JR6_E-181,30,Sq. Yards,3206,292,3257,682,1,0,,1,,,544
147636,KN32_104,30,Sq. Yards,3197,283,3215,693,1,0,,1,,,544
148436,RW27.28.26PII_E-1510,30,Sq. Yards,3205,291,3252,682,1,0,,1,,,544
149206,RW27.28.26PII_E-1157,30,Sq. Yards,3205,291,3252,682,1,0,,1,,,544
149289,JG22.2_E-490,30,Sq. Yards,3194,280,3200,690,1,0,,1,,,544
149474,SSPIII20_E-843,30,Sq. Yards,3202,288,3238,701,1,0,,1,,,544
150142,PJ28.1_E-142,30,Sq. Yards,3192,278,3193,704,1,0,,1,,,544
150661,JG23_2289,30,Sq. Yards,3194,280,3200,683,1,0,,1,,,544
151046,RW18.2-2412,30,Sq. Yards,3208,294,3264,688,1,0,,1,,,544
151063,PW21_503,30,Sq. Yards,3212,298,3276,684,1,0,,1,,,544
151129,RW36A_E-132,30,Sq. Yards,3205,291,3252,683,1,0,,1,,,544
152467,JG23_1187,30,Sq. Yards,3194,280,3200,699,1,0,,1,,,544
152550,PW21_272,30,Sq. Yards,3212,298,3276,691,1,0,,1,,,544
152567,RW18.2-2700,30,Sq. Yards,3208,294,3264,697,1,0,,1,,,544
153001,SSPIII20_E-594,30,Sq. Yards,3202,288,3238,681,1,0,,1,,,544
153652,PW21_82,30,Sq. Yards,3212,298,3276,688,1,0,,1,,,544
154018,RW18.1_E-145,30,Sq. Yards,3208,294,3264,710,1,0,,1,,,544
154205,JR9PII_E-87,30,Sq. Yards,3206,292,3257,683,1,0,,1,,,544
154456,JR9PII_E-144,30,Sq. Yards,3206,292,3257,681,1,0,,1,,,544
154756,PJ28.3_E-204,30,Sq. Yards,3192,278,3193,962,1,0,,1,,,544
155339,JR9PII_E-224,30,Sq. Yards,3206,292,3257,688,1,0,,1,,,544
155607,RW27.28.26PII_E-1448,30,Sq. Yards,3205,291,3252,690,1,0,,1,,,544
155692,RW27.28.26PII_E-950,30,Sq. Yards,3205,291,3252,683,1,0,,1,,,544
155977,RW18.2-3449,30,Sq. Yards,3208,294,3264,687,1,0,,1,,,544
156007,KN32_79,30,Sq. Yards,3197,283,3215,694,1,0,,1,,,544
156862,PW21_912,30,Sq. Yards,3212,298,3276,709,1,0,,1,,,544
158049,RK21.2_E-506,30,Sq. Yards,3205,291,3252,681,1,0,,1,,,544
158166,JR6_E-215,30,Sq. Yards,3206,292,3257,695,1,0,,1,,,544
158932,RW36A_E-320,30,Sq. Yards,3205,291,3252,690,1,0,,1,,,544
159051,RW18.2-3707,30,Sq. Yards,3208,294,3264,696,1,0,,1,,,544
160621,SSPIII20_E-760,30,Sq. Yards,3202,288,3238,851,1,0,,1,,,544
160655,RW18.2-3619,30,Sq. Yards,3208,294,3264,708,1,0,,1,,,544
160855,MG9.10.3_E-66,30,Sq. Yards,3207,293,3259,693,1,0,,1,,,544
161842,RK21.2_E-221,30,Sq. Yards,3205,291,3252,695,1,0,,1,,,544
162108,JG23_1281,30,Sq. Yards,3194,280,3200,691,1,0,,1,,,544
162144,PW21_971,30,Sq. Yards,3212,298,3276,707,1,0,,1,,,544
147742,JG23_408,30,Sq. Yards,3194,280,3200,686,1,0,,1,,,544
150121,RK5_E-239,30,Sq. Yards,3205,291,3252,681,1,0,,1,,,544
151875,RK21.2_E-297,30,Sq. Yards,3205,291,3252,686,1,0,,1,,,544
152011,PW21_74,30,Sq. Yards,3212,298,3276,706,1,0,,1,,,544
152036,RW19.2_E-2,30,Sq. Yards,3208,294,3264,692,1,0,,1,,,544
152129,RW18.2-3475,30,Sq. Yards,3208,294,3264,711,1,0,,1,,,544
152647,JR6_E-164,30,Sq. Yards,3206,292,3257,688,1,0,,1,,,544
153483,GO16_E-251,30,Sq. Yards,3199,285,3221,695,1,0,,1,,,544
153690,RW27.28.26PII_E-261,30,Sq. Yards,3205,291,3252,683,1,0,,1,,,544
155001,JG24.2_E-6,30,Sq. Yards,3194,280,3200,686,1,0,,1,,,544
155012,KN32_255,30,Sq. Yards,3197,283,3215,975,1,0,,1,,,544
155301,GO16_E-139,30,Sq. Yards,3199,285,3221,702,1,0,,1,,,544
155923,JR6_E-26,30,Sq. Yards,3206,292,3257,688,1,0,,1,,,544
156005,PJ28.3_E-88,30,Sq. Yards,3192,278,3193,935,1,0,,1,,,544
158573,RW27.28.26PII_E-392,30,Sq. Yards,3205,291,3252,691,1,0,,1,,,544
160246,KN32_229,30,Sq. Yards,3197,283,3215,695,1,0,,1,,,544
160314,RW27.28.26PII_E-311,30,Sq. Yards,3205,291,3252,688,1,0,,1,,,544
160745,PW21_646,30,Sq. Yards,3212,298,3276,696,1,0,,1,,,544
160963,JR6_E-120,30,Sq. Yards,3206,292,3257,681,1,0,,1,,,544
161849,SD8_E-85,30,Sq. Yards,3200,286,3230,688,1,0,,1,,,544
147712,JG23_1199,30,Sq. Yards,3194,280,3200,694,1,0,,1,,,544
148448,PW21_678,30,Sq. Yards,3212,298,3276,684,1,0,,1,,,544
149097,RW27.28.26PII_E-846,30,Sq. Yards,3205,291,3252,693,1,0,,1,,,544
149666,SSPIII20_E-244,30,Sq. Yards,3202,288,3238,702,1,0,,1,,,544
149815,GO16_E-97,30,Sq. Yards,3199,285,3221,702,1,0,,1,,,544
149934,PW21_309,30,Sq. Yards,3212,298,3276,693,1,0,,1,,,544
150501,RK5_E-150,30,Sq. Yards,3205,291,3252,690,1,0,,1,,,544
151841,RW27.28.26PII_E-803,30,Sq. Yards,3205,291,3252,688,1,0,,1,,,544
152206,MG9.10.3_E-362,30,Sq. Yards,3207,293,3259,693,1,0,,1,,,544
154013,SD8_E-195,30,Sq. Yards,3200,286,3230,686,1,0,,1,,,544
154613,RW27.28.26PII_E-1071,30,Sq. Yards,3205,291,3252,683,1,0,,1,,,544
155718,RK5_E-250,30,Sq. Yards,3205,291,3252,702,1,0,,1,,,544
155731,JG23_1247,30,Sq. Yards,3194,280,3200,691,1,0,,1,,,544
155950,PW21_1023,30,Sq. Yards,3212,298,3276,708,1,0,,1,,,544
156086,JG22.2_E-658,30,Sq. Yards,3194,280,3200,681,1,0,,1,,,544
156586,JG23_1754,30,Sq. Yards,3194,280,3200,693,1,0,,1,,,544
157272,JG22.1_E-10,30,Sq. Yards,3194,280,3200,687,1,0,,1,,,544
157957,RW18.1_E-133,30,Sq. Yards,3208,294,3264,709,1,0,,1,,,544
158389,PW21_736,30,Sq. Yards,3212,298,3276,689,1,0,,1,,,544
158643,PW21_437,30,Sq. Yards,3212,298,3276,774,1,0,,1,,,544
158876,KN32_195,30,Sq. Yards,3197,283,3215,694,1,0,,1,,,544
159326,JG23_602,30,Sq. Yards,3194,280,3200,696,1,0,,1,,,544
159344,RW18.2-3763,30,Sq. Yards,3208,294,3264,681,1,0,,1,,,544
159576,RW27.28.26PII_E-337,30,Sq. Yards,3205,291,3252,700,1,0,,1,,,544
160061,JG23_2241,30,Sq. Yards,3194,280,3200,688,1,0,,1,,,544
160430,SSPIII20_E-288,30,Sq. Yards,3202,288,3238,702,1,0,,1,,,544
160629,RW27.28.26PII_E-22,30,Sq. Yards,3205,291,3252,682,1,0,,1,,,544
160715,FD9_E-174,30,Sq. Yards,3201,287,3233,693,1,0,,1,,,544
161598,RK5_E-109,30,Sq. Yards,3205,291,3252,684,1,0,,1,,,544
162402,RW18.2-3120,30,Sq. Yards,3208,294,3264,681,1,0,,1,,,544
162469,JG22.2_E-147,30,Sq. Yards,3194,280,3200,696,1,0,,1,,,544
148012,RK21.2_E-603,30,Sq. Yards,3205,291,3252,683,1,0,,1,,,544
148294,JG23_1769,30,Sq. Yards,3194,280,3200,695,1,0,,1,,,544
148497,JG23_782,30,Sq. Yards,3194,280,3200,683,1,0,,1,,,544
149033,JG23_853,30,Sq. Yards,3194,280,3200,692,1,0,,1,,,544
149783,GO13.14_250,30,Sq. Yards,3199,285,3221,703,1,0,,1,,,544
150437,RW18.2-2497,30,Sq. Yards,3208,294,3264,685,1,0,,1,,,544
152591,JG22.1_E-117,30,Sq. Yards,3194,280,3200,682,1,0,,1,,,544
153710,JG22.2_E-686,30,Sq. Yards,3194,280,3200,683,1,0,,1,,,544
153813,PW21_880,30,Sq. Yards,3212,298,3276,697,1,0,,1,,,544
153978,PW21_18,30,Sq. Yards,3212,298,3276,684,1,0,,1,,,544
154378,JAJ_E-3,30,Sq. Yards,3200,286,3229,689,1,0,,1,,,544
154428,GO13.14_60,30,Sq. Yards,3199,285,3221,684,1,0,,1,,,544
154528,JG23_2057,30,Sq. Yards,3194,280,3200,695,1,0,,1,,,544
155531,JG22.2_E-415,30,Sq. Yards,3194,280,3200,695,1,0,,1,,,544
155549,SSPIII20_E-322,30,Sq. Yards,3202,288,3238,691,1,0,,1,,,544
155785,JG23_1232,30,Sq. Yards,3194,280,3200,686,1,0,,1,,,544
156203,RW27.28.26PII_E-961,30,Sq. Yards,3205,291,3252,700,1,0,,1,,,544
156436,RW27.28.26PII_E-744,30,Sq. Yards,3205,291,3252,683,1,0,,1,,,544
156635,RW18.2-2937,30,Sq. Yards,3208,294,3264,691,1,0,,1,,,544
156835,KN32_63,30,Sq. Yards,3197,283,3215,686,1,0,,1,,,544
157454,RW27.28.26PII_E-1053,30,Sq. Yards,3205,291,3252,695,1,0,,1,,,544
158390,JG24.2_E-103,30,Sq. Yards,3194,280,3200,695,1,0,,1,,,544
158875,JR6_E-227,30,Sq. Yards,3206,292,3257,693,1,0,,1,,,544
159761,CD9_E-36,30,Sq. Yards,3213,299,3279,682,1,0,,1,,,544
159811,RW27.28.26PII_E-1110,30,Sq. Yards,3205,291,3252,683,1,0,,1,,,544
162034,SSPIII20_E-331,30,Sq. Yards,3202,288,3238,688,1,0,,1,,,544
147512,JG23_419,30,Sq. Yards,3194,280,3200,689,1,0,,1,,,544
157760,JR6_E-251,30,Sq. Yards,3206,292,3257,681,1,0,,1,,,544
158319,RW18.2-3816,30,Sq. Yards,3208,294,3264,692,1,0,,1,,,544
158853,JG22.2_E-559,30,Sq. Yards,3194,280,3200,691,1,0,,1,,,544
159598,RW18.2-2045,30,Sq. Yards,3208,294,3264,702,1,0,,1,,,544
160066,RK21.2_E-333,30,Sq. Yards,3205,291,3252,691,1,0,,1,,,544
160568,PJ28.1_E-99,30,Sq. Yards,3192,278,3193,700,1,0,,1,,,544
160727,CD9_E-85,30,Sq. Yards,3213,299,3279,690,1,0,,1,,,544
160893,JG23_695,30,Sq. Yards,3194,280,3200,691,1,0,,1,,,544
161663,JR9PII_E-45,30,Sq. Yards,3206,292,3257,691,1,0,,1,,,544
161895,PJ28.1_E-16,30,Sq. Yards,3192,278,3193,944,1,0,,1,,,544
162440,PW21_840,30,Sq. Yards,3212,298,3276,705,1,0,,1,,,544
162606,PW21_962,30,Sq. Yards,3212,298,3276,682,1,0,,1,,,544
147578,JG23_1858,30,Sq. Yards,3194,280,3200,701,1,0,,1,,,544
147996,PWAP_E-112,30,Sq. Yards,3212,298,3276,688,1,0,,1,,,544
148314,SSPIII20_E-732,30,Sq. Yards,3202,288,3238,863,1,0,,1,,,544
149132,KN32_12,30,Sq. Yards,3197,283,3215,696,1,0,,1,,,544
149299,SD8_E-155,30,Sq. Yards,3200,286,3230,682,1,0,,1,,,544
150000,RW27.28.26PII_E-1450,30,Sq. Yards,3205,291,3252,683,1,0,,1,,,544
151540,PW21_38,30,Sq. Yards,3212,298,3276,696,1,0,,1,,,544
152308,RW18.2-3691,30,Sq. Yards,3208,294,3264,681,1,0,,1,,,544
152508,JG23_1539,30,Sq. Yards,3194,280,3200,692,1,0,,1,,,544
152525,CD1B_E-80,30,Sq. Yards,3213,299,3279,681,1,0,,1,,,544
152943,JG23_2014,30,Sq. Yards,3194,280,3200,1055,1,0,,1,,,544
152958,JG23_1103,30,Sq. Yards,3194,280,3200,690,1,0,,1,,,544
153494,RW18.2-2508,30,Sq. Yards,3208,294,3264,704,1,0,,1,,,544
154698,JG23_1088,30,Sq. Yards,3194,280,3200,693,1,0,,1,,,544
154848,PW21_5,30,Sq. Yards,3212,298,3276,704,1,0,,1,,,544
154997,JG22.1_E-130,30,Sq. Yards,3194,280,3200,702,1,0,,1,,,544
155398,RW36A_E-304,30,Sq. Yards,3205,291,3252,682,1,0,,1,,,544
155447,RW27.28.26PII_E-1726,30,Sq. Yards,3205,291,3252,690,1,0,,1,,,544
155584,PWAP_E-425,30,Sq. Yards,3212,298,3276,685,1,0,,1,,,544
155783,JG23_2067,30,Sq. Yards,3194,280,3200,702,1,0,,1,,,544
156102,RW18.2-2541,30,Sq. Yards,3208,294,3264,689,1,0,,1,,,544
156284,RK21.2_E-5,30,Sq. Yards,3205,291,3252,683,1,0,,1,,,544
156670,JG23_375,30,Sq. Yards,3194,280,3200,684,1,0,,1,,,544
157573,SSPIII20_E-405,30,Sq. Yards,3202,288,3238,683,1,0,,1,,,544
158155,JG23_2271,30,Sq. Yards,3194,280,3200,681,1,0,,1,,,544
158223,JG23_1614,30,Sq. Yards,3194,280,3200,681,1,0,,1,,,544
158273,JG22.2_E-416,30,Sq. Yards,3194,280,3200,681,1,0,,1,,,544
159159,RW18.2-2848,30,Sq. Yards,3208,294,3264,696,1,0,,1,,,544
162635,PWAP_E-275,30,Sq. Yards,3212,298,3276,706,1,0,,1,,,544
147901,GO13.14_268,30,Sq. Yards,3199,285,3221,690,1,0,,1,,,544
148083,RK5_E-45,30,Sq. Yards,3205,291,3252,696,1,0,,1,,,544
148115,JR9_E-65,30,Sq. Yards,3206,292,3257,686,1,0,,1,,,544
148126,RW18.2-3667,30,Sq. Yards,3208,294,3264,683,1,0,,1,,,544
148365,JG23_714,30,Sq. Yards,3194,280,3200,700,1,0,,1,,,544
149712,RW19.1_E-28,30,Sq. Yards,3208,294,3264,681,1,0,,1,,,544
150087,JG22.2_E-211,30,Sq. Yards,3194,280,3200,690,1,0,,1,,,544
151209,JG22.1_E-14,30,Sq. Yards,3194,280,3200,688,1,0,,1,,,544
151766,RK5_E-285,30,Sq. Yards,3205,291,3252,684,1,0,,1,,,544
151859,JG23_328,30,Sq. Yards,3194,280,3200,683,1,0,,1,,,544
152620,GO16_E-4,30,Sq. Yards,3199,285,3221,690,1,0,,1,,,544
152677,RW27.28.26PII_E-83,30,Sq. Yards,3205,291,3252,690,1,0,,1,,,544
153513,JG23_2043,30,Sq. Yards,3194,280,3200,695,1,0,,1,,,544
153881,SSPIII20_E-452,30,Sq. Yards,3202,288,3238,702,1,0,,1,,,544
154217,PWAP_E-140,30,Sq. Yards,3212,298,3276,688,1,0,,1,,,544
154667,PJ28.3_E-72,30,Sq. Yards,3192,278,3193,944,1,0,,1,,,544
155103,RW27.28.26PII_E-444,30,Sq. Yards,3205,291,3252,701,1,0,,1,,,544
155689,RW18.2-2647,30,Sq. Yards,3208,294,3264,685,1,0,,1,,,544
157025,PWAP_E-134,30,Sq. Yards,3212,298,3276,921,1,0,,1,,,544
158997,RW18.2-2516,30,Sq. Yards,3208,294,3264,684,1,0,,1,,,544
159372,JG22.1_E-46,30,Sq. Yards,3194,280,3200,683,1,0,,1,,,544
159922,RW27.28.26PII_E-1478,30,Sq. Yards,3205,291,3252,698,1,0,,1,,,544
161001,CD9_E-9,30,Sq. Yards,3213,299,3279,699,1,0,,1,,,544
161269,JG23_1189,30,Sq. Yards,3194,280,3200,696,1,0,,1,,,544
152140,PJ28.2_E-75,30,Sq. Yards,3192,278,3193,944,1,0,,1,,,544
153176,SSPIII20_E-551,30,Sq. Yards,3202,288,3238,711,1,0,,1,,,544
153325,JG22.2_E-371,30,Sq. Yards,3194,280,3200,686,1,0,,1,,,544
154380,PW21_153,30,Sq. Yards,3212,298,3276,708,1,0,,1,,,544
154679,RW18.2-2236,30,Sq. Yards,3208,294,3264,688,1,0,,1,,,544
154916,PWAP_E-48,30,Sq. Yards,3212,298,3276,709,1,0,,1,,,544
155965,MG9.10.3_E-43,30,Sq. Yards,3207,293,3259,691,1,0,,1,,,544
156169,RK21.2_E-634,30,Sq. Yards,3205,291,3252,692,1,0,,1,,,544
156852,SSPIII20_E-829,30,Sq. Yards,3202,288,3238,703,1,0,,1,,,544
157105,JAJ_E-105,30,Sq. Yards,3200,286,3229,682,1,0,,1,,,544
157120,RW19.1_E-60,30,Sq. Yards,3208,294,3264,700,1,0,,1,,,544
157405,MG9.10.3_E-238,30,Sq. Yards,3207,293,3259,690,1,0,,1,,,544
157455,JG22.2_E-251,30,Sq. Yards,3194,280,3200,685,1,0,,1,,,544
157988,SSPIII20_E-741,30,Sq. Yards,3202,288,3238,701,1,0,,1,,,544
158288,RW18.2-2947,30,Sq. Yards,3208,294,3264,687,1,0,,1,,,544
158841,JG22.2_E-649,30,Sq. Yards,3194,280,3200,692,1,0,,1,,,544
159460,RW27.28.26PII_E-43,30,Sq. Yards,3205,291,3252,696,1,0,,1,,,544
159492,RW18.2-2304,30,Sq. Yards,3208,294,3264,711,1,0,,1,,,544
159510,RW18.2-2501,30,Sq. Yards,3208,294,3264,682,1,0,,1,,,544
159759,SSPIII20_E-552,30,Sq. Yards,3202,288,3238,766,1,0,,1,,,544
160949,RW27.28.26PII_E-159,30,Sq. Yards,3205,291,3252,681,1,0,,1,,,544
161314,SSPIII20_E-128,30,Sq. Yards,3202,288,3238,693,1,0,,1,,,544
161918,CD1B_E-89,30,Sq. Yards,3213,299,3279,681,1,0,,1,,,544
162353,JG23_1269,30,Sq. Yards,3194,280,3200,682,1,0,,1,,,544
147584,JG23_1652,30,Sq. Yards,3194,280,3200,686,1,0,,1,,,544
148188,PJ28.3_E-80,30,Sq. Yards,3192,278,3193,706,1,0,,1,,,544
148239,JG24.2_E-111,30,Sq. Yards,3194,280,3200,699,1,0,,1,,,544
148337,SSPIII20_E-759,30,Sq. Yards,3202,288,3238,694,1,0,,1,,,544
148756,PWAP_E-27,30,Sq. Yards,3212,298,3276,704,1,0,,1,,,544
150209,GO16_E-195,30,Sq. Yards,3199,285,3221,681,1,0,,1,,,544
150228,RK5_E-334,30,Sq. Yards,3205,291,3252,702,1,0,,1,,,544
151881,FD9_E-74,30,Sq. Yards,3201,287,3233,693,1,0,,1,,,544
153168,JG22.2_E-390,30,Sq. Yards,3194,280,3200,693,1,0,,1,,,544
153868,PW21_855,30,Sq. Yards,3212,298,3276,688,1,0,,1,,,544
153985,JG22.2_E-122,30,Sq. Yards,3194,280,3200,684,1,0,,1,,,544
154872,PJ28.1_E-205,30,Sq. Yards,3192,278,3193,689,1,0,,1,,,544
155540,SSPIII20_E-803,30,Sq. Yards,3202,288,3238,705,1,0,,1,,,544
157063,JR6_E-263,30,Sq. Yards,3206,292,3257,692,1,0,,1,,,544
157495,JG23_525,30,Sq. Yards,3194,280,3200,696,1,0,,1,,,544
159186,RW27.28.26PII_E-1275,30,Sq. Yards,3205,291,3252,690,1,0,,1,,,544
159333,JG23_667,30,Sq. Yards,3194,280,3200,689,1,0,,1,,,544
159550,KN32_146,30,Sq. Yards,3197,283,3215,694,1,0,,1,,,544
159769,RW18.2-2765,30,Sq. Yards,3208,294,3264,681,1,0,,1,,,544
160169,JG23_1094,30,Sq. Yards,3194,280,3200,684,1,0,,1,,,544
161054,PW21_99,30,Sq. Yards,3212,298,3276,696,1,0,,1,,,544
147524,PW21_653,30,Sq. Yards,3212,298,3276,705,1,0,,1,,,544
150332,RK5_E-352,30,Sq. Yards,3205,291,3252,700,1,0,,1,,,544
150471,RW36A_E-26,30,Sq. Yards,3205,291,3252,681,1,0,,1,,,544
151032,SSPIII20_E-477,30,Sq. Yards,3202,288,3238,701,1,0,,1,,,544
152597,PW21_151,30,Sq. Yards,3212,298,3276,685,1,0,,1,,,544
154015,JG23_1286,30,Sq. Yards,3194,280,3200,699,1,0,,1,,,544
154594,GO16_E-9,30,Sq. Yards,3199,285,3221,703,1,0,,1,,,544
154608,KN32_109,30,Sq. Yards,3197,283,3215,681,1,0,,1,,,544
154726,SSPIII20_E-401,30,Sq. Yards,3202,288,3238,707,1,0,,1,,,544
154958,RW27.28.26PII_E-155,30,Sq. Yards,3205,291,3252,688,1,0,,1,,,544
154976,RW27.28.26PII_E-422,30,Sq. Yards,3205,291,3252,685,1,0,,1,,,544
155294,SSPIII20_E-250,30,Sq. Yards,3202,288,3238,705,1,0,,1,,,544
155455,RW18.2-2897,30,Sq. Yards,3208,294,3264,681,1,0,,1,,,544
155594,PW21_42,30,Sq. Yards,3212,298,3276,701,1,0,,1,,,544
156187,JG23_866,30,Sq. Yards,3194,280,3200,681,1,0,,1,,,544
156198,RW27.28.26PII_E-997,30,Sq. Yards,3205,291,3252,684,1,0,,1,,,544
156280,RK21.2_E-121,30,Sq. Yards,3205,291,3252,693,1,0,,1,,,544
156416,JG22.2_E-143,30,Sq. Yards,3194,280,3200,682,1,0,,1,,,544
157223,JR9PII_E-10,30,Sq. Yards,3206,292,3257,696,1,0,,1,,,544
161910,MG9.10.3_E-209,30,Sq. Yards,3207,293,3259,686,1,0,,1,,,544
161959,JG23_1121,30,Sq. Yards,3194,280,3200,702,1,0,,1,,,544
148000,RW27.28.26PII_E-407,30,Sq. Yards,3205,291,3252,699,1,0,,1,,,544
148100,CD9_E-55,30,Sq. Yards,3213,299,3279,692,1,0,,1,,,544
148157,SSPIII20_E-48,30,Sq. Yards,3202,288,3238,682,1,0,,1,,,544
148159,PJ28.3_E-169,30,Sq. Yards,3192,278,3193,935,1,0,,1,,,544
148459,CD1B_E-66,30,Sq. Yards,3213,299,3279,733,1,0,,1,,,544
148727,PW21_810,30,Sq. Yards,3212,298,3276,688,1,0,,1,,,544
148970,RW36A_E-204,30,Sq. Yards,3205,291,3252,681,1,0,,1,,,544
149602,JG23_1953,30,Sq. Yards,3194,280,3200,701,1,0,,1,,,544
149670,RW18.1_E-33,30,Sq. Yards,3208,294,3264,708,1,0,,1,,,544
150265,RW27.28.26PII_E-1498,30,Sq. Yards,3205,291,3252,684,1,0,,1,,,544
150976,SSPIII20_E-828,30,Sq. Yards,3202,288,3238,707,1,0,,1,,,544
151342,PW21_513,30,Sq. Yards,3212,298,3276,708,1,0,,1,,,544
153246,JG22.2_E-320,30,Sq. Yards,3194,280,3200,689,1,0,,1,,,544
153705,RW27.28.26PII_E-730,30,Sq. Yards,3205,291,3252,685,1,0,,1,,,544
153805,MG9.10.3_E-145,30,Sq. Yards,3207,293,3259,685,1,0,,1,,,544
154039,JG22.1_E-11,30,Sq. Yards,3194,280,3200,683,1,0,,1,,,544
154850,RW18.2-3263,30,Sq. Yards,3208,294,3264,707,1,0,,1,,,544
155152,MG9.10.3_E-199,30,Sq. Yards,3207,293,3259,693,1,0,,1,,,544
155209,FD9_E-129,30,Sq. Yards,3201,287,3233,696,1,0,,1,,,544
155254,RW27.28.26PII_E-1670,30,Sq. Yards,3205,291,3252,684,1,0,,1,,,544
155881,JG22.2_E-684,30,Sq. Yards,3194,280,3200,688,1,0,,1,,,544
157960,SSPIII20_E-435,30,Sq. Yards,3202,288,3238,692,1,0,,1,,,544
159798,CD9_E-465,30,Sq. Yards,3213,299,3279,690,1,0,,1,,,544
160457,RW18.1_E-44,30,Sq. Yards,3208,294,3264,707,1,0,,1,,,544
160825,SD8_E-194,30,Sq. Yards,3200,286,3230,688,1,0,,1,,,544
161127,JG23_844,30,Sq. Yards,3194,280,3200,683,1,0,,1,,,544
161193,JG23_1742,30,Sq. Yards,3194,280,3200,696,1,0,,1,,,544
161204,JG24.1_E-39,30,Sq. Yards,3194,280,3200,701,1,0,,1,,,544
161268,RW18.2-3173,30,Sq. Yards,3208,294,3264,699,1,0,,1,,,544
161604,GO16_E-163,30,Sq. Yards,3199,285,3221,696,1,0,,1,,,544
147478,PW21_105,30,Sq. Yards,3212,298,3276,696,1,0,,1,,,544
147509,RW18.2-2745,30,Sq. Yards,3208,294,3264,703,1,0,,1,,,544
148078,JG23_1152,30,Sq. Yards,3194,280,3200,681,1,0,,1,,,544
149099,JR9PII_E-3,30,Sq. Yards,3206,292,3257,683,1,0,,1,,,544
149381,JG23_2264,30,Sq. Yards,3194,280,3200,699,1,0,,1,,,544
149599,RW18.2-3433,30,Sq. Yards,3208,294,3264,685,1,0,,1,,,544
150336,PW21_88,30,Sq. Yards,3212,298,3276,768,1,0,,1,,,544
151086,KN32_338,30,Sq. Yards,3197,283,3215,700,1,0,,1,,,544
151940,FD9_E-184,30,Sq. Yards,3201,287,3233,691,1,0,,1,,,544
152439,SD8_E-210,30,Sq. Yards,3200,286,3230,697,1,0,,1,,,544
153344,JR6_E-41,30,Sq. Yards,3206,292,3257,693,1,0,,1,,,544
154829,CD1B_E-31,30,Sq. Yards,3213,299,3279,689,1,0,,1,,,544
155048,RW27.28.26PII_E-1697,30,Sq. Yards,3205,291,3252,686,1,0,,1,,,544
156437,GO16_E-158,30,Sq. Yards,3199,285,3221,696,1,0,,1,,,544
159478,PW21_1092,30,Sq. Yards,3212,298,3276,688,1,0,,1,,,544
160428,RK21.2_E-225,30,Sq. Yards,3205,291,3252,683,1,0,,1,,,544
160695,RW18.2-2598,30,Sq. Yards,3208,294,3264,685,1,0,,1,,,544
160964,PW21_805,30,Sq. Yards,3212,298,3276,709,1,0,,1,,,544
161096,RW27.28.26PII_E-1327,30,Sq. Yards,3205,291,3252,686,1,0,,1,,,544
161450,PWAP_E-38,30,Sq. Yards,3212,298,3276,697,1,0,,1,,,544
161767,RW18.2-2436,30,Sq. Yards,3208,294,3264,706,1,0,,1,,,544
161768,JR6_E-199,30,Sq. Yards,3206,292,3257,690,1,0,,1,,,544
162082,JR9PII_E-296,30,Sq. Yards,3206,292,3257,691,1,0,,1,,,544
147586,JG22.1_E-104,30,Sq. Yards,3194,280,3200,699,1,0,,1,,,544
147701,PW21_344,30,Sq. Yards,3212,298,3276,699,1,0,,1,,,544
148086,FD9_E-118,30,Sq. Yards,3201,287,3233,702,1,0,,1,,,544
149777,RK5_E-66,30,Sq. Yards,3205,291,3252,702,1,0,,1,,,544
150128,CD9_E-260,30,Sq. Yards,3213,299,3279,688,1,0,,1,,,544
150443,RK21.2_E-576,30,Sq. Yards,3205,291,3252,691,1,0,,1,,,544
151398,CD1B_E-167,30,Sq. Yards,3213,299,3279,689,1,0,,1,,,544
151830,PW21_405,30,Sq. Yards,3212,298,3276,693,1,0,,1,,,544
152498,JG22.2_E-53,30,Sq. Yards,3194,280,3200,689,1,0,,1,,,544
152783,JG22.2_E-425,30,Sq. Yards,3194,280,3200,683,1,0,,1,,,544
148420,JR6_E-305,30,Sq. Yards,3206,292,3257,691,1,0,,1,,,544
149926,RW27.28.26PII_E-323,30,Sq. Yards,3205,291,3252,686,1,0,,1,,,544
150462,RW27.28.26PII_E-60,30,Sq. Yards,3205,291,3252,701,1,0,,1,,,544
151364,PWAP_E-176,30,Sq. Yards,3212,298,3276,707,1,0,,1,,,544
151730,RW27.28.26PII_E-66,30,Sq. Yards,3205,291,3252,684,1,0,,1,,,544
152183,PJ28.3_E-211,30,Sq. Yards,3192,278,3193,704,1,0,,1,,,544
152415,JG23_867,30,Sq. Yards,3194,280,3200,684,1,0,,1,,,544
153719,RW36A_E-140,30,Sq. Yards,3205,291,3252,695,1,0,,1,,,544
153770,JR9PII_E-40,30,Sq. Yards,3206,292,3257,683,1,0,,1,,,544
155238,JG23_1448,30,Sq. Yards,3194,280,3200,690,1,0,,1,,,544
155944,RW18.2-3054,30,Sq. Yards,3208,294,3264,698,1,0,,1,,,544
156125,RW27.28.26PII_E-119,30,Sq. Yards,3205,291,3252,683,1,0,,1,,,544
156444,RW19.1_E-21,30,Sq. Yards,3208,294,3264,683,1,0,,1,,,544
156829,JG23_974,30,Sq. Yards,3194,280,3200,694,1,0,,1,,,544
158516,RK21.2_E-474,30,Sq. Yards,3205,291,3252,695,1,0,,1,,,544
159016,JG22.2_E-179,30,Sq. Yards,3194,280,3200,697,1,0,,1,,,544
160001,SD8_E-104,30,Sq. Yards,3200,286,3230,683,1,0,,1,,,544
160937,RK5_E-216,30,Sq. Yards,3205,291,3252,702,1,0,,1,,,544
161122,JR6_E-447,30,Sq. Yards,3206,292,3257,686,1,0,,1,,,544
161675,CD1B_E-78,30,Sq. Yards,3213,299,3279,692,1,0,,1,,,544
161826,RW27.28.26PII_E-429,30,Sq. Yards,3205,291,3252,689,1,0,,1,,,544
147464,PW21_125,30,Sq. Yards,3212,298,3276,708,1,0,,1,,,544
147625,SD8_E-82,30,Sq. Yards,3200,286,3230,694,1,0,,1,,,544
147730,JG23_1607,30,Sq. Yards,3194,280,3200,681,1,0,,1,,,544
148032,PW21_396,30,Sq. Yards,3212,298,3276,691,1,0,,1,,,544
148200,RW27.28.26PII_E-884,30,Sq. Yards,3205,291,3252,685,1,0,,1,,,544
148468,RW27.28.26PII_E-1349,30,Sq. Yards,3205,291,3252,701,1,0,,1,,,544
149034,RW27.28.26PII_E-1544,30,Sq. Yards,3205,291,3252,698,1,0,,1,,,544
149940,PJ28.3_E-140,30,Sq. Yards,3192,278,3193,700,1,0,,1,,,544
150799,RW18.2-2630,30,Sq. Yards,3208,294,3264,685,1,0,,1,,,544
150833,CD1B_E-136,30,Sq. Yards,3213,299,3279,701,1,0,,1,,,544
151265,CD9_E-460,30,Sq. Yards,3213,299,3279,699,1,0,,1,,,544
151869,KN32_356,30,Sq. Yards,3197,283,3215,975,1,0,,1,,,544
153214,RW36A_E-288,30,Sq. Yards,3205,291,3252,682,1,0,,1,,,544
153575,RW18.2-2448,30,Sq. Yards,3208,294,3264,690,1,0,,1,,,544
154809,RW18.2-2255,30,Sq. Yards,3208,294,3264,705,1,0,,1,,,544
155445,PWAP_E-324,30,Sq. Yards,3212,298,3276,707,1,0,,1,,,544
156581,MG9.10.3_E-361,30,Sq. Yards,3207,293,3259,689,1,0,,1,,,544
147599,JG23_991,30,Sq. Yards,3194,280,3200,681,1,0,,1,,,544
147906,PWAP_E-320,30,Sq. Yards,3212,298,3276,692,1,0,,1,,,544
148635,JG22.2_E-56,30,Sq. Yards,3194,280,3200,699,1,0,,1,,,544
149253,RW18.2-3717,30,Sq. Yards,3208,294,3264,704,1,0,,1,,,544
149260,JG22.2_E-93,30,Sq. Yards,3194,280,3200,697,1,0,,1,,,544
150146,JG22.1_E-42,30,Sq. Yards,3194,280,3200,682,1,0,,1,,,544
151668,RW18.1_E-103,30,Sq. Yards,3208,294,3264,681,1,0,,1,,,544
153515,PWAP_E-501,30,Sq. Yards,3212,298,3276,687,1,0,,1,,,544
153608,RW18.2-2435,30,Sq. Yards,3208,294,3264,683,1,0,,1,,,544
154626,PW21_549,30,Sq. Yards,3212,298,3276,704,1,0,,1,,,544
154676,MG9.10.3_E-242,30,Sq. Yards,3207,293,3259,689,1,0,,1,,,544
156173,PWAP_E-480,30,Sq. Yards,3212,298,3276,685,1,0,,1,,,544
157777,PW21_559,30,Sq. Yards,3212,298,3276,701,1,0,,1,,,544
160724,SD8_E-200,30,Sq. Yards,3200,286,3230,684,1,0,,1,,,544
161035,RW27.28.26PII_E-135,30,Sq. Yards,3205,291,3252,690,1,0,,1,,,544
161203,GO16_E-234,30,Sq. Yards,3199,285,3221,699,1,0,,1,,,544
161460,JG22.2_E-584,30,Sq. Yards,3194,280,3200,683,1,0,,1,,,544
161471,GO13.14_98,30,Sq. Yards,3199,285,3221,688,1,0,,1,,,544
161521,SSPIII20_E-258,30,Sq. Yards,3202,288,3238,691,1,0,,1,,,544
162614,PWAP_E-39,30,Sq. Yards,3212,298,3276,939,1,0,,1,,,544
147685,JG23_1265,30,Sq. Yards,3194,280,3200,1045,1,0,,1,,,544
147853,SD8_E-193,30,Sq. Yards,3200,286,3230,692,1,0,,1,,,544
147985,SSPIII20_E-646,30,Sq. Yards,3202,288,3238,692,1,0,,1,,,544
149274,RW18.2-2533,30,Sq. Yards,3208,294,3264,683,1,0,,1,,,544
149591,JG23_1709,30,Sq. Yards,3194,280,3200,692,1,0,,1,,,544
150193,RW19.2_E-37,30,Sq. Yards,3208,294,3264,682,1,0,,1,,,544
154129,SD8_E-164,30,Sq. Yards,3200,286,3230,686,1,0,,1,,,544
154762,JG22.2_E-478,30,Sq. Yards,3194,280,3200,698,1,0,,1,,,544
154965,SD8_E-176,30,Sq. Yards,3200,286,3230,688,1,0,,1,,,544
156834,JG23_1982,30,Sq. Yards,3194,280,3200,690,1,0,,1,,,544
157937,RK21.2_E-376,30,Sq. Yards,3205,291,3252,681,1,0,,1,,,544
158891,RW19.2_E-21,30,Sq. Yards,3208,294,3264,692,1,0,,1,,,544
159027,RW18.2-3154,30,Sq. Yards,3208,294,3264,695,1,0,,1,,,544
159528,JR6_E-304,30,Sq. Yards,3206,292,3257,683,1,0,,1,,,544
159642,RK21.2_E-152,30,Sq. Yards,3205,291,3252,690,1,0,,1,,,544
160496,GO16_E-150,30,Sq. Yards,3199,285,3221,681,1,0,,1,,,544
161313,JG22.2_E-714,30,Sq. Yards,3194,280,3200,682,1,0,,1,,,544
161631,PW21_175,30,Sq. Yards,3212,298,3276,710,1,0,,1,,,544
161831,CD9_E-484,30,Sq. Yards,3213,299,3279,694,1,0,,1,,,544
162703,RW18.2-2544,30,Sq. Yards,3208,294,3264,694,1,0,,1,,,544
149324,RW27.28.26PII_E-1586,30,Sq. Yards,3205,291,3252,701,1,0,,1,,,544
149409,JG23_1408,30,Sq. Yards,3194,280,3200,692,1,0,,1,,,544
149994,RW27.28.26PII_E-306,30,Sq. Yards,3205,291,3252,689,1,0,,1,,,544
150109,GO13.14_75,30,Sq. Yards,3199,285,3221,689,1,0,,1,,,544
150126,PW21_62,30,Sq. Yards,3212,298,3276,709,1,0,,1,,,544
150343,JR6_E-412,30,Sq. Yards,3206,292,3257,696,1,0,,1,,,544
150943,RW18.2-2941,30,Sq. Yards,3208,294,3264,690,1,0,,1,,,544
151915,CD9_E-241,30,Sq. Yards,3213,299,3279,691,1,0,,1,,,544
152149,JG23_1294,30,Sq. Yards,3194,280,3200,681,1,0,,1,,,544
152934,SSPIII20_E-151,30,Sq. Yards,3202,288,3238,699,1,0,,1,,,544
153768,PW21_627,30,Sq. Yards,3212,298,3276,687,1,0,,1,,,544
153804,RW18.2-3393,30,Sq. Yards,3208,294,3264,706,1,0,,1,,,544
153904,JG23_1023,30,Sq. Yards,3194,280,3200,696,1,0,,1,,,544
154238,RW18.2-3385,30,Sq. Yards,3208,294,3264,684,1,0,,1,,,544
155423,KN32_28,30,Sq. Yards,3197,283,3215,694,1,0,,1,,,544
156978,RK5_E-320,30,Sq. Yards,3205,291,3252,686,1,0,,1,,,544
157161,RW27.28.26PII_E-1497,30,Sq. Yards,3205,291,3252,683,1,0,,1,,,544
157395,RW27.28.26PII_E-876,30,Sq. Yards,3205,291,3252,701,1,0,,1,,,544
158750,JG23_905,30,Sq. Yards,3194,280,3200,682,1,0,,1,,,544
159082,CD9_E-200,30,Sq. Yards,3213,299,3279,696,1,0,,1,,,544
160873,JG23_852,30,Sq. Yards,3194,280,3200,695,1,0,,1,,,544
161105,JG22.2_E-308,30,Sq. Yards,3194,280,3200,684,1,0,,1,,,544
161473,JG22.2_E-141,30,Sq. Yards,3194,280,3200,687,1,0,,1,,,544
162545,JG22.2_E-588,30,Sq. Yards,3194,280,3200,699,1,0,,1,,,544
162609,RW27.28.26PII_E-1427,30,Sq. Yards,3205,291,3252,698,1,0,,1,,,544
147556,JG23_2283,30,Sq. Yards,3194,280,3200,687,1,0,,1,,,544
147724,RW27.28.26PII_E-756,30,Sq. Yards,3205,291,3252,686,1,0,,1,,,544
149471,RW27.28.26PII_E-526,30,Sq. Yards,3205,291,3252,702,1,0,,1,,,544
150625,RW27.28.26PII_E-970,30,Sq. Yards,3205,291,3252,690,1,0,,1,,,544
151918,RW27.28.26PII_E-1718,30,Sq. Yards,3205,291,3252,685,1,0,,1,,,544
152304,SSPIII20_E-233,30,Sq. Yards,3202,288,3238,684,1,0,,1,,,544
152461,RK5_E-48,30,Sq. Yards,3205,291,3252,700,1,0,,1,,,544
152972,RW27.28.26PII_E-1515,30,Sq. Yards,3205,291,3252,689,1,0,,1,,,544
153122,RK5_E-123,30,Sq. Yards,3205,291,3252,696,1,0,,1,,,544
153172,JG23_627,30,Sq. Yards,3194,280,3200,686,1,0,,1,,,544
153583,JG23_1153,30,Sq. Yards,3194,280,3200,684,1,0,,1,,,544
153615,SSPIII20_E-420,30,Sq. Yards,3202,288,3238,706,1,0,,1,,,544
153622,JG23_2207,30,Sq. Yards,3194,280,3200,701,1,0,,1,,,544
154365,GO16_E-200,30,Sq. Yards,3199,285,3221,682,1,0,,1,,,544
154383,RW18.2-3442,30,Sq. Yards,3208,294,3264,711,1,0,,1,,,544
154444,PW21_434,30,Sq. Yards,3212,298,3276,696,1,0,,1,,,544
155687,PWAP_E-87,30,Sq. Yards,3212,298,3276,696,1,0,,1,,,544
156137,JG23_1569,30,Sq. Yards,3194,280,3200,681,1,0,,1,,,544
156337,JG22.1_E-141,30,Sq. Yards,3194,280,3200,695,1,0,,1,,,544
157866,PW21_202,30,Sq. Yards,3212,298,3276,684,1,0,,1,,,544
157927,RW27.28.26PII_E-1017,30,Sq. Yards,3205,291,3252,700,1,0,,1,,,544
158663,RW18.1_E-167,30,Sq. Yards,3208,294,3264,693,1,0,,1,,,544
159331,JR9_E-41,30,Sq. Yards,3206,292,3257,694,1,0,,1,,,544
159763,RK21.2_E-493,30,Sq. Yards,3205,291,3252,692,1,0,,1,,,544
159931,RW36A_E-266,30,Sq. Yards,3205,291,3252,690,1,0,,1,,,544
150841,PW21_1055,30,Sq. Yards,3212,298,3276,697,1,0,,1,,,544
150934,RK5_E-200,30,Sq. Yards,3205,291,3252,700,1,0,,1,,,544
150984,JG23_2000,30,Sq. Yards,3194,280,3200,681,1,0,,1,,,544
151191,GO13.14_130,30,Sq. Yards,3199,285,3221,684,1,0,,1,,,544
152284,JG22.2_E-470,30,Sq. Yards,3194,280,3200,702,1,0,,1,,,544
157050,CD9_E-395,30,Sq. Yards,3213,299,3279,691,1,0,,1,,,544
157257,RK21.2_E-536,30,Sq. Yards,3205,291,3252,686,1,0,,1,,,544
158504,PWAP_E-77,30,Sq. Yards,3212,298,3276,695,1,0,,1,,,544
158811,RW18.2-3727,30,Sq. Yards,3208,294,3264,697,1,0,,1,,,544
159347,JR6_E-178,30,Sq. Yards,3206,292,3257,688,1,0,,1,,,544
159522,RW27.28.26PII_E-1485,30,Sq. Yards,3205,291,3252,692,1,0,,1,,,544
160133,RK21.2_E-591,30,Sq. Yards,3205,291,3252,686,1,0,,1,,,544
160208,PWAP_E-58,30,Sq. Yards,3212,298,3276,700,1,0,,1,,,544
160983,RW27.28.26PII_E-1228,30,Sq. Yards,3205,291,3252,682,1,0,,1,,,544
161312,RK21.2_E-453,30,Sq. Yards,3205,291,3252,696,1,0,,1,,,544
161587,JG23_1557,30,Sq. Yards,3194,280,3200,692,1,0,,1,,,544
161769,KN32_6,30,Sq. Yards,3197,283,3215,681,1,0,,1,,,544
149090,RW18.2-3685,30,Sq. Yards,3208,294,3264,692,1,0,,1,,,544
149256,JG22.2_E-730,30,Sq. Yards,3194,280,3200,696,1,0,,1,,,544
150543,PW21_136,30,Sq. Yards,3212,298,3276,706,1,0,,1,,,544
150962,RW36A_E-95,30,Sq. Yards,3205,291,3252,684,1,0,,1,,,544
151079,RW27.28.26PII_E-169,30,Sq. Yards,3205,291,3252,682,1,0,,1,,,544
151264,JG22.2_E-261,30,Sq. Yards,3194,280,3200,686,1,0,,1,,,544
152902,GO16_E-259,30,Sq. Yards,3199,285,3221,699,1,0,,1,,,544
152949,RW27.28.26PII_E-1465,30,Sq. Yards,3205,291,3252,681,1,0,,1,,,544
153785,JG22.2_E-156,30,Sq. Yards,3194,280,3200,696,1,0,,1,,,544
153821,JR9_E-42,30,Sq. Yards,3206,292,3257,697,1,0,,1,,,544
154772,GO16_E-322,30,Sq. Yards,3199,285,3221,700,1,0,,1,,,544
154821,JR6_E-142,30,Sq. Yards,3206,292,3257,682,1,0,,1,,,544
154874,GO13.14_50,30,Sq. Yards,3199,285,3221,703,1,0,,1,,,544
155340,JG24.2_E-31,30,Sq. Yards,3194,280,3200,697,1,0,,1,,,544
156010,SSPIII20_E-448,30,Sq. Yards,3202,288,3238,698,1,0,,1,,,544
156110,JG22.2_E-259,30,Sq. Yards,3194,280,3200,685,1,0,,1,,,544
157595,RW18.2-3332,30,Sq. Yards,3208,294,3264,685,1,0,,1,,,544
158448,RW27.28.26PII_E-1384,30,Sq. Yards,3205,291,3252,699,1,0,,1,,,544
158848,JG23_1425,30,Sq. Yards,3194,280,3200,683,1,0,,1,,,544
159920,JG24.1_E-53,30,Sq. Yards,3194,280,3200,685,1,0,,1,,,544
160088,RK21.2_E-523,30,Sq. Yards,3205,291,3252,690,1,0,,1,,,544
160488,RK21.2_E-623,30,Sq. Yards,3205,291,3252,692,1,0,,1,,,544
161139,RW27.28.26PII_E-1311,30,Sq. Yards,3205,291,3252,685,1,0,,1,,,544
161558,RW27.28.26PII_E-726,30,Sq. Yards,3205,291,3252,681,1,0,,1,,,544
162211,RW18.2-2694,30,Sq. Yards,3208,294,3264,682,1,0,,1,,,544
155211,KN32_118,30,Sq. Yards,3197,283,3215,695,1,0,,1,,,544
155920,JR6_E-350,30,Sq. Yards,3206,292,3257,684,1,0,,1,,,544
156783,JG24.2_E-36,30,Sq. Yards,3194,280,3200,681,1,0,,1,,,544
157124,PW21_1111,30,Sq. Yards,3212,298,3276,921,1,0,,1,,,544
157290,PJ28.2_E-64,30,Sq. Yards,3192,278,3193,700,1,0,,1,,,544
157351,PWAP_E-152,30,Sq. Yards,3212,298,3276,768,1,0,,1,,,544
157392,CD9_E-190,30,Sq. Yards,3213,299,3279,691,1,0,,1,,,544
159496,RK21.2_E-64,30,Sq. Yards,3205,291,3252,681,1,0,,1,,,544
160234,RW27.28.26PII_E-536,30,Sq. Yards,3205,291,3252,701,1,0,,1,,,544
160300,SSPIII20_E-115,30,Sq. Yards,3202,288,3238,688,1,0,,1,,,544
162165,RW18.2-2299,30,Sq. Yards,3208,294,3264,683,1,0,,1,,,544
162306,MG9.10.3_E-275,30,Sq. Yards,3207,293,3259,693,1,0,,1,,,544
148045,SSPIII20_E-736,30,Sq. Yards,3202,288,3238,681,1,0,,1,,,544
148063,RW18.2-3792,30,Sq. Yards,3208,294,3264,697,1,0,,1,,,544
148363,JG23_2275,30,Sq. Yards,3194,280,3200,692,1,0,,1,,,544
148396,PWAP_E-184,30,Sq. Yards,3212,298,3276,695,1,0,,1,,,544
148496,CD1B_E-71,30,Sq. Yards,3213,299,3279,696,1,0,,1,,,544
148713,JR6_E-122,30,Sq. Yards,3206,292,3257,699,1,0,,1,,,544
148931,RW36A_E-162,30,Sq. Yards,3205,291,3252,686,1,0,,1,,,544
149314,SSPIII20_E-382,30,Sq. Yards,3202,288,3238,701,1,0,,1,,,544
150417,PW21_312,30,Sq. Yards,3212,298,3276,682,1,0,,1,,,544
150503,RK21.2_E-16,30,Sq. Yards,3205,291,3252,684,1,0,,1,,,544
150903,PJ28.3_E-42,30,Sq. Yards,3192,278,3193,962,1,0,,1,,,544
151421,JG23_2041,30,Sq. Yards,3194,280,3200,683,1,0,,1,,,544
151690,RW18.2-2263,30,Sq. Yards,3208,294,3264,696,1,0,,1,,,544
152275,CD9_E-302,30,Sq. Yards,3213,299,3279,696,1,0,,1,,,544
152322,KN32_279,30,Sq. Yards,3197,283,3215,721,1,0,,1,,,544
152925,JG24.2_E-65,30,Sq. Yards,3194,280,3200,1051,1,0,,1,,,544
153544,RW18.2-3741,30,Sq. Yards,3208,294,3264,699,1,0,,1,,,544
153593,CD9_E-131,30,Sq. Yards,3213,299,3279,685,1,0,,1,,,544
153629,RW27.28.26PII_E-1675,30,Sq. Yards,3205,291,3252,700,1,0,,1,,,544
153661,RW18.2-3678,30,Sq. Yards,3208,294,3264,698,1,0,,1,,,544
154411,JG23_1810,30,Sq. Yards,3194,280,3200,681,1,0,,1,,,544
154562,RW18.2-2943,30,Sq. Yards,3208,294,3264,710,1,0,,1,,,544
154815,CD1B_E-35,30,Sq. Yards,3213,299,3279,693,1,0,,1,,,544
155766,RW18.2-3666,30,Sq. Yards,3208,294,3264,710,1,0,,1,,,544
156219,PW21_65,30,Sq. Yards,3212,298,3276,704,1,0,,1,,,544
156252,PW21_710,30,Sq. Yards,3212,298,3276,706,1,0,,1,,,544
156537,MG9.10.2_E-22,30,Sq. Yards,3207,293,3259,693,1,0,,1,,,544
156687,RW27.28.26PII_E-193,30,Sq. Yards,3205,291,3252,684,1,0,,1,,,544
157488,JG23_1781,30,Sq. Yards,3194,280,3200,692,1,0,,1,,,544
159278,KN9.32_E-145,30,Sq. Yards,3197,283,3215,975,1,0,,1,,,544
159477,PW21_34,30,Sq. Yards,3212,298,3276,709,1,0,,1,,,544
159996,RW18.2-3146,30,Sq. Yards,3208,294,3264,682,1,0,,1,,,544
160195,GO16_E-40,30,Sq. Yards,3199,285,3221,697,1,0,,1,,,544
160528,RK21.2_E-2,30,Sq. Yards,3205,291,3252,688,1,0,,1,,,544
161982,JG23_923,30,Sq. Yards,3194,280,3200,695,1,0,,1,,,544
162418,MG9.10.3_E-268,30,Sq. Yards,3207,293,3259,683,1,0,,1,,,544
162518,RK5_E-355,30,Sq. Yards,3205,291,3252,681,1,0,,1,,,544
148554,RW27.28.26PII_E-855,30,Sq. Yards,3205,291,3252,690,1,0,,1,,,544
148620,SD8_E-249,30,Sq. Yards,3200,286,3230,681,1,0,,1,,,544
148688,RK21.2_E-354,30,Sq. Yards,3205,291,3252,690,1,0,,1,,,544
148790,SD8_E-182,30,Sq. Yards,3200,286,3230,683,1,0,,1,,,544
149041,PJ28.2_E-77,30,Sq. Yards,3192,278,3193,1008,1,0,,1,,,544
149224,SSPIII20_E-536,30,Sq. Yards,3202,288,3238,682,1,0,,1,,,544
149309,RW27.28.26PII_E-582,30,Sq. Yards,3205,291,3252,698,1,0,,1,,,544
149322,PJ28.2_E-19,30,Sq. Yards,3192,278,3193,699,1,0,,1,,,544
149724,JG23_406,30,Sq. Yards,3194,280,3200,682,1,0,,1,,,544
150428,RW27.28.26PII_E-1331,30,Sq. Yards,3205,291,3252,695,1,0,,1,,,544
150526,JG23_1859,30,Sq. Yards,3194,280,3200,700,1,0,,1,,,544
151345,RW27.28.26PII_E-1476,30,Sq. Yards,3205,291,3252,690,1,0,,1,,,544
152247,JG23_1973,30,Sq. Yards,3194,280,3200,681,1,0,,1,,,544
152300,JR6_E-265,30,Sq. Yards,3206,292,3257,696,1,0,,1,,,544
152400,KN32_187,30,Sq. Yards,3197,283,3215,681,1,0,,1,,,544
153002,RW18.2-3416,30,Sq. Yards,3208,294,3264,695,1,0,,1,,,544
150967,PJ28.1_E-15,30,Sq. Yards,3192,278,3193,935,1,0,,1,,,544
151167,RW19.2_E-52,30,Sq. Yards,3208,294,3264,703,1,0,,1,,,544
151308,PJ28.2_E-49,30,Sq. Yards,3192,278,3193,684,1,0,,1,,,544
152042,PW21_663,30,Sq. Yards,3212,298,3276,710,1,0,,1,,,544
152537,RW18.2-3406,30,Sq. Yards,3208,294,3264,685,1,0,,1,,,544
153482,JR6_E-220,30,Sq. Yards,3206,292,3257,692,1,0,,1,,,544
153984,GO13.14_202,30,Sq. Yards,3199,285,3221,698,1,0,,1,,,544
154041,JG23_1308,30,Sq. Yards,3194,280,3200,694,1,0,,1,,,544
154316,JG23_420,30,Sq. Yards,3194,280,3200,682,1,0,,1,,,544
154377,RW27.28.26PII_E-692,30,Sq. Yards,3205,291,3252,700,1,0,,1,,,544
155045,PJ28.2_E-39,30,Sq. Yards,3192,278,3193,861,1,0,,1,,,544
155379,RW18.2-2289,30,Sq. Yards,3208,294,3264,707,1,0,,1,,,544
156113,PW21_894,30,Sq. Yards,3212,298,3276,684,1,0,,1,,,544
156247,JAJ_E-121,30,Sq. Yards,3200,286,3229,681,1,0,,1,,,544
156254,RW27.28.26PII_E-1433,30,Sq. Yards,3205,291,3252,686,1,0,,1,,,544
156824,PWAP_E-198,30,Sq. Yards,3212,298,3276,689,1,0,,1,,,544
157458,RW27.28.26PII_E-1701,30,Sq. Yards,3205,291,3252,696,1,0,,1,,,544
157724,JG23_1741,30,Sq. Yards,3194,280,3200,682,1,0,,1,,,544
158494,KN32_138,30,Sq. Yards,3197,283,3215,683,1,0,,1,,,544
158887,PJ28.1_E-202,30,Sq. Yards,3192,278,3193,944,1,0,,1,,,544
159023,PWAP_E-180,30,Sq. Yards,3212,298,3276,702,1,0,,1,,,544
159098,JG24.2_E-12,30,Sq. Yards,3194,280,3200,700,1,0,,1,,,544
159432,PW21_622,30,Sq. Yards,3212,298,3276,696,1,0,,1,,,544
159957,JR9PII_E-213,30,Sq. Yards,3206,292,3257,696,1,0,,1,,,544
159998,PJ28.2_E-29,30,Sq. Yards,3192,278,3193,974,1,0,,1,,,544
160123,JG23_1125,30,Sq. Yards,3194,280,3200,689,1,0,,1,,,544
160593,CD9_E-268,30,Sq. Yards,3213,299,3279,691,1,0,,1,,,544
161597,RW18.2-3570,30,Sq. Yards,3208,294,3264,683,1,0,,1,,,544
161697,PW21_780,30,Sq. Yards,3212,298,3276,690,1,0,,1,,,544
161929,PW21_882,30,Sq. Yards,3212,298,3276,697,1,0,,1,,,544
147928,JG23_671,30,Sq. Yards,3194,280,3200,701,1,0,,1,,,544
150085,PWAP_E-515,30,Sq. Yards,3212,298,3276,706,1,0,,1,,,544
150318,CD9_E-265,30,Sq. Yards,3213,299,3279,688,1,0,,1,,,544
151254,RW27.28.26PII_E-368,30,Sq. Yards,3205,291,3252,692,1,0,,1,,,544
151271,RW18.2-2861,30,Sq. Yards,3208,294,3264,697,1,0,,1,,,544
151304,SSPIII20_E-495,30,Sq. Yards,3202,288,3238,682,1,0,,1,,,544
151572,RK21.2_E-241,30,Sq. Yards,3205,291,3252,684,1,0,,1,,,544
153794,RW18.1_E-7,30,Sq. Yards,3208,294,3264,705,1,0,,1,,,544
153880,RW18.1_E-58,30,Sq. Yards,3208,294,3264,696,1,0,,1,,,544
153993,RW36A_E-59,30,Sq. Yards,3205,291,3252,691,1,0,,1,,,544
154662,JG23_2016,30,Sq. Yards,3194,280,3200,700,1,0,,1,,,544
156487,RW27.28.26PII_E-358,30,Sq. Yards,3205,291,3252,691,1,0,,1,,,544
157419,JG23_735,30,Sq. Yards,3194,280,3200,683,1,0,,1,,,544
157523,JG22.2_E-566,30,Sq. Yards,3194,280,3200,690,1,0,,1,,,544
158088,RW36A_E-215,30,Sq. Yards,3205,291,3252,686,1,0,,1,,,544
158324,MG9.10.3_E-272,30,Sq. Yards,3207,293,3259,686,1,0,,1,,,544
159091,PJ28.3_E-16,30,Sq. Yards,3192,278,3193,974,1,0,,1,,,544
159846,JR6_E-9,30,Sq. Yards,3206,292,3257,687,1,0,,1,,,544
160381,JG22.2_E-295,30,Sq. Yards,3194,280,3200,690,1,0,,1,,,544
161113,RW27.28.26PII_E-813,30,Sq. Yards,3205,291,3252,700,1,0,,1,,,544
161932,RW19.2_E-41,30,Sq. Yards,3208,294,3264,690,1,0,,1,,,544
162167,PW21_424,30,Sq. Yards,3212,298,3276,688,1,0,,1,,,544
147908,JG22.2_E-556,30,Sq. Yards,3194,280,3200,683,1,0,,1,,,544
148558,SSPIII20_E-336,30,Sq. Yards,3202,288,3238,694,1,0,,1,,,544
148694,RW18.2-2529,30,Sq. Yards,3208,294,3264,694,1,0,,1,,,544
148837,RW36A_E-72,30,Sq. Yards,3205,291,3252,681,1,0,,1,,,544
149276,RW18.2-3486,30,Sq. Yards,3208,294,3264,704,1,0,,1,,,544
150305,SSPIII20_E-473,30,Sq. Yards,3202,288,3238,699,1,0,,1,,,544
150834,RW18.2-3441,30,Sq. Yards,3208,294,3264,708,1,0,,1,,,544
150859,RK21.2_E-600,30,Sq. Yards,3205,291,3252,684,1,0,,1,,,544
153524,JR6_E-46,30,Sq. Yards,3206,292,3257,692,1,0,,1,,,544
153724,RK5_E-131,30,Sq. Yards,3205,291,3252,696,1,0,,1,,,544
154117,PWAP_E-156,30,Sq. Yards,3212,298,3276,697,1,0,,1,,,544
155503,RW27.28.26PII_E-1551,30,Sq. Yards,3205,291,3252,690,1,0,,1,,,544
157021,JR9PII_E-272,30,Sq. Yards,3206,292,3257,693,1,0,,1,,,544
158490,RK21.2_E-295,30,Sq. Yards,3205,291,3252,691,1,0,,1,,,544
158708,JG23_1730,30,Sq. Yards,3194,280,3200,697,1,0,,1,,,544
161748,RW18.2-3152,30,Sq. Yards,3208,294,3264,681,1,0,,1,,,544
161834,JAJ_E-64,30,Sq. Yards,3200,286,3229,686,1,0,,1,,,544
161948,CD1B_E-147,30,Sq. Yards,3213,299,3279,686,1,0,,1,,,544
162151,PWAP_E-230,30,Sq. Yards,3212,298,3276,707,1,0,,1,,,544
162202,PW21_190,30,Sq. Yards,3212,298,3276,706,1,0,,1,,,544
148286,RW18.2-2855,30,Sq. Yards,3208,294,3264,704,1,0,,1,,,544
148503,JG24.2_E-80,30,Sq. Yards,3194,280,3200,683,1,0,,1,,,544
148571,KN32_58,30,Sq. Yards,3197,283,3215,681,1,0,,1,,,544
148656,GO13.14_253,30,Sq. Yards,3199,285,3221,682,1,0,,1,,,544
148924,PW21_169,30,Sq. Yards,3212,298,3276,692,1,0,,1,,,544
149341,JG22.2_E-461,30,Sq. Yards,3194,280,3200,696,1,0,,1,,,544
150743,RW27.28.26PII_E-782,30,Sq. Yards,3205,291,3252,687,1,0,,1,,,544
150828,SSPIII20_E-611,30,Sq. Yards,3202,288,3238,701,1,0,,1,,,544
151498,JR6_E-416,30,Sq. Yards,3206,292,3257,686,1,0,,1,,,544
152447,JG22.2_E-341,30,Sq. Yards,3194,280,3200,691,1,0,,1,,,544
153285,RK5_E-319,30,Sq. Yards,3205,291,3252,684,1,0,,1,,,544
153468,SSPIII20_E-366,30,Sq. Yards,3202,288,3238,698,1,0,,1,,,544
154219,RW18.2-3357,30,Sq. Yards,3208,294,3264,699,1,0,,1,,,544
154338,JG22.2_E-465,30,Sq. Yards,3194,280,3200,681,1,0,,1,,,544
154489,GO13.14_64,30,Sq. Yards,3199,285,3221,684,1,0,,1,,,544
156980,PJ28.3_E-196,30,Sq. Yards,3192,278,3193,692,1,0,,1,,,544
157831,RW18.2-2980,30,Sq. Yards,3208,294,3264,684,1,0,,1,,,544
157865,CD1B_E-7,30,Sq. Yards,3213,299,3279,690,1,0,,1,,,544
157965,RK21.2_E-542,30,Sq. Yards,3205,291,3252,688,1,0,,1,,,544
159667,JG22.2_E-329,30,Sq. Yards,3194,280,3200,681,1,0,,1,,,544
160720,RW19.1_E-51,30,Sq. Yards,3208,294,3264,707,1,0,,1,,,544
160820,PWAP_E-106,30,Sq. Yards,3212,298,3276,691,1,0,,1,,,544
160990,RW27.28.26PII_E-698,30,Sq. Yards,3205,291,3252,697,1,0,,1,,,544
161141,JG22.2_E-557,30,Sq. Yards,3194,280,3200,695,1,0,,1,,,544
149402,JG23_1242,30,Sq. Yards,3194,280,3200,684,1,0,,1,,,544
151542,JG23_631,30,Sq. Yards,3194,280,3200,690,1,0,,1,,,544
151867,JR6_E-399,30,Sq. Yards,3206,292,3257,698,1,0,,1,,,544
152110,PJ28.3_E-123,30,Sq. Yards,3192,278,3193,689,1,0,,1,,,544
152635,RW18.2-2812,30,Sq. Yards,3208,294,3264,704,1,0,,1,,,544
152837,RW18.2-3772,30,Sq. Yards,3208,294,3264,708,1,0,,1,,,544
153380,JG23_1405,30,Sq. Yards,3194,280,3200,683,1,0,,1,,,544
153975,JR9PII_E-77,30,Sq. Yards,3206,292,3257,682,1,0,,1,,,544
154107,RK21.2_E-61,30,Sq. Yards,3205,291,3252,689,1,0,,1,,,544
154284,JR6_E-279,30,Sq. Yards,3206,292,3257,698,1,0,,1,,,544
154943,KN32_78,30,Sq. Yards,3197,283,3215,694,1,0,,1,,,544
155177,RW18.2-3072,30,Sq. Yards,3208,294,3264,705,1,0,,1,,,544
155588,PW21_648,30,Sq. Yards,3212,298,3276,707,1,0,,1,,,544
156015,RW18.1_E-157,30,Sq. Yards,3208,294,3264,683,1,0,,1,,,544
156624,PW21_609,30,Sq. Yards,3212,298,3276,687,1,0,,1,,,544
156915,PW21_109,30,Sq. Yards,3212,298,3276,921,1,0,,1,,,544
157217,PW21_985,30,Sq. Yards,3212,298,3276,691,1,0,,1,,,544
159591,RW18.2-3450,30,Sq. Yards,3208,294,3264,699,1,0,,1,,,544
159800,JG24.2_E-122,30,Sq. Yards,3194,280,3200,685,1,0,,1,,,544
161202,RW27.28.26PII_E-1482,30,Sq. Yards,3205,291,3252,686,1,0,,1,,,544
161536,JG22.2_E-437,30,Sq. Yards,3194,280,3200,689,1,0,,1,,,544
161904,PJ28.1_E-18,30,Sq. Yards,3192,278,3193,924,1,0,,1,,,544
162031,JG22.2_E-225,30,Sq. Yards,3194,280,3200,695,1,0,,1,,,544
162565,PW21_200,30,Sq. Yards,3212,298,3276,691,1,0,,1,,,544
147817,SD8_E-189,30,Sq. Yards,3200,286,3230,689,1,0,,1,,,544
148360,RK5_E-265,30,Sq. Yards,3205,291,3252,684,1,0,,1,,,544
149346,JG23_1786,30,Sq. Yards,3194,280,3200,687,1,0,,1,,,544
149428,JR9PII_E-258,30,Sq. Yards,3206,292,3257,682,1,0,,1,,,544
149603,JG23_760,30,Sq. Yards,3194,280,3200,695,1,0,,1,,,544
149664,GO13.14_267,30,Sq. Yards,3199,285,3221,682,1,0,,1,,,544
150550,JR9PII_E-181,30,Sq. Yards,3206,292,3257,686,1,0,,1,,,544
152493,MG9.10.3_E-70,30,Sq. Yards,3207,293,3259,684,1,0,,1,,,544
153190,CD9_E-42,30,Sq. Yards,3213,299,3279,696,1,0,,1,,,544
156362,SSPIII20_E-793,30,Sq. Yards,3202,288,3238,687,1,0,,1,,,544
156523,RW27.28.26PII_E-1659,30,Sq. Yards,3205,291,3252,686,1,0,,1,,,544
156716,SSPIII20_E-276,30,Sq. Yards,3202,288,3238,701,1,0,,1,,,544
157284,JG23_738,30,Sq. Yards,3194,280,3200,696,1,0,,1,,,544
157366,JG23_1489,30,Sq. Yards,3194,280,3200,682,1,0,,1,,,544
157766,RW18.1_E-18,30,Sq. Yards,3208,294,3264,685,1,0,,1,,,544
157809,RK5_E-299,30,Sq. Yards,3205,291,3252,700,1,0,,1,,,544
159681,JG22.2_E-218,30,Sq. Yards,3194,280,3200,689,1,0,,1,,,544
159731,RK5_E-242,30,Sq. Yards,3205,291,3252,683,1,0,,1,,,544
159813,RW27.28.26PII_E-403,30,Sq. Yards,3205,291,3252,702,1,0,,1,,,544
160006,RW18.2-3104,30,Sq. Yards,3208,294,3264,705,1,0,,1,,,544
160117,RW27.28.26PII_E-213,30,Sq. Yards,3205,291,3252,684,1,0,,1,,,544
161771,RW36A_E-224,30,Sq. Yards,3205,291,3252,686,1,0,,1,,,544
161896,PW21_544,30,Sq. Yards,3212,298,3276,698,1,0,,1,,,544
162196,RW27.28.26PII_E-1729,30,Sq. Yards,3205,291,3252,692,1,0,,1,,,544
148101,RW27.28.26PII_E-1248,30,Sq. Yards,3205,291,3252,685,1,0,,1,,,544
148158,JR6_E-55,30,Sq. Yards,3206,292,3257,695,1,0,,1,,,544
149176,GO13.14_141,30,Sq. Yards,3199,285,3221,690,1,0,,1,,,544
149780,JG23_1916,30,Sq. Yards,3194,280,3200,694,1,0,,1,,,544
149962,RW36A_E-91,30,Sq. Yards,3205,291,3252,691,1,0,,1,,,544
150205,SSPIII20_E-476,30,Sq. Yards,3202,288,3238,693,1,0,,1,,,544
150348,RW18.2-3413,30,Sq. Yards,3208,294,3264,700,1,0,,1,,,544
150898,RW27.28.26PII_E-196,30,Sq. Yards,3205,291,3252,701,1,0,,1,,,544
151341,RK5_E-304,30,Sq. Yards,3205,291,3252,690,1,0,,1,,,544
151402,RW18.2-2604,30,Sq. Yards,3208,294,3264,684,1,0,,1,,,544
151527,SD8_E-152,30,Sq. Yards,3200,286,3230,683,1,0,,1,,,544
152145,JR6_E-389,30,Sq. Yards,3206,292,3257,682,1,0,,1,,,544
152288,JR9PII_E-170,30,Sq. Yards,3206,292,3257,696,1,0,,1,,,544
152295,CD1B_E-193,30,Sq. Yards,3213,299,3279,692,1,0,,1,,,544
152552,PW21_239,30,Sq. Yards,3212,298,3276,691,1,0,,1,,,544
153224,KN9.32_E-160,30,Sq. Yards,3197,283,3215,686,1,0,,1,,,544
154067,KN32_112,30,Sq. Yards,3197,283,3215,687,1,0,,1,,,544
154210,JG22.2_E-374,30,Sq. Yards,3194,280,3200,699,1,0,,1,,,544
154385,RK21.2_E-362,30,Sq. Yards,3205,291,3252,684,1,0,,1,,,544
154449,JG23_431,30,Sq. Yards,3194,280,3200,685,1,0,,1,,,544
154617,PJ28.2_E-85,30,Sq. Yards,3192,278,3193,935,1,0,,1,,,544
154928,JG22.2_E-545,30,Sq. Yards,3194,280,3200,699,1,0,,1,,,544
155385,RW18.2-3010,30,Sq. Yards,3208,294,3264,705,1,0,,1,,,544
155535,JG24.2_E-34,30,Sq. Yards,3194,280,3200,691,1,0,,1,,,544
156382,CD9_E-358,30,Sq. Yards,3213,299,3279,694,1,0,,1,,,544
156496,JG23_626,30,Sq. Yards,3194,280,3200,688,1,0,,1,,,544
156675,JG24.2_E-22,30,Sq. Yards,3194,280,3200,701,1,0,,1,,,544
157039,MG9.10.3_E-249,30,Sq. Yards,3207,293,3259,688,1,0,,1,,,544
157925,RW27.28.26PII_E-929,30,Sq. Yards,3205,291,3252,694,1,0,,1,,,544
158311,PWAP_E-311,30,Sq. Yards,3212,298,3276,711,1,0,,1,,,544
159072,PWAP_E-456,30,Sq. Yards,3212,298,3276,688,1,0,,1,,,544
159547,PW21_996,30,Sq. Yards,3212,298,3276,688,1,0,,1,,,544
159783,RW27.28.26PII_E-413,30,Sq. Yards,3205,291,3252,690,1,0,,1,,,544
160644,RW18.2-2477,30,Sq. Yards,3208,294,3264,709,1,0,,1,,,544
161144,PJ28.3_E-113,30,Sq. Yards,3192,278,3193,703,1,0,,1,,,544
161844,JG23_341,30,Sq. Yards,3194,280,3200,682,1,0,,1,,,544
161919,JG23_1338,30,Sq. Yards,3194,280,3200,685,1,0,,1,,,544
162298,RW27.28.26PII_E-527,30,Sq. Yards,3205,291,3252,692,1,0,,1,,,544
162448,RK21.2_E-304,30,Sq. Yards,3205,291,3252,695,1,0,,1,,,544
147569,JR6_E-269,30,Sq. Yards,3206,292,3257,682,1,0,,1,,,544
147635,RK21.2_E-147,30,Sq. Yards,3205,291,3252,686,1,0,,1,,,544
147818,PW21_1120,30,Sq. Yards,3212,298,3276,697,1,0,,1,,,544
148156,JG23_1092,30,Sq. Yards,3194,280,3200,683,1,0,,1,,,544
148237,RW27.28.26PII_E-1547,30,Sq. Yards,3205,291,3252,698,1,0,,1,,,544
149475,RW18.2-2894,30,Sq. Yards,3208,294,3264,700,1,0,,1,,,544
150075,JG23_373,30,Sq. Yards,3194,280,3200,682,1,0,,1,,,544
150896,RK21.2_E-499,30,Sq. Yards,3205,291,3252,682,1,0,,1,,,544
151313,RK21.2_E-515,30,Sq. Yards,3205,291,3252,695,1,0,,1,,,544
151913,GO13.14_175,30,Sq. Yards,3199,285,3221,702,1,0,,1,,,544
162459,GO16_E-306,30,Sq. Yards,3199,285,3221,697,1,0,,1,,,544
162542,JG23_292,30,Sq. Yards,3194,280,3200,696,1,0,,1,,,544
148934,PW21_978,30,Sq. Yards,3212,298,3276,691,1,0,,1,,,544
148959,JG23_1437,30,Sq. Yards,3194,280,3200,702,1,0,,1,,,544
149029,JG22.1_E-69,30,Sq. Yards,3194,280,3200,690,1,0,,1,,,544
149261,JG22.1_E-119,30,Sq. Yards,3194,280,3200,695,1,0,,1,,,544
149763,PWAP_E-234,30,Sq. Yards,3212,298,3276,684,1,0,,1,,,544
150438,PJ28.3_E-117,30,Sq. Yards,3192,278,3193,683,1,0,,1,,,544
150633,RK5_E-187,30,Sq. Yards,3205,291,3252,695,1,0,,1,,,544
150742,FD9_E-37,30,Sq. Yards,3201,287,3233,700,1,0,,1,,,544
150767,GO13.14_232,30,Sq. Yards,3199,285,3221,684,1,0,,1,,,544
152203,JG23_692,30,Sq. Yards,3194,280,3200,693,1,0,,1,,,544
153173,PWAP_E-270,30,Sq. Yards,3212,298,3276,692,1,0,,1,,,544
153448,JG23_897,30,Sq. Yards,3194,280,3200,691,1,0,,1,,,544
154207,PJ28.3_E-108,30,Sq. Yards,3192,278,3193,944,1,0,,1,,,544
154743,JG23_1001,30,Sq. Yards,3194,280,3200,696,1,0,,1,,,544
154786,PW21_143,30,Sq. Yards,3212,298,3276,706,1,0,,1,,,544
155054,RW36A_E-232,30,Sq. Yards,3205,291,3252,681,1,0,,1,,,544
155075,CD1B_E-27,30,Sq. Yards,3213,299,3279,696,1,0,,1,,,544
155243,PWAP_E-373,30,Sq. Yards,3212,298,3276,684,1,0,,1,,,544
157158,SD8_E-143,30,Sq. Yards,3200,286,3230,684,1,0,,1,,,544
158562,RW18.1_E-28,30,Sq. Yards,3208,294,3264,695,1,0,,1,,,544
158719,RK21.2_E-556,30,Sq. Yards,3205,291,3252,700,1,0,,1,,,544
158989,CD9_E-27,30,Sq. Yards,3213,299,3279,700,1,0,,1,,,544
159153,GO13.14_54,30,Sq. Yards,3199,285,3221,697,1,0,,1,,,544
159198,RW27.28.26PII_E-456,30,Sq. Yards,3205,291,3252,683,1,0,,1,,,544
159423,JR6_E-456,30,Sq. Yards,3206,292,3257,692,1,0,,1,,,544
159666,SD8_E-81,30,Sq. Yards,3200,286,3230,694,1,0,,1,,,544
160868,FD9_E-64,30,Sq. Yards,3201,287,3233,702,1,0,,1,,,544
161359,CD9_E-207,30,Sq. Yards,3213,299,3279,683,1,0,,1,,,544
162374,RW18.2-3080,30,Sq. Yards,3208,294,3264,681,1,0,,1,,,544
162540,RK21.2_E-402,30,Sq. Yards,3205,291,3252,694,1,0,,1,,,544
147545,CD9_E-281,30,Sq. Yards,3213,299,3279,692,1,0,,1,,,544
147628,JG23_1952,30,Sq. Yards,3194,280,3200,682,1,0,,1,,,544
147846,SSPIII20_E-771,30,Sq. Yards,3202,288,3238,709,1,0,,1,,,544
147896,RW19.2_E-46,30,Sq. Yards,3208,294,3264,702,1,0,,1,,,544
148428,RW18.2-2083,30,Sq. Yards,3208,294,3264,681,1,0,,1,,,544
149717,PW21_375,30,Sq. Yards,3212,298,3276,685,1,0,,1,,,544
149932,PWAP_E-61,30,Sq. Yards,3212,298,3276,709,1,0,,1,,,544
149985,RK21.2_E-441,30,Sq. Yards,3205,291,3252,682,1,0,,1,,,544
150153,PW21_20,30,Sq. Yards,3212,298,3276,692,1,0,,1,,,544
150400,RW27.28.26PII_E-359,30,Sq. Yards,3205,291,3252,682,1,0,,1,,,544
150453,SSPIII20_E-750,30,Sq. Yards,3202,288,3238,691,1,0,,1,,,544
151035,CD1B_E-17,30,Sq. Yards,3213,299,3279,681,1,0,,1,,,544
151336,RW18.2-2667,30,Sq. Yards,3208,294,3264,703,1,0,,1,,,544
151440,JAJ_E-42,30,Sq. Yards,3200,286,3229,689,1,0,,1,,,544
151504,JG23_1289,30,Sq. Yards,3194,280,3200,697,1,0,,1,,,544
152543,JR9PII_E-28,30,Sq. Yards,3206,292,3257,684,1,0,,1,,,544
155534,JG23_1954,30,Sq. Yards,3194,280,3200,681,1,0,,1,,,544
156034,CD9_E-17,30,Sq. Yards,3213,299,3279,681,1,0,,1,,,544
157020,FD9_E-159,30,Sq. Yards,3201,287,3233,700,1,0,,1,,,544
157874,JG24.2_E-135,30,Sq. Yards,3194,280,3200,700,1,0,,1,,,544
158709,KN32_36,30,Sq. Yards,3197,283,3215,697,1,0,,1,,,544
159860,JG23_1929,30,Sq. Yards,3194,280,3200,698,1,0,,1,,,544
160431,PJ28.1_E-163,30,Sq. Yards,3192,278,3193,935,1,0,,1,,,544
160713,PWAP_E-490,30,Sq. Yards,3212,298,3276,709,1,0,,1,,,544
160931,RW27.28.26PII_E-1574,30,Sq. Yards,3205,291,3252,688,1,0,,1,,,544
161213,JG23_1736,30,Sq. Yards,3194,280,3200,682,1,0,,1,,,544
161364,RW27.28.26PII_E-108,30,Sq. Yards,3205,291,3252,690,1,0,,1,,,544
162686,RW27.28.26PII_E-599,30,Sq. Yards,3205,291,3252,682,1,0,,1,,,544
147754,RW18.2-2068,30,Sq. Yards,3208,294,3264,691,1,0,,1,,,544
147988,RW18.2-2252,30,Sq. Yards,3208,294,3264,704,1,0,,1,,,544
148505,RW27.28.26PII_E-815,30,Sq. Yards,3205,291,3252,683,1,0,,1,,,544
149960,KN32_342,30,Sq. Yards,3197,283,3215,681,1,0,,1,,,544
150830,PWAP_E-468,30,Sq. Yards,3212,298,3276,699,1,0,,1,,,544
153270,JG23_1926,30,Sq. Yards,3194,280,3200,681,1,0,,1,,,544
153385,JG23_1463,30,Sq. Yards,3194,280,3200,683,1,0,,1,,,544
153387,PWAP_E-376,30,Sq. Yards,3212,298,3276,682,1,0,,1,,,544
153636,JG23_1295,30,Sq. Yards,3194,280,3200,690,1,0,,1,,,544
153953,RW36A_E-276,30,Sq. Yards,3205,291,3252,683,1,0,,1,,,544
155355,JR6_E-153,30,Sq. Yards,3206,292,3257,689,1,0,,1,,,544
156244,SSPIII20_E-305,30,Sq. Yards,3202,288,3238,692,1,0,,1,,,544
156944,RK5_E-208,30,Sq. Yards,3205,291,3252,690,1,0,,1,,,544
157080,JG23_1820,30,Sq. Yards,3194,280,3200,695,1,0,,1,,,544
157882,RK21.2_E-387,30,Sq. Yards,3205,291,3252,683,1,0,,1,,,544
158082,RW18.2-2077,30,Sq. Yards,3208,294,3264,692,1,0,,1,,,544
158548,PWAP_E-288,30,Sq. Yards,3212,298,3276,704,1,0,,1,,,544
158599,JG23_1642,30,Sq. Yards,3194,280,3200,699,1,0,,1,,,544
158682,PW21_1062,30,Sq. Yards,3212,298,3276,711,1,0,,1,,,544
158818,PJ28.3_E-132,30,Sq. Yards,3192,278,3193,689,1,0,,1,,,544
158984,JR9PII_E-245,30,Sq. Yards,3206,292,3257,689,1,0,,1,,,544
159684,PJ28.1_E-53,30,Sq. Yards,3192,278,3193,689,1,0,,1,,,544
160505,JG22.2_E-617,30,Sq. Yards,3194,280,3200,695,1,0,,1,,,544
162094,KN9.32_E-61,30,Sq. Yards,3197,283,3215,696,1,0,,1,,,544
162209,RK5_E-296,30,Sq. Yards,3205,291,3252,690,1,0,,1,,,544
148610,RW19.2_E-65,30,Sq. Yards,3208,294,3264,692,1,0,,1,,,544
149053,CD1B_E-57,30,Sq. Yards,3213,299,3279,701,1,0,,1,,,544
149110,RW27.28.26PII_E-1422,30,Sq. Yards,3205,291,3252,686,1,0,,1,,,544
149353,PWAP_E-98,30,Sq. Yards,3212,298,3276,710,1,0,,1,,,544
149378,JG23_1257,30,Sq. Yards,3194,280,3200,695,1,0,,1,,,544
149789,SSPIII20_E-191,30,Sq. Yards,3202,288,3238,689,1,0,,1,,,544
151143,JG23_1124,30,Sq. Yards,3194,280,3200,690,1,0,,1,,,544
152654,RW27.28.26PII_E-217,30,Sq. Yards,3205,291,3252,684,1,0,,1,,,544
152904,JG23_409,30,Sq. Yards,3194,280,3200,699,1,0,,1,,,544
153279,PJ28.1_E-23,30,Sq. Yards,3192,278,3193,944,1,0,,1,,,544
153347,CD9_E-1,30,Sq. Yards,3213,299,3279,697,1,0,,1,,,544
153683,RW27.28.26PII_E-1430,30,Sq. Yards,3205,291,3252,689,1,0,,1,,,544
153915,RW27.28.26PII_E-1423,30,Sq. Yards,3205,291,3252,686,1,0,,1,,,544
154133,JG22.2_E-720,30,Sq. Yards,3194,280,3200,697,1,0,,1,,,544
154176,JG22.1_E-34,30,Sq. Yards,3194,280,3200,697,1,0,,1,,,544
154526,CD9_E-499,30,Sq. Yards,3213,299,3279,684,1,0,,1,,,544
154651,JG23_477,30,Sq. Yards,3194,280,3200,685,1,0,,1,,,544
156748,JG23_1352,30,Sq. Yards,3194,280,3200,682,1,0,,1,,,544
156805,PJ28.3_E-12,30,Sq. Yards,3192,278,3193,704,1,0,,1,,,544
157048,CD1B_E-65,30,Sq. Yards,3213,299,3279,687,1,0,,1,,,544
157373,RW27.28.26PII_E-449,30,Sq. Yards,3205,291,3252,686,1,0,,1,,,544
158413,RW36A_E-117,30,Sq. Yards,3205,291,3252,693,1,0,,1,,,544
159320,RW27.28.26PII_E-1566,30,Sq. Yards,3205,291,3252,681,1,0,,1,,,544
161060,RW18.2-2824,30,Sq. Yards,3208,294,3264,687,1,0,,1,,,544
162439,SSPIII20_E-852,30,Sq. Yards,3202,288,3238,683,1,0,,1,,,544
162664,PWAP_E-243,30,Sq. Yards,3212,298,3276,939,1,0,,1,,,544
147719,RW18.2-2106,30,Sq. Yards,3208,294,3264,686,1,0,,1,,,544
147921,JG22.2_E-162,30,Sq. Yards,3194,280,3200,689,1,0,,1,,,544
148236,PW21_455,30,Sq. Yards,3212,298,3276,687,1,0,,1,,,544
148336,JG22.2_E-333,30,Sq. Yards,3194,280,3200,701,1,0,,1,,,544
149259,RW18.2-2250,30,Sq. Yards,3208,294,3264,684,1,0,,1,,,544
149859,JG22.2_E-247,30,Sq. Yards,3194,280,3200,683,1,0,,1,,,544
150529,RW18.2-2706,30,Sq. Yards,3208,294,3264,696,1,0,,1,,,544
151429,PWAP_E-510,30,Sq. Yards,3212,298,3276,706,1,0,,1,,,544
151595,CD9_E-433,30,Sq. Yards,3213,299,3279,689,1,0,,1,,,544
151612,SSPIII20_E-386,30,Sq. Yards,3202,288,3238,863,1,0,,1,,,544
152482,RW18.2-2013,30,Sq. Yards,3208,294,3264,691,1,0,,1,,,544
153520,JG22.1_E-64,30,Sq. Yards,3194,280,3200,683,1,0,,1,,,544
153686,PJ28.1_E-97,30,Sq. Yards,3192,278,3193,681,1,0,,1,,,544
153737,PW21_665,30,Sq. Yards,3212,298,3276,696,1,0,,1,,,544
153803,RW27.28.26PII_E-1612,30,Sq. Yards,3205,291,3252,699,1,0,,1,,,544
154188,JG23_1615,30,Sq. Yards,3194,280,3200,681,1,0,,1,,,544
154271,RK5_E-46,30,Sq. Yards,3205,291,3252,688,1,0,,1,,,544
154505,JG23_1217,30,Sq. Yards,3194,280,3200,689,1,0,,1,,,544
147929,CD9_E-38,30,Sq. Yards,3213,299,3279,691,1,0,,1,,,544
149334,JR9PII_E-47,30,Sq. Yards,3206,292,3257,692,1,0,,1,,,544
150752,SSPIII20_E-472,30,Sq. Yards,3202,288,3238,692,1,0,,1,,,544
152709,RW27.28.26PII_E-1136,30,Sq. Yards,3205,291,3252,688,1,0,,1,,,544
153578,RW27.28.26PII_E-1286,30,Sq. Yards,3205,291,3252,681,1,0,,1,,,544
153659,RW27.28.26PII_E-1470,30,Sq. Yards,3205,291,3252,691,1,0,,1,,,544
153863,PW21_118,30,Sq. Yards,3212,298,3276,684,1,0,,1,,,544
154645,JG22.2_E-142,30,Sq. Yards,3194,280,3200,685,1,0,,1,,,544
155835,JR9PII_E-134,30,Sq. Yards,3206,292,3257,682,1,0,,1,,,544
156836,FD9_E-40,30,Sq. Yards,3201,287,3233,695,1,0,,1,,,544
157971,RW36A_E-210,30,Sq. Yards,3205,291,3252,681,1,0,,1,,,544
158290,JG23_1184,30,Sq. Yards,3194,280,3200,696,1,0,,1,,,544
158375,RW18.2-3019,30,Sq. Yards,3208,294,3264,704,1,0,,1,,,544
158557,PWAP_E-405,30,Sq. Yards,3212,298,3276,693,1,0,,1,,,544
158990,JR9PII_E-42,30,Sq. Yards,3206,292,3257,696,1,0,,1,,,544
159107,JG23_1693,30,Sq. Yards,3194,280,3200,685,1,0,,1,,,544
159143,RW18.1_E-23,30,Sq. Yards,3208,294,3264,692,1,0,,1,,,544
159311,RW18.2-2942,30,Sq. Yards,3208,294,3264,697,1,0,,1,,,544
159626,JG23_381,30,Sq. Yards,3194,280,3200,681,1,0,,1,,,544
159712,JG22.1_E-81,30,Sq. Yards,3194,280,3200,1047,1,0,,1,,,544
160329,SSPIII20_E-294,30,Sq. Yards,3202,288,3238,691,1,0,,1,,,544
161298,GO16_E-235,30,Sq. Yards,3199,285,3221,689,1,0,,1,,,544
161566,CD9_E-235,30,Sq. Yards,3213,299,3279,697,1,0,,1,,,544
162184,SD8_E-9,30,Sq. Yards,3200,286,3230,684,1,0,,1,,,544
147652,RW27.28.26PII_E-888,30,Sq. Yards,3205,291,3252,685,1,0,,1,,,544
148439,PWAP_E-129,30,Sq. Yards,3212,298,3276,706,1,0,,1,,,544
148671,RW18.2-2017,30,Sq. Yards,3208,294,3264,692,1,0,,1,,,544
149190,RW18.2-3164,30,Sq. Yards,3208,294,3264,692,1,0,,1,,,544
149556,JG24.2_E-43,30,Sq. Yards,3194,280,3200,699,1,0,,1,,,544
149894,RW18.2-3548,30,Sq. Yards,3208,294,3264,704,1,0,,1,,,544
150494,KN32_189,30,Sq. Yards,3197,283,3215,686,1,0,,1,,,544
151849,JG23_590,30,Sq. Yards,3194,280,3200,699,1,0,,1,,,544
152915,JG23_2072,30,Sq. Yards,3194,280,3200,701,1,0,,1,,,544
153268,RW18.2-2085,30,Sq. Yards,3208,294,3264,692,1,0,,1,,,544
153351,RW18.2-2452,30,Sq. Yards,3208,294,3264,705,1,0,,1,,,544
153902,JG23_1449,30,Sq. Yards,3194,280,3200,682,1,0,,1,,,544
154521,RW27.28.26PII_E-769,30,Sq. Yards,3205,291,3252,684,1,0,,1,,,544
154855,PW21_1025,30,Sq. Yards,3212,298,3276,708,1,0,,1,,,544
155089,RW27.28.26PII_E-1381,30,Sq. Yards,3205,291,3252,694,1,0,,1,,,544
155489,JR6_E-445,30,Sq. Yards,3206,292,3257,684,1,0,,1,,,544
155991,JR6_E-228,30,Sq. Yards,3206,292,3257,692,1,0,,1,,,544
156027,PW21_442,30,Sq. Yards,3212,298,3276,686,1,0,,1,,,544
157027,JG22.2_E-673,30,Sq. Yards,3194,280,3200,685,1,0,,1,,,544
157612,PW21_519,30,Sq. Yards,3212,298,3276,698,1,0,,1,,,544
158450,SD8_E-171,30,Sq. Yards,3200,286,3230,684,1,0,,1,,,544
158684,PJ28.2_E-11,30,Sq. Yards,3192,278,3193,962,1,0,,1,,,544
159669,PW21_352,30,Sq. Yards,3212,298,3276,688,1,0,,1,,,544
159818,KN32_312,30,Sq. Yards,3197,283,3215,693,1,0,,1,,,544
160456,JR6_E-318,30,Sq. Yards,3206,292,3257,683,1,0,,1,,,544
160620,RW27.28.26PII_E-1577,30,Sq. Yards,3205,291,3252,697,1,0,,1,,,544
161022,JG23_662,30,Sq. Yards,3194,280,3200,701,1,0,,1,,,544
161475,RW27.28.26PII_E-77,30,Sq. Yards,3205,291,3252,684,1,0,,1,,,544
161875,MG9.10.3_E-329,30,Sq. Yards,3207,293,3259,683,1,0,,1,,,544
161924,MG9.10.3_E-330,30,Sq. Yards,3207,293,3259,687,1,0,,1,,,544
148402,PW21_774,30,Sq. Yards,3212,298,3276,706,1,0,,1,,,544
148834,RW36A_E-25,30,Sq. Yards,3205,291,3252,681,1,0,,1,,,544
149068,MG9.10.3_E-292,30,Sq. Yards,3207,293,3259,683,1,0,,1,,,544
149136,SSPIII20_E-738,30,Sq. Yards,3202,288,3238,685,1,0,,1,,,544
149772,RW27.28.26PII_E-490,30,Sq. Yards,3205,291,3252,684,1,0,,1,,,544
150363,JG23_1697,30,Sq. Yards,3194,280,3200,682,1,0,,1,,,544
151008,RW18.2-3781,30,Sq. Yards,3208,294,3264,681,1,0,,1,,,544
152142,RW27.28.26PII_E-1500,30,Sq. Yards,3205,291,3252,701,1,0,,1,,,544
153182,RK21.2_E-627,30,Sq. Yards,3205,291,3252,683,1,0,,1,,,544
154441,PW21_474,30,Sq. Yards,3212,298,3276,692,1,0,,1,,,544
157584,RW36A_E-235,30,Sq. Yards,3205,291,3252,697,1,0,,1,,,544
157709,PW21_337,30,Sq. Yards,3212,298,3276,705,1,0,,1,,,544
158445,RW18.2-2389,30,Sq. Yards,3208,294,3264,692,1,0,,1,,,544
158938,KN32_120,30,Sq. Yards,3197,283,3215,681,1,0,,1,,,544
159070,GO16_E-225,30,Sq. Yards,3199,285,3221,687,1,0,,1,,,544
159756,PW21_924,30,Sq. Yards,3212,298,3276,688,1,0,,1,,,544
160324,GO13.14_17,30,Sq. Yards,3199,285,3221,703,1,0,,1,,,544
160367,PJ28.3_E-56,30,Sq. Yards,3192,278,3193,703,1,0,,1,,,544
160828,JG23_444,30,Sq. Yards,3194,280,3200,701,1,0,,1,,,544
161267,RW18.2-3171,30,Sq. Yards,3208,294,3264,698,1,0,,1,,,544
161496,RW27.28.26PII_E-240,30,Sq. Yards,3205,291,3252,681,1,0,,1,,,544
162489,RK21.2_E-593,30,Sq. Yards,3205,291,3252,683,1,0,,1,,,544
147502,JG22.2_E-428,30,Sq. Yards,3194,280,3200,702,1,0,,1,,,544
148389,CD9_E-216,30,Sq. Yards,3213,299,3279,682,1,0,,1,,,544
148740,CD9_E-162,30,Sq. Yards,3213,299,3279,693,1,0,,1,,,544
150061,JR9PII_E-29,30,Sq. Yards,3206,292,3257,683,1,0,,1,,,544
150442,JG24.1_E-2,30,Sq. Yards,3194,280,3200,681,1,0,,1,,,544
150593,RW18.2-2695,30,Sq. Yards,3208,294,3264,704,1,0,,1,,,544
151348,PJ28.1_E-103,30,Sq. Yards,3192,278,3193,703,1,0,,1,,,544
153235,RK21.2_E-537,30,Sq. Yards,3205,291,3252,682,1,0,,1,,,544
154269,JG23_458,30,Sq. Yards,3194,280,3200,692,1,0,,1,,,544
154554,CD9_E-430,30,Sq. Yards,3213,299,3279,689,1,0,,1,,,544
154737,RK21.2_E-175,30,Sq. Yards,3205,291,3252,685,1,0,,1,,,544
154854,RW27.28.26PII_E-547,30,Sq. Yards,3205,291,3252,685,1,0,,1,,,544
155139,PW21_713,30,Sq. Yards,3212,298,3276,684,1,0,,1,,,544
155456,JG23_445,30,Sq. Yards,3194,280,3200,685,1,0,,1,,,544
155726,RW27.28.26PII_E-1480,30,Sq. Yards,3205,291,3252,690,1,0,,1,,,544
156211,RW18.2-3274,30,Sq. Yards,3208,294,3264,682,1,0,,1,,,544
156328,JAJ_E-6,30,Sq. Yards,3200,286,3229,682,1,0,,1,,,544
156511,PJ28.1_E-60,30,Sq. Yards,3192,278,3193,687,1,0,,1,,,544
156879,JG22.2_E-321,30,Sq. Yards,3194,280,3200,681,1,0,,1,,,544
157896,RK5_E-280,30,Sq. Yards,3205,291,3252,702,1,0,,1,,,544
158466,SSPIII20_E-632,30,Sq. Yards,3202,288,3238,711,1,0,,1,,,544
158715,MG9.10.3_E-11,30,Sq. Yards,3207,293,3259,688,1,0,,1,,,544
160219,RW27.28.26PII_E-3,30,Sq. Yards,3205,291,3252,681,1,0,,1,,,544
161325,JG23_887,30,Sq. Yards,3194,280,3200,689,1,0,,1,,,544
161723,RW27.28.26PII_E-746,30,Sq. Yards,3205,291,3252,684,1,0,,1,,,544
162042,RK21.2_E-32,30,Sq. Yards,3205,291,3252,685,1,0,,1,,,544
162561,PWAP_E-482,30,Sq. Yards,3212,298,3276,682,1,0,,1,,,544
148024,RK5_E-182,30,Sq. Yards,3205,291,3252,690,1,0,,1,,,544
148474,RW18.2-2902,30,Sq. Yards,3208,294,3264,698,1,0,,1,,,544
148485,JG22.2_E-83,30,Sq. Yards,3194,280,3200,693,1,0,,1,,,544
149035,RK21.2_E-151,30,Sq. Yards,3205,291,3252,682,1,0,,1,,,544
150003,GO16_E-43,30,Sq. Yards,3199,285,3221,703,1,0,,1,,,544
151293,JG23_722,30,Sq. Yards,3194,280,3200,681,1,0,,1,,,544
151468,RW27.28.26PII_E-1703,30,Sq. Yards,3205,291,3252,690,1,0,,1,,,544
151618,JG23_883,30,Sq. Yards,3194,280,3200,686,1,0,,1,,,544
153322,KN9.32_E-150,30,Sq. Yards,3197,283,3215,694,1,0,,1,,,544
153965,JG22.2_E-592,30,Sq. Yards,3194,280,3200,682,1,0,,1,,,544
154276,JG22.2_E-394,30,Sq. Yards,3194,280,3200,682,1,0,,1,,,544
154951,RW18.2-3101,30,Sq. Yards,3208,294,3264,705,1,0,,1,,,544
155212,RW18.2-2956,30,Sq. Yards,3208,294,3264,696,1,0,,1,,,544
155319,RW18.2-2884,30,Sq. Yards,3208,294,3264,692,1,0,,1,,,544
155955,RW18.2-3606,30,Sq. Yards,3208,294,3264,685,1,0,,1,,,544
156055,JG23_354,30,Sq. Yards,3194,280,3200,688,1,0,,1,,,544
156180,RK21.2_E-210,30,Sq. Yards,3205,291,3252,692,1,0,,1,,,544
156212,JG23_1157,30,Sq. Yards,3194,280,3200,692,1,0,,1,,,544
156605,JG23_2040,30,Sq. Yards,3194,280,3200,688,1,0,,1,,,544
156823,MG9.10.2_E-4,30,Sq. Yards,3207,293,3259,693,1,0,,1,,,544
156916,RW27.28.26PII_E-790,30,Sq. Yards,3205,291,3252,691,1,0,,1,,,544
157591,PJ28.2_E-33,30,Sq. Yards,3192,278,3193,935,1,0,,1,,,544
160599,RW18.2-3061,30,Sq. Yards,3208,294,3264,689,1,0,,1,,,544
160635,JR6_E-459,30,Sq. Yards,3206,292,3257,686,1,0,,1,,,544
160985,JG22.2_E-571,30,Sq. Yards,3194,280,3200,702,1,0,,1,,,544
159470,RW18.2-3628,30,Sq. Yards,3208,294,3264,686,1,0,,1,,,544
159604,CD1B_E-162,30,Sq. Yards,3213,299,3279,685,1,0,,1,,,544
159853,JR6_E-89,30,Sq. Yards,3206,292,3257,692,1,0,,1,,,544
160121,RW27.28.26PII_E-1613,30,Sq. Yards,3205,291,3252,690,1,0,,1,,,544
160653,SSPIII20_E-737,30,Sq. Yards,3202,288,3238,688,1,0,,1,,,544
149632,PW21_346,30,Sq. Yards,3212,298,3276,692,1,0,,1,,,544
149900,RK5_E-338,30,Sq. Yards,3205,291,3252,694,1,0,,1,,,544
150099,JG23_1344,30,Sq. Yards,3194,280,3200,685,1,0,,1,,,544
151286,CD9_E-76,30,Sq. Yards,3213,299,3279,683,1,0,,1,,,544
151453,JG22.2_E-579,30,Sq. Yards,3194,280,3200,701,1,0,,1,,,544
151757,RK21.2_E-222,30,Sq. Yards,3205,291,3252,681,1,0,,1,,,544
151957,FD9_E-58,30,Sq. Yards,3201,287,3233,992,1,0,,1,,,544
152843,CD9_E-122,30,Sq. Yards,3213,299,3279,699,1,0,,1,,,544
153226,CD9_E-313,30,Sq. Yards,3213,299,3279,688,1,0,,1,,,544
153361,RW18.2-2001,30,Sq. Yards,3208,294,3264,707,1,0,,1,,,544
155030,RK5_E-197,30,Sq. Yards,3205,291,3252,690,1,0,,1,,,544
156402,RK5_E-365,30,Sq. Yards,3205,291,3252,682,1,0,,1,,,544
157152,JG23_2095,30,Sq. Yards,3194,280,3200,685,1,0,,1,,,544
157806,JG22.2_E-601,30,Sq. Yards,3194,280,3200,682,1,0,,1,,,544
157837,JG22.1_E-90,30,Sq. Yards,3194,280,3200,682,1,0,,1,,,544
158105,RW18.2-2251,30,Sq. Yards,3208,294,3264,707,1,0,,1,,,544
158456,PW21_1057,30,Sq. Yards,3212,298,3276,684,1,0,,1,,,544
158509,JG23_2079,30,Sq. Yards,3194,280,3200,681,1,0,,1,,,544
158556,RK5_E-26,30,Sq. Yards,3205,291,3252,683,1,0,,1,,,544
159628,RW36A_E-195,30,Sq. Yards,3205,291,3252,697,1,0,,1,,,544
160513,RW27.28.26PII_E-990,30,Sq. Yards,3205,291,3252,688,1,0,,1,,,544
161046,GO16_E-167,30,Sq. Yards,3199,285,3221,697,1,0,,1,,,544
162099,JG23_1455,30,Sq. Yards,3194,280,3200,681,1,0,,1,,,544
162199,JG23_547,30,Sq. Yards,3194,280,3200,686,1,0,,1,,,544
162617,PW21_844,30,Sq. Yards,3212,298,3276,710,1,0,,1,,,544
149047,RK21.2_E-259,30,Sq. Yards,3205,291,3252,692,1,0,,1,,,544
149516,RW18.2-2749,30,Sq. Yards,3208,294,3264,683,1,0,,1,,,544
150083,PW21_59,30,Sq. Yards,3212,298,3276,696,1,0,,1,,,544
150233,JG24.2_E-9,30,Sq. Yards,3194,280,3200,681,1,0,,1,,,544
150351,RK21.2_E-410,30,Sq. Yards,3205,291,3252,685,1,0,,1,,,544
151956,PW21_439,30,Sq. Yards,3212,298,3276,939,1,0,,1,,,544
152306,JR9PII_E-218,30,Sq. Yards,3206,292,3257,689,1,0,,1,,,544
152642,RW18.2-2628,30,Sq. Yards,3208,294,3264,696,1,0,,1,,,544
153210,PW21_845,30,Sq. Yards,3212,298,3276,686,1,0,,1,,,544
154849,RW18.2-2759,30,Sq. Yards,3208,294,3264,681,1,0,,1,,,544
154981,RW18.2-2505,30,Sq. Yards,3208,294,3264,712,1,0,,1,,,544
155817,RW27.28.26PII_E-1146,30,Sq. Yards,3205,291,3252,684,1,0,,1,,,544
155818,RW27.28.26PII_E-793,30,Sq. Yards,3205,291,3252,686,1,0,,1,,,544
156199,RW27.28.26PII_E-1192,30,Sq. Yards,3205,291,3252,686,1,0,,1,,,544
157221,RW36A_E-36,30,Sq. Yards,3205,291,3252,688,1,0,,1,,,544
157722,RK21.2_E-46,30,Sq. Yards,3205,291,3252,682,1,0,,1,,,544
157739,JG23_361,30,Sq. Yards,3194,280,3200,702,1,0,,1,,,544
158057,JR9PII_E-222,30,Sq. Yards,3206,292,3257,696,1,0,,1,,,544
159425,RW27.28.26PII_E-202,30,Sq. Yards,3205,291,3252,686,1,0,,1,,,544
159976,PJ28.1_E-93,30,Sq. Yards,3192,278,3193,944,1,0,,1,,,544
161516,PWAP_E-511,30,Sq. Yards,3212,298,3276,696,1,0,,1,,,544
161765,GO16_E-314,30,Sq. Yards,3199,285,3221,694,1,0,,1,,,544
161815,PWAP_E-280,30,Sq. Yards,3212,298,3276,695,1,0,,1,,,544
162552,RW27.28.26PII_E-588,30,Sq. Yards,3205,291,3252,702,1,0,,1,,,544
149866,PWAP_E-66,30,Sq. Yards,3212,298,3276,692,1,0,,1,,,544
151855,RK21.2_E-43,30,Sq. Yards,3205,291,3252,702,1,0,,1,,,544
151991,JG22.2_E-610,30,Sq. Yards,3194,280,3200,685,1,0,,1,,,544
153478,KN32_323,30,Sq. Yards,3197,283,3215,681,1,0,,1,,,544
153845,JR6_E-257,30,Sq. Yards,3206,292,3257,683,1,0,,1,,,544
154363,RW18.2-3258,30,Sq. Yards,3208,294,3264,685,1,0,,1,,,544
154681,CD1B_E-164,30,Sq. Yards,3213,299,3279,688,1,0,,1,,,544
154745,JR6_E-200,30,Sq. Yards,3206,292,3257,688,1,0,,1,,,544
157640,RW18.2-2359,30,Sq. Yards,3208,294,3264,689,1,0,,1,,,544
158457,RW18.2-2957,30,Sq. Yards,3208,294,3264,708,1,0,,1,,,544
158526,RW18.2-2273,30,Sq. Yards,3208,294,3264,708,1,0,,1,,,544
153485,CD9_E-48,30,Sq. Yards,3213,299,3279,690,1,0,,1,,,544
153502,CD9_E-100,30,Sq. Yards,3213,299,3279,701,1,0,,1,,,544
154972,JR6_E-261,30,Sq. Yards,3206,292,3257,694,1,0,,1,,,544
156008,JG23_1743,30,Sq. Yards,3194,280,3200,692,1,0,,1,,,544
156093,RW27.28.26PII_E-720,30,Sq. Yards,3205,291,3252,691,1,0,,1,,,544
156144,RW27.28.26PII_E-1732,30,Sq. Yards,3205,291,3252,700,1,0,,1,,,544
156542,SSPIII20_E-733,30,Sq. Yards,3202,288,3238,695,1,0,,1,,,544
157363,RW27.28.26PII_E-1490,30,Sq. Yards,3205,291,3252,682,1,0,,1,,,544
157980,JG23_1587,30,Sq. Yards,3194,280,3200,686,1,0,,1,,,544
160086,RW27.28.26PII_E-460,30,Sq. Yards,3205,291,3252,686,1,0,,1,,,544
160386,GO16_E-168,30,Sq. Yards,3199,285,3221,687,1,0,,1,,,544
161288,RW18.2-3531,30,Sq. Yards,3208,294,3264,681,1,0,,1,,,544
161977,RK21.2_E-187,30,Sq. Yards,3205,291,3252,688,1,0,,1,,,544
162258,RK21.2_E-405,30,Sq. Yards,3205,291,3252,684,1,0,,1,,,544
162475,JG23_469,30,Sq. Yards,3194,280,3200,695,1,0,,1,,,544
147649,JG23_544,30,Sq. Yards,3194,280,3200,697,1,0,,1,,,544
150282,RW27.28.26PII_E-1252,30,Sq. Yards,3205,291,3252,687,1,0,,1,,,544
150514,GO16_E-357,30,Sq. Yards,3199,285,3221,685,1,0,,1,,,544
150832,JG22.1_E-95,30,Sq. Yards,3194,280,3200,682,1,0,,1,,,544
151961,JG23_320,30,Sq. Yards,3194,280,3200,690,1,0,,1,,,544
152429,PWAP_E-309,30,Sq. Yards,3212,298,3276,710,1,0,,1,,,544
154233,JG23_1031,30,Sq. Yards,3194,280,3200,699,1,0,,1,,,544
154315,RW27.28.26PII_E-541,30,Sq. Yards,3205,291,3252,682,1,0,,1,,,544
155026,JG23_1324,30,Sq. Yards,3194,280,3200,696,1,0,,1,,,544
156023,RW27.28.26PII_E-983,30,Sq. Yards,3205,291,3252,688,1,0,,1,,,544
156530,RW18.2-3247,30,Sq. Yards,3208,294,3264,708,1,0,,1,,,544
157527,RW18.2-2099,30,Sq. Yards,3208,294,3264,689,1,0,,1,,,544
157666,PW21_50,30,Sq. Yards,3212,298,3276,706,1,0,,1,,,544
158513,SSPIII20_E-192,30,Sq. Yards,3202,288,3238,705,1,0,,1,,,544
159120,RK21.2_E-481,30,Sq. Yards,3205,291,3252,702,1,0,,1,,,544
159613,RW18.2-3551,30,Sq. Yards,3208,294,3264,684,1,0,,1,,,544
159867,CD1B_E-11,30,Sq. Yards,3213,299,3279,683,1,0,,1,,,544
160199,PW21_28,30,Sq. Yards,3212,298,3276,709,1,0,,1,,,544
160674,RW18.2-3568,30,Sq. Yards,3208,294,3264,689,1,0,,1,,,544
161217,RW18.2-3157,30,Sq. Yards,3208,294,3264,684,1,0,,1,,,544
147902,JG23_385,30,Sq. Yards,3194,280,3200,693,1,0,,1,,,544
148921,FD9_E-147,30,Sq. Yards,3201,287,3233,690,1,0,,1,,,544
149759,PWAP_E-115,30,Sq. Yards,3212,298,3276,685,1,0,,1,,,544
149927,RW36A_E-241,30,Sq. Yards,3205,291,3252,698,1,0,,1,,,544
150412,JG23_1010,30,Sq. Yards,3194,280,3200,697,1,0,,1,,,544
152180,RW27.28.26PII_E-938,30,Sq. Yards,3205,291,3252,683,1,0,,1,,,544
152633,KN32_311,30,Sq. Yards,3197,283,3215,697,1,0,,1,,,544
153367,RK21.2_E-19,30,Sq. Yards,3205,291,3252,699,1,0,,1,,,544
153720,RK21.2_E-557,30,Sq. Yards,3205,291,3252,696,1,0,,1,,,544
153918,RW36A_E-181,30,Sq. Yards,3205,291,3252,700,1,0,,1,,,544
154490,RW27.28.26PII_E-1411,30,Sq. Yards,3205,291,3252,690,1,0,,1,,,544
154539,JR9_E-57,30,Sq. Yards,3206,292,3257,683,1,0,,1,,,544
156224,MG9.10.3_E-297,30,Sq. Yards,3207,293,3259,687,1,0,,1,,,544
156575,GO13.14_122,30,Sq. Yards,3199,285,3221,688,1,0,,1,,,544
157296,GO13.14_146,30,Sq. Yards,3199,285,3221,686,1,0,,1,,,544
157745,RW27.28.26PII_E-1421,30,Sq. Yards,3205,291,3252,687,1,0,,1,,,544
158200,JG22.2_E-203,30,Sq. Yards,3194,280,3200,683,1,0,,1,,,544
158383,SSPIII20_E-780,30,Sq. Yards,3202,288,3238,684,1,0,,1,,,544
159032,JG23_1305,30,Sq. Yards,3194,280,3200,692,1,0,,1,,,544
159536,RK5_E-2,30,Sq. Yards,3205,291,3252,686,1,0,,1,,,544
159634,RW27.28.26PII_E-1546,30,Sq. Yards,3205,291,3252,695,1,0,,1,,,544
160055,JG23_1534,30,Sq. Yards,3194,280,3200,686,1,0,,1,,,544
160689,JR6_E-61,30,Sq. Yards,3206,292,3257,681,1,0,,1,,,544
160770,RW27.28.26PII_E-307,30,Sq. Yards,3205,291,3252,682,1,0,,1,,,544
161355,RW18.2-2051,30,Sq. Yards,3208,294,3264,696,1,0,,1,,,544
161742,JG23_704,30,Sq. Yards,3194,280,3200,697,1,0,,1,,,544
162091,MG9.10.3_E-129,30,Sq. Yards,3207,293,3259,693,1,0,,1,,,544
147799,JG23_1221,30,Sq. Yards,3194,280,3200,690,1,0,,1,,,544
148199,SSPIII20_E-341,30,Sq. Yards,3202,288,3238,851,1,0,,1,,,544
150644,JG23_983,30,Sq. Yards,3194,280,3200,683,1,0,,1,,,544
151012,JG24.1_E-59,30,Sq. Yards,3194,280,3200,691,1,0,,1,,,544
153669,JG23_2094,30,Sq. Yards,3194,280,3200,691,1,0,,1,,,544
154122,RW18.2-3088,30,Sq. Yards,3208,294,3264,695,1,0,,1,,,544
156126,JG23_821,30,Sq. Yards,3194,280,3200,686,1,0,,1,,,544
156592,PW21_265,30,Sq. Yards,3212,298,3276,707,1,0,,1,,,544
158732,JG23_1864,30,Sq. Yards,3194,280,3200,686,1,0,,1,,,544
158783,JG23_2037,30,Sq. Yards,3194,280,3200,696,1,0,,1,,,544
160155,PWAP_E-458,30,Sq. Yards,3212,298,3276,691,1,0,,1,,,544
161157,PW21_63,30,Sq. Yards,3212,298,3276,696,1,0,,1,,,544
161221,RW18.2-3657,30,Sq. Yards,3208,294,3264,705,1,0,,1,,,544
161525,RW18.1_E-13,30,Sq. Yards,3208,294,3264,695,1,0,,1,,,544
162244,RK5_E-148,30,Sq. Yards,3205,291,3252,681,1,0,,1,,,544
162576,GO16_E-38,30,Sq. Yards,3199,285,3221,693,1,0,,1,,,544
148525,JG24.2_E-61,30,Sq. Yards,3194,280,3200,685,1,0,,1,,,544
149293,RW27.28.26PII_E-394,30,Sq. Yards,3205,291,3252,690,1,0,,1,,,544
149295,PW21_428,30,Sq. Yards,3212,298,3276,707,1,0,,1,,,544
149368,PW21_930,30,Sq. Yards,3212,298,3276,682,1,0,,1,,,544
149838,CD9_E-412,30,Sq. Yards,3213,299,3279,733,1,0,,1,,,544
150063,JG23_819,30,Sq. Yards,3194,280,3200,683,1,0,,1,,,544
150229,JG22.2_E-110,30,Sq. Yards,3194,280,3200,687,1,0,,1,,,544
150872,RW27.28.26PII_E-184,30,Sq. Yards,3205,291,3252,690,1,0,,1,,,544
151301,PW21_546,30,Sq. Yards,3212,298,3276,695,1,0,,1,,,544
152003,RK21.2_E-475,30,Sq. Yards,3205,291,3252,681,1,0,,1,,,544
152973,JG23_347,30,Sq. Yards,3194,280,3200,683,1,0,,1,,,544
153046,PW21_128,30,Sq. Yards,3212,298,3276,706,1,0,,1,,,544
153673,PJ28.1_E-8,30,Sq. Yards,3192,278,3193,944,1,0,,1,,,544
154248,RW19.1_E-73,30,Sq. Yards,3208,294,3264,708,1,0,,1,,,544
154475,RK5_E-186,30,Sq. Yards,3205,291,3252,683,1,0,,1,,,544
156249,RW27.28.26PII_E-1180,30,Sq. Yards,3205,291,3252,683,1,0,,1,,,544
156281,MG9.10.3_E-76,30,Sq. Yards,3207,293,3259,686,1,0,,1,,,544
156390,RW18.2-3445,30,Sq. Yards,3208,294,3264,688,1,0,,1,,,544
156749,CD9_E-409,30,Sq. Yards,3213,299,3279,694,1,0,,1,,,544
156790,CD9_E-304,30,Sq. Yards,3213,299,3279,695,1,0,,1,,,544
156924,SSPIII20_E-304,30,Sq. Yards,3202,288,3238,700,1,0,,1,,,544
158964,RW18.2-2314,30,Sq. Yards,3208,294,3264,692,1,0,,1,,,544
159164,JR9_E-37,30,Sq. Yards,3206,292,3257,692,1,0,,1,,,544
159389,SSPIII20_E-446,30,Sq. Yards,3202,288,3238,693,1,0,,1,,,544
159421,FD9_E-135,30,Sq. Yards,3201,287,3233,700,1,0,,1,,,544
159757,RW18.2-3071,30,Sq. Yards,3208,294,3264,702,1,0,,1,,,544
160089,PW21_968,30,Sq. Yards,3212,298,3276,694,1,0,,1,,,544
160291,JG23_1083,30,Sq. Yards,3194,280,3200,697,1,0,,1,,,544
160459,PWAP_E-89,30,Sq. Yards,3212,298,3276,691,1,0,,1,,,544
160566,JAJ_E-119,30,Sq. Yards,3200,286,3229,693,1,0,,1,,,544
160995,RW27.28.26PII_E-1388,30,Sq. Yards,3205,291,3252,683,1,0,,1,,,544
161070,JG22.2_E-346,30,Sq. Yards,3194,280,3200,694,1,0,,1,,,544
161370,RW27.28.26PII_E-273,30,Sq. Yards,3205,291,3252,681,1,0,,1,,,544
161695,JG22.2_E-32,30,Sq. Yards,3194,280,3200,684,1,0,,1,,,544
161736,CD9_E-142,30,Sq. Yards,3213,299,3279,693,1,0,,1,,,544
147845,RW18.2-3029,30,Sq. Yards,3208,294,3264,681,1,0,,1,,,544
147877,SSPIII20_E-26,30,Sq. Yards,3202,288,3238,687,1,0,,1,,,544
148981,RK5_E-89,30,Sq. Yards,3205,291,3252,682,1,0,,1,,,544
149332,SD8_E-17,30,Sq. Yards,3200,286,3230,688,1,0,,1,,,544
149631,RW18.2-3565,30,Sq. Yards,3208,294,3264,706,1,0,,1,,,544
150018,MG9.10.3_E-271,30,Sq. Yards,3207,293,3259,689,1,0,,1,,,544
150367,PW21_1093,30,Sq. Yards,3212,298,3276,939,1,0,,1,,,544
151404,CD1B_E-174,30,Sq. Yards,3213,299,3279,692,1,0,,1,,,544
151589,JG22.2_E-458,30,Sq. Yards,3194,280,3200,681,1,0,,1,,,544
151671,RW18.2-2303,30,Sq. Yards,3208,294,3264,709,1,0,,1,,,544
152575,PW21_449,30,Sq. Yards,3212,298,3276,708,1,0,,1,,,544
152576,GO13.14_133,30,Sq. Yards,3199,285,3221,684,1,0,,1,,,544
153311,SSPIII20_E-630,30,Sq. Yards,3202,288,3238,683,1,0,,1,,,544
153326,SSPIII20_E-38,30,Sq. Yards,3202,288,3238,684,1,0,,1,,,544
154247,RW19.2_E-44,30,Sq. Yards,3208,294,3264,703,1,0,,1,,,544
155648,RW27.28.26PII_E-209,30,Sq. Yards,3205,291,3252,689,1,0,,1,,,544
160560,JR6_E-100,30,Sq. Yards,3206,292,3257,686,1,0,,1,,,544
161485,SSPIII20_E-396,30,Sq. Yards,3202,288,3238,689,1,0,,1,,,544
161528,JG23_2074,30,Sq. Yards,3194,280,3200,694,1,0,,1,,,544
162214,RK21.2_E-309,30,Sq. Yards,3205,291,3252,683,1,0,,1,,,544
162589,RW19.1_E-11,30,Sq. Yards,3208,294,3264,704,1,0,,1,,,544
148421,RW18.2-3554,30,Sq. Yards,3208,294,3264,708,1,0,,1,,,544
149025,MG9.10.3_E-291,30,Sq. Yards,3207,293,3259,688,1,0,,1,,,544
149442,RW27.28.26PII_E-600,30,Sq. Yards,3205,291,3252,686,1,0,,1,,,544
149725,JR6_E-51,30,Sq. Yards,3206,292,3257,695,1,0,,1,,,544
150059,JG22.1_E-78,30,Sq. Yards,3194,280,3200,692,1,0,,1,,,544
150225,PW21_73,30,Sq. Yards,3212,298,3276,706,1,0,,1,,,544
150978,JG23_442,30,Sq. Yards,3194,280,3200,684,1,0,,1,,,544
153169,SSPIII20_E-180,30,Sq. Yards,3202,288,3238,825,1,0,,1,,,544
154037,FD9_E-177,30,Sq. Yards,3201,287,3233,696,1,0,,1,,,544
154503,RW18.2-2370,30,Sq. Yards,3208,294,3264,685,1,0,,1,,,544
155341,JG23_624,30,Sq. Yards,3194,280,3200,691,1,0,,1,,,544
155707,RW27.28.26PII_E-1199,30,Sq. Yards,3205,291,3252,701,1,0,,1,,,544
155841,RW27.28.26PII_E-953,30,Sq. Yards,3205,291,3252,683,1,0,,1,,,544
156358,RW18.2-2621,30,Sq. Yards,3208,294,3264,683,1,0,,1,,,544
156579,KN32_330,30,Sq. Yards,3197,283,3215,694,1,0,,1,,,544
156962,RW18.2-3109,30,Sq. Yards,3208,294,3264,697,1,0,,1,,,544
158666,RW18.2-3250,30,Sq. Yards,3208,294,3264,686,1,0,,1,,,544
158915,RW19.2_E-49,30,Sq. Yards,3208,294,3264,709,1,0,,1,,,544
160221,PJ28.3_E-202,30,Sq. Yards,3192,278,3193,944,1,0,,1,,,544
160723,RK21.2_E-287,30,Sq. Yards,3205,291,3252,686,1,0,,1,,,544
161055,JAJ_E-113,30,Sq. Yards,3200,286,3229,691,1,0,,1,,,544
161876,JG23_2188,30,Sq. Yards,3194,280,3200,695,1,0,,1,,,544
162278,PWAP_E-78,30,Sq. Yards,3212,298,3276,681,1,0,,1,,,544
147499,JG22.2_E-208,30,Sq. Yards,3194,280,3200,697,1,0,,1,,,544
150021,JG23_810,30,Sq. Yards,3194,280,3200,681,1,0,,1,,,544
150339,JR9PII_E-294,30,Sq. Yards,3206,292,3257,683,1,0,,1,,,544
150782,CD9_E-191,30,Sq. Yards,3213,299,3279,690,1,0,,1,,,544
151450,RW27.28.26PII_E-101,30,Sq. Yards,3205,291,3252,682,1,0,,1,,,544
151886,JG23_1724,30,Sq. Yards,3194,280,3200,682,1,0,,1,,,544
151925,RK5_E-166,30,Sq. Yards,3205,291,3252,681,1,0,,1,,,544
152611,RW27.28.26PII_E-1477,30,Sq. Yards,3205,291,3252,681,1,0,,1,,,544
153104,RW18.2-3027,30,Sq. Yards,3208,294,3264,697,1,0,,1,,,544
153747,JG23_1544,30,Sq. Yards,3194,280,3200,702,1,0,,1,,,544
154165,RW18.2-2465,30,Sq. Yards,3208,294,3264,711,1,0,,1,,,544
154533,JR6_E-414,30,Sq. Yards,3206,292,3257,695,1,0,,1,,,544
155051,JG23_1475,30,Sq. Yards,3194,280,3200,702,1,0,,1,,,544
155244,RW18.2-3376,30,Sq. Yards,3208,294,3264,705,1,0,,1,,,544
155837,SD8_E-137,30,Sq. Yards,3200,286,3230,683,1,0,,1,,,544
156262,RW19.2_E-1,30,Sq. Yards,3208,294,3264,707,1,0,,1,,,544
156598,RW19.1_E-67,30,Sq. Yards,3208,294,3264,692,1,0,,1,,,544
158102,SD8_E-136,30,Sq. Yards,3200,286,3230,697,1,0,,1,,,544
158677,JG22.2_E-728,30,Sq. Yards,3194,280,3200,692,1,0,,1,,,544
158852,RK21.2_E-575,30,Sq. Yards,3205,291,3252,695,1,0,,1,,,544
159788,RK21.2_E-270,30,Sq. Yards,3205,291,3252,687,1,0,,1,,,544
160281,PW21_591,30,Sq. Yards,3212,298,3276,700,1,0,,1,,,544
160785,PJ28.3_E-31,30,Sq. Yards,3192,278,3193,696,1,0,,1,,,544
161278,SSPIII20_E-99,30,Sq. Yards,3202,288,3238,693,1,0,,1,,,544
161653,JR9_E-28,30,Sq. Yards,3206,292,3257,687,1,0,,1,,,544
161789,RW27.28.26PII_E-1000,30,Sq. Yards,3205,291,3252,702,1,0,,1,,,544
161839,JG23_1226,30,Sq. Yards,3194,280,3200,682,1,0,,1,,,544
162078,RW18.1_E-106,30,Sq. Yards,3208,294,3264,692,1,0,,1,,,544
162164,PW21_784,30,Sq. Yards,3212,298,3276,768,1,0,,1,,,544
162471,GO16_E-134,30,Sq. Yards,3199,285,3221,689,1,0,,1,,,544
148040,JG23_2065,30,Sq. Yards,3194,280,3200,699,1,0,,1,,,544
150923,FD9_E-67,30,Sq. Yards,3201,287,3233,681,1,0,,1,,,544
151409,RW36A_E-293,30,Sq. Yards,3205,291,3252,682,1,0,,1,,,544
151459,RW27.28.26PII_E-1598,30,Sq. Yards,3205,291,3252,688,1,0,,1,,,544
152577,JG23_1547,30,Sq. Yards,3194,280,3200,903,1,0,,1,,,544
153156,SSPIII20_E-182,30,Sq. Yards,3202,288,3238,703,1,0,,1,,,544
157201,PWAP_E-344,30,Sq. Yards,3212,298,3276,774,1,0,,1,,,544
157231,RW18.2-2364,30,Sq. Yards,3208,294,3264,684,1,0,,1,,,544
157969,JG23_297,30,Sq. Yards,3194,280,3200,701,1,0,,1,,,544
158710,SSPIII20_E-501,30,Sq. Yards,3202,288,3238,700,1,0,,1,,,544
158803,PW21_757,30,Sq. Yards,3212,298,3276,701,1,0,,1,,,544
159146,RW18.2-2245,30,Sq. Yards,3208,294,3264,683,1,0,,1,,,544
159580,PWAP_E-107,30,Sq. Yards,3212,298,3276,691,1,0,,1,,,544
159675,JG22.2_E-263,30,Sq. Yards,3194,280,3200,702,1,0,,1,,,544
160007,JG23_895,30,Sq. Yards,3194,280,3200,689,1,0,,1,,,544
160084,RW18.2-3219,30,Sq. Yards,3208,294,3264,705,1,0,,1,,,544
160618,RW18.2-2966,30,Sq. Yards,3208,294,3264,684,1,0,,1,,,544
161752,PWAP_E-30,30,Sq. Yards,3212,298,3276,697,1,0,,1,,,544
161888,MG9.10.2_E-48,30,Sq. Yards,3207,293,3259,681,1,0,,1,,,544
148874,GO16_E-189,30,Sq. Yards,3199,285,3221,698,1,0,,1,,,544
149242,JG23_1898,30,Sq. Yards,3194,280,3200,695,1,0,,1,,,544
150293,RW27.28.26PII_E-737,30,Sq. Yards,3205,291,3252,681,1,0,,1,,,544
150693,KN32_346,30,Sq. Yards,3197,283,3215,696,1,0,,1,,,544
150927,JG22.2_E-529,30,Sq. Yards,3194,280,3200,686,1,0,,1,,,544
153467,MG9.10.3_E-59,30,Sq. Yards,3207,293,3259,687,1,0,,1,,,544
154020,KN9.32_E-16,30,Sq. Yards,3197,283,3215,975,1,0,,1,,,544
154103,JG23_1118,30,Sq. Yards,3194,280,3200,683,1,0,,1,,,544
154773,SD8_E-111,30,Sq. Yards,3200,286,3230,690,1,0,,1,,,544
154807,JR6_E-440,30,Sq. Yards,3206,292,3257,689,1,0,,1,,,544
156528,JR6_E-222,30,Sq. Yards,3206,292,3257,692,1,0,,1,,,544
157177,KN32_300,30,Sq. Yards,3197,283,3215,700,1,0,,1,,,544
158415,GO16_E-162,30,Sq. Yards,3199,285,3221,681,1,0,,1,,,544
158500,JG23_1606,30,Sq. Yards,3194,280,3200,702,1,0,,1,,,544
159300,PW21_41,30,Sq. Yards,3212,298,3276,687,1,0,,1,,,544
159319,SSPIII20_E-372,30,Sq. Yards,3202,288,3238,688,1,0,,1,,,544
159434,PW21_372,30,Sq. Yards,3212,298,3276,695,1,0,,1,,,544
159751,PW21_831,30,Sq. Yards,3212,298,3276,684,1,0,,1,,,544
159804,SSPIII20_E-145,30,Sq. Yards,3202,288,3238,701,1,0,,1,,,544
160085,GO16_E-153,30,Sq. Yards,3199,285,3221,699,1,0,,1,,,544
160185,PW21_283,30,Sq. Yards,3212,298,3276,691,1,0,,1,,,544
160874,RW19.2_E-38,30,Sq. Yards,3208,294,3264,696,1,0,,1,,,544
148676,JG22.2_E-681,30,Sq. Yards,3194,280,3200,682,1,0,,1,,,544
148819,SSPIII20_E-648,30,Sq. Yards,3202,288,3238,689,1,0,,1,,,544
148833,RW27.28.26PII_E-1437,30,Sq. Yards,3205,291,3252,688,1,0,,1,,,544
148951,FD9_E-158,30,Sq. Yards,3201,287,3233,681,1,0,,1,,,544
148987,FD9_E-109,30,Sq. Yards,3201,287,3233,700,1,0,,1,,,544
149337,FD9_E-132,30,Sq. Yards,3201,287,3233,701,1,0,,1,,,544
149455,CD9_E-161,30,Sq. Yards,3213,299,3279,690,1,0,,1,,,544
149830,JG23_2261,30,Sq. Yards,3194,280,3200,685,1,0,,1,,,544
151048,RW18.2-2455,30,Sq. Yards,3208,294,3264,696,1,0,,1,,,544
151273,RW27.28.26PII_E-1562,30,Sq. Yards,3205,291,3252,702,1,0,,1,,,544
151516,PWAP_E-486,30,Sq. Yards,3212,298,3276,706,1,0,,1,,,544
151795,JG23_2240,30,Sq. Yards,3194,280,3200,684,1,0,,1,,,544
152363,GO16_E-23,30,Sq. Yards,3199,285,3221,682,1,0,,1,,,544
152588,RW27.28.26PII_E-426,30,Sq. Yards,3205,291,3252,690,1,0,,1,,,544
153349,RW19.1_E-18,30,Sq. Yards,3208,294,3264,689,1,0,,1,,,544
153688,RW18.2-2164,30,Sq. Yards,3208,294,3264,709,1,0,,1,,,544
153738,JG23_1992,30,Sq. Yards,3194,280,3200,685,1,0,,1,,,544
154199,JR9PII_E-190,30,Sq. Yards,3206,292,3257,695,1,0,,1,,,544
154367,JG23_530,30,Sq. Yards,3194,280,3200,696,1,0,,1,,,544
155146,PJ28.1_E-188,30,Sq. Yards,3192,278,3193,699,1,0,,1,,,544
155310,RW27.28.26PII_E-784,30,Sq. Yards,3205,291,3252,683,1,0,,1,,,544
156114,SSPIII20_E-743,30,Sq. Yards,3202,288,3238,686,1,0,,1,,,544
158068,SD8_E-221,30,Sq. Yards,3200,286,3230,693,1,0,,1,,,544
159115,SSPIII20_E-181,30,Sq. Yards,3202,288,3238,691,1,0,,1,,,544
159615,PW21_55,30,Sq. Yards,3212,298,3276,688,1,0,,1,,,544
160083,JG22.2_E-127,30,Sq. Yards,3194,280,3200,696,1,0,,1,,,544
160401,JG23_1400,30,Sq. Yards,3194,280,3200,686,1,0,,1,,,544
147609,RK21.2_E-206,30,Sq. Yards,3205,291,3252,690,1,0,,1,,,544
148495,RW18.2-3689,30,Sq. Yards,3208,294,3264,702,1,0,,1,,,544
148528,JR9PII_E-164,30,Sq. Yards,3206,292,3257,687,1,0,,1,,,544
150052,RK21.2_E-281,30,Sq. Yards,3205,291,3252,700,1,0,,1,,,544
150133,JG23_799,30,Sq. Yards,3194,280,3200,682,1,0,,1,,,544
150369,SSPIII20_E-849,30,Sq. Yards,3202,288,3238,683,1,0,,1,,,544
151738,JG23_2223,30,Sq. Yards,3194,280,3200,699,1,0,,1,,,544
151838,RW27.28.26PII_E-554,30,Sq. Yards,3205,291,3252,686,1,0,,1,,,544
152241,RK5_E-260,30,Sq. Yards,3205,291,3252,690,1,0,,1,,,544
152424,RW27.28.26PII_E-1595,30,Sq. Yards,3205,291,3252,686,1,0,,1,,,544
152592,SSPIII20_E-169,30,Sq. Yards,3202,288,3238,692,1,0,,1,,,544
152623,RW18.1_E-71,30,Sq. Yards,3208,294,3264,707,1,0,,1,,,544
153291,SSPIII20_E-785,30,Sq. Yards,3202,288,3238,711,1,0,,1,,,544
153378,JG24.2_E-98,30,Sq. Yards,3194,280,3200,695,1,0,,1,,,544
153727,PW21_875,30,Sq. Yards,3212,298,3276,691,1,0,,1,,,544
154178,RW27.28.26PII_E-1736,30,Sq. Yards,3205,291,3252,694,1,0,,1,,,544
154663,SD8_E-58,30,Sq. Yards,3200,286,3230,685,1,0,,1,,,544
154695,PW21_236,30,Sq. Yards,3212,298,3276,898,1,0,,1,,,544
157068,SSPIII20_E-376,30,Sq. Yards,3202,288,3238,695,1,0,,1,,,544
157339,RW27.28.26PII_E-557,30,Sq. Yards,3205,291,3252,702,1,0,,1,,,544
157371,RK5_E-210,30,Sq. Yards,3205,291,3252,690,1,0,,1,,,544
157721,FD9_E-163,30,Sq. Yards,3201,287,3233,701,1,0,,1,,,544
158425,JG23_1957,30,Sq. Yards,3194,280,3200,691,1,0,,1,,,544
159679,SSPIII20_E-598,30,Sq. Yards,3202,288,3238,681,1,0,,1,,,544
147561,RW27.28.26PII_E-1412,30,Sq. Yards,3205,291,3252,700,1,0,,1,,,544
149316,RW27.28.26PII_E-1300,30,Sq. Yards,3205,291,3252,694,1,0,,1,,,544
149884,RK21.2_E-564,30,Sq. Yards,3205,291,3252,686,1,0,,1,,,544
150102,RW27.28.26PII_E-878,30,Sq. Yards,3205,291,3252,686,1,0,,1,,,544
150684,PJ28.1_E-161,30,Sq. Yards,3192,278,3193,935,1,0,,1,,,544
151323,JG24.1_E-12,30,Sq. Yards,3194,280,3200,681,1,0,,1,,,544
151355,CD1B_E-169,30,Sq. Yards,3213,299,3279,698,1,0,,1,,,544
151905,JR9PII_E-85,30,Sq. Yards,3206,292,3257,683,1,0,,1,,,544
151988,MG9.10.3_E-211,30,Sq. Yards,3207,293,3259,692,1,0,,1,,,544
153278,RW18.1_E-107,30,Sq. Yards,3208,294,3264,704,1,0,,1,,,544
153827,FD9_E-57,30,Sq. Yards,3201,287,3233,992,1,0,,1,,,544
154581,PW21_459,30,Sq. Yards,3212,298,3276,697,1,0,,1,,,544
154864,RW18.2-3513,30,Sq. Yards,3208,294,3264,707,1,0,,1,,,544
155182,MG9.10.3_E-351,30,Sq. Yards,3207,293,3259,692,1,0,,1,,,544
156735,KN32_223,30,Sq. Yards,3197,283,3215,694,1,0,,1,,,544
157253,PWAP_E-131,30,Sq. Yards,3212,298,3276,685,1,0,,1,,,544
157489,RW18.2-3264,30,Sq. Yards,3208,294,3264,704,1,0,,1,,,544
157690,SD8_E-102,30,Sq. Yards,3200,286,3230,688,1,0,,1,,,544
157839,GO16_E-313,30,Sq. Yards,3199,285,3221,684,1,0,,1,,,544
158575,RK21.2_E-456,30,Sq. Yards,3205,291,3252,683,1,0,,1,,,544
158893,PW21_1121,30,Sq. Yards,3212,298,3276,696,1,0,,1,,,544
159175,JG22.2_E-101,30,Sq. Yards,3194,280,3200,681,1,0,,1,,,544
160812,SSPIII20_E-426,30,Sq. Yards,3202,288,3238,706,1,0,,1,,,544
162002,PJ28.1_E-31,30,Sq. Yards,3192,278,3193,935,1,0,,1,,,544
162065,CD9_E-446,30,Sq. Yards,3213,299,3279,689,1,0,,1,,,544
147771,RW18.2-3562,30,Sq. Yards,3208,294,3264,710,1,0,,1,,,544
147922,RW18.2-2382,30,Sq. Yards,3208,294,3264,684,1,0,,1,,,544
149539,PW21_430,30,Sq. Yards,3212,298,3276,696,1,0,,1,,,544
149624,JG23_1553,30,Sq. Yards,3194,280,3200,683,1,0,,1,,,544
150043,PJ28.1_E-72,30,Sq. Yards,3192,278,3193,683,1,0,,1,,,544
150492,JAJ_E-50,30,Sq. Yards,3200,286,3229,689,1,0,,1,,,544
151147,RW27.28.26PII_E-91,30,Sq. Yards,3205,291,3252,695,1,0,,1,,,544
151515,RK21.2_E-179,30,Sq. Yards,3205,291,3252,681,1,0,,1,,,544
151815,MG9.10.2_E-17,30,Sq. Yards,3207,293,3259,693,1,0,,1,,,544
152098,RW18.2-3079,30,Sq. Yards,3208,294,3264,689,1,0,,1,,,544
152900,RW27.28.26PII_E-1713,30,Sq. Yards,3205,291,3252,690,1,0,,1,,,544
153317,JG23_1597,30,Sq. Yards,3194,280,3200,697,1,0,,1,,,544
153434,PW21_817,30,Sq. Yards,3212,298,3276,710,1,0,,1,,,544
153604,RW27.28.26PII_E-1104,30,Sq. Yards,3205,291,3252,700,1,0,,1,,,544
155138,SSPIII20_E-108,30,Sq. Yards,3202,288,3238,700,1,0,,1,,,544
155359,PWAP_E-83,30,Sq. Yards,3212,298,3276,700,1,0,,1,,,544
155508,JG23_1611,30,Sq. Yards,3194,280,3200,702,1,0,,1,,,544
155642,JAJ_E-31,30,Sq. Yards,3200,286,3229,688,1,0,,1,,,544
152798,PJ28.2_E-28,30,Sq. Yards,3192,278,3193,940,1,0,,1,,,544
154053,PW21_369,30,Sq. Yards,3212,298,3276,699,1,0,,1,,,544
154270,PW21_656,30,Sq. Yards,3212,298,3276,681,1,0,,1,,,544
154404,RW18.2-2403,30,Sq. Yards,3208,294,3264,689,1,0,,1,,,544
154455,JG23_376,30,Sq. Yards,3194,280,3200,699,1,0,,1,,,544
155659,SSPIII20_E-374,30,Sq. Yards,3202,288,3238,705,1,0,,1,,,544
155859,RW18.2-3124,30,Sq. Yards,3208,294,3264,691,1,0,,1,,,544
156929,JG23_724,30,Sq. Yards,3194,280,3200,688,1,0,,1,,,544
157663,JG22.2_E-630,30,Sq. Yards,3194,280,3200,690,1,0,,1,,,544
158782,RK21.2_E-13,30,Sq. Yards,3205,291,3252,694,1,0,,1,,,544
160035,SSPIII20_E-324,30,Sq. Yards,3202,288,3238,700,1,0,,1,,,544
160339,RK21.2_E-52,30,Sq. Yards,3205,291,3252,690,1,0,,1,,,544
160790,MG9.10.3_E-124,30,Sq. Yards,3207,293,3259,691,1,0,,1,,,544
160956,JG22.2_E-682,30,Sq. Yards,3194,280,3200,1047,1,0,,1,,,544
161509,PWAP_E-293,30,Sq. Yards,3212,298,3276,706,1,0,,1,,,544
162292,MG9.10.3_E-81,30,Sq. Yards,3207,293,3259,689,1,0,,1,,,544
162458,RW27.28.26PII_E-562,30,Sq. Yards,3205,291,3252,684,1,0,,1,,,544
162611,SSPIII20_E-705,30,Sq. Yards,3202,288,3238,698,1,0,,1,,,544
148342,PJ28.3_E-212,30,Sq. Yards,3192,278,3193,935,1,0,,1,,,544
148492,RW27.28.26PII_E-1337,30,Sq. Yards,3205,291,3252,691,1,0,,1,,,544
149535,JG23_1227,30,Sq. Yards,3194,280,3200,685,1,0,,1,,,544
149878,PW21_910,30,Sq. Yards,3212,298,3276,690,1,0,,1,,,544
151343,SD8_E-127,30,Sq. Yards,3200,286,3230,691,1,0,,1,,,544
152054,PW21_178,30,Sq. Yards,3212,298,3276,768,1,0,,1,,,544
152697,RW27.28.26PII_E-1531,30,Sq. Yards,3205,291,3252,685,1,0,,1,,,544
152729,JG23_1538,30,Sq. Yards,3194,280,3200,686,1,0,,1,,,544
154819,JAJ_E-65,30,Sq. Yards,3200,286,3229,686,1,0,,1,,,544
155430,RK5_E-102,30,Sq. Yards,3205,291,3252,702,1,0,,1,,,544
157084,JG23_360,30,Sq. Yards,3194,280,3200,693,1,0,,1,,,544
157091,SSPIII20_E-635,30,Sq. Yards,3202,288,3238,681,1,0,,1,,,544
157334,JG23_777,30,Sq. Yards,3194,280,3200,710,1,0,,1,,,544
159849,JR6_E-421,30,Sq. Yards,3206,292,3257,694,1,0,,1,,,544
160474,JG24.2_E-143,30,Sq. Yards,3194,280,3200,1053,1,0,,1,,,544
161721,MG9.10.3_E-205,30,Sq. Yards,3207,293,3259,691,1,0,,1,,,544
162339,RW18.1_E-1,30,Sq. Yards,3208,294,3264,704,1,0,,1,,,544
147802,MG9.10.3_E-315,30,Sq. Yards,3207,293,3259,687,1,0,,1,,,544
149189,JG23_446,30,Sq. Yards,3194,280,3200,688,1,0,,1,,,544
149774,PWAP_E-250,30,Sq. Yards,3212,298,3276,774,1,0,,1,,,544
150378,RW27.28.26PII_E-665,30,Sq. Yards,3205,291,3252,701,1,0,,1,,,544
150478,MG9.10.3_E-189,30,Sq. Yards,3207,293,3259,690,1,0,,1,,,544
150946,JR9PII_E-41,30,Sq. Yards,3206,292,3257,688,1,0,,1,,,544
152050,JG22.2_E-443,30,Sq. Yards,3194,280,3200,702,1,0,,1,,,544
152433,JG23_1253,30,Sq. Yards,3194,280,3200,684,1,0,,1,,,544
152767,PJ28.3_E-36,30,Sq. Yards,3192,278,3193,940,1,0,,1,,,544
153635,RW27.28.26PII_E-598,30,Sq. Yards,3205,291,3252,686,1,0,,1,,,544
154035,CD1B_E-144,30,Sq. Yards,3213,299,3279,683,1,0,,1,,,544
154252,RW18.2-3244,30,Sq. Yards,3208,294,3264,710,1,0,,1,,,544
154420,RW27.28.26PII_E-1355,30,Sq. Yards,3205,291,3252,702,1,0,,1,,,544
154520,RW27.28.26PII_E-1246,30,Sq. Yards,3205,291,3252,692,1,0,,1,,,544
154971,RK21.2_E-356,30,Sq. Yards,3205,291,3252,683,1,0,,1,,,544
155592,FD9_E-104,30,Sq. Yards,3201,287,3233,692,1,0,,1,,,544
155790,SD8_E-32,30,Sq. Yards,3200,286,3230,685,1,0,,1,,,544
155860,RW18.2-3506,30,Sq. Yards,3208,294,3264,685,1,0,,1,,,544
156911,JG23_920,30,Sq. Yards,3194,280,3200,699,1,0,,1,,,544
157213,RW18.2-3437,30,Sq. Yards,3208,294,3264,697,1,0,,1,,,544
157679,SD8_E-5,30,Sq. Yards,3200,286,3230,694,1,0,,1,,,544
158164,RW27.28.26PII_E-1409,30,Sq. Yards,3205,291,3252,682,1,0,,1,,,544
158968,MG9.10.3_E-80,30,Sq. Yards,3207,293,3259,694,1,0,,1,,,544
159068,RW18.2-2683,30,Sq. Yards,3208,294,3264,688,1,0,,1,,,544
159368,JG23_1282,30,Sq. Yards,3194,280,3200,686,1,0,,1,,,544
159400,RW18.2-3215,30,Sq. Yards,3208,294,3264,692,1,0,,1,,,544
160272,PW21_314,30,Sq. Yards,3212,298,3276,701,1,0,,1,,,544
160623,RW18.2-3800,30,Sq. Yards,3208,294,3264,693,1,0,,1,,,544
161191,JG23_846,30,Sq. Yards,3194,280,3200,682,1,0,,1,,,544
150913,CD9_E-118,30,Sq. Yards,3213,299,3279,696,1,0,,1,,,544
151077,PWAP_E-294,30,Sq. Yards,3212,298,3276,684,1,0,,1,,,544
152181,JG23_1076,30,Sq. Yards,3194,280,3200,682,1,0,,1,,,544
152334,RW19.1_E-86,30,Sq. Yards,3208,294,3264,685,1,0,,1,,,544
153017,JG23_1465,30,Sq. Yards,3194,280,3200,691,1,0,,1,,,544
153936,PW21_617,30,Sq. Yards,3212,298,3276,692,1,0,,1,,,544
155140,RW27.28.26PII_E-46,30,Sq. Yards,3205,291,3252,686,1,0,,1,,,544
155474,RW27.28.26PII_E-548,30,Sq. Yards,3205,291,3252,681,1,0,,1,,,544
156044,JR6_E-93,30,Sq. Yards,3206,292,3257,683,1,0,,1,,,544
157112,JG24.1_E-45,30,Sq. Yards,3194,280,3200,684,1,0,,1,,,544
157580,JR6_E-233,30,Sq. Yards,3206,292,3257,685,1,0,,1,,,544
158884,RW18.2-3521,30,Sq. Yards,3208,294,3264,692,1,0,,1,,,544
159335,JAJ_E-127,30,Sq. Yards,3200,286,3229,684,1,0,,1,,,544
159586,RW19.1_E-92,30,Sq. Yards,3208,294,3264,683,1,0,,1,,,544
160556,PW21_138,30,Sq. Yards,3212,298,3276,696,1,0,,1,,,544
161175,PJ28.1_E-33,30,Sq. Yards,3192,278,3193,944,1,0,,1,,,544
162477,PW21_1011,30,Sq. Yards,3212,298,3276,689,1,0,,1,,,544
147781,MG9.10.3_E-181,30,Sq. Yards,3207,293,3259,692,1,0,,1,,,544
148760,RW27.28.26PII_E-1074,30,Sq. Yards,3205,291,3252,702,1,0,,1,,,544
148842,JR6_E-73,30,Sq. Yards,3206,292,3257,694,1,0,,1,,,544
149721,RW27.28.26PII_E-1208,30,Sq. Yards,3205,291,3252,690,1,0,,1,,,544
150464,PJ28.1_E-118,30,Sq. Yards,3192,278,3193,935,1,0,,1,,,544
151100,JR9PII_E-148,30,Sq. Yards,3206,292,3257,695,1,0,,1,,,544
151257,RW19.1_E-50,30,Sq. Yards,3208,294,3264,698,1,0,,1,,,544
151836,JG23_1601,30,Sq. Yards,3194,280,3200,1047,1,0,,1,,,544
152418,GO16_E-303,30,Sq. Yards,3199,285,3221,696,1,0,,1,,,544
153154,RW27.28.26PII_E-1221,30,Sq. Yards,3205,291,3252,696,1,0,,1,,,544
153983,PWAP_E-146,30,Sq. Yards,3212,298,3276,682,1,0,,1,,,544
154258,SSPIII20_E-560,30,Sq. Yards,3202,288,3238,688,1,0,,1,,,544
158388,JAJ_E-112,30,Sq. Yards,3200,286,3229,686,1,0,,1,,,544
159288,CD1B_E-47,30,Sq. Yards,3213,299,3279,701,1,0,,1,,,544
159374,KN9.32_E-71,30,Sq. Yards,3197,283,3215,681,1,0,,1,,,544
159806,RW18.2-2732,30,Sq. Yards,3208,294,3264,704,1,0,,1,,,544
160031,RK21.2_E-598,30,Sq. Yards,3205,291,3252,700,1,0,,1,,,544
160778,JG24.1_E-50,30,Sq. Yards,3194,280,3200,684,1,0,,1,,,544
160885,RW27.28.26PII_E-1614,30,Sq. Yards,3205,291,3252,691,1,0,,1,,,544
161964,RW18.2-3488,30,Sq. Yards,3208,294,3264,711,1,0,,1,,,544
161971,JAJ_E-21,30,Sq. Yards,3200,286,3229,689,1,0,,1,,,544
147770,JG23_801,30,Sq. Yards,3194,280,3200,686,1,0,,1,,,544
149089,JR6_E-387,30,Sq. Yards,3206,292,3257,696,1,0,,1,,,544
150227,SSPIII20_E-106,30,Sq. Yards,3202,288,3238,681,1,0,,1,,,544
150980,JG23_987,30,Sq. Yards,3194,280,3200,682,1,0,,1,,,544
152016,JR6_E-76,30,Sq. Yards,3206,292,3257,691,1,0,,1,,,544
152531,CD9_E-66,30,Sq. Yards,3213,299,3279,683,1,0,,1,,,544
152750,SSPIII20_E-4,30,Sq. Yards,3202,288,3238,696,1,0,,1,,,544
153518,RW27.28.26PII_E-1567,30,Sq. Yards,3205,291,3252,682,1,0,,1,,,544
153754,SSPIII20_E-196,30,Sq. Yards,3202,288,3238,695,1,0,,1,,,544
153837,CD9_E-478,30,Sq. Yards,3213,299,3279,733,1,0,,1,,,544
153920,JG24.2_E-124,30,Sq. Yards,3194,280,3200,697,1,0,,1,,,544
154437,RW27.28.26PII_E-787,30,Sq. Yards,3205,291,3252,699,1,0,,1,,,544
154990,GO13.14_13,30,Sq. Yards,3199,285,3221,682,1,0,,1,,,544
155807,RW27.28.26PII_E-1301,30,Sq. Yards,3205,291,3252,692,1,0,,1,,,544
156445,KN9.32_E-85,30,Sq. Yards,3197,283,3215,694,1,0,,1,,,544
156475,KN32_55,30,Sq. Yards,3197,283,3215,700,1,0,,1,,,544
158064,CD9_E-299,30,Sq. Yards,3213,299,3279,684,1,0,,1,,,544
158983,RW27.28.26PII_E-389,30,Sq. Yards,3205,291,3252,685,1,0,,1,,,544
159183,GO13.14_266,30,Sq. Yards,3199,285,3221,697,1,0,,1,,,544
159687,JG23_576,30,Sq. Yards,3194,280,3200,697,1,0,,1,,,544
159770,JR9PII_E-203,30,Sq. Yards,3206,292,3257,681,1,0,,1,,,544
159919,RW18.2-2058,30,Sq. Yards,3208,294,3264,685,1,0,,1,,,544
160706,PJ28.3_E-103,30,Sq. Yards,3192,278,3193,693,1,0,,1,,,544
160804,JG23_1098,30,Sq. Yards,3194,280,3200,688,1,0,,1,,,544
161155,KN9.32_E-104,30,Sq. Yards,3197,283,3215,696,1,0,,1,,,544
161489,JG23_739,30,Sq. Yards,3194,280,3200,691,1,0,,1,,,544
154739,JG23_588,30,Sq. Yards,3194,280,3200,699,1,0,,1,,,544
154888,JR6_E-354,30,Sq. Yards,3206,292,3257,696,1,0,,1,,,544
155275,RW18.2-2316,30,Sq. Yards,3208,294,3264,688,1,0,,1,,,544
155392,PW21_762,30,Sq. Yards,3212,298,3276,696,1,0,,1,,,544
155760,JG23_1048,30,Sq. Yards,3194,280,3200,695,1,0,,1,,,544
155907,JG22.2_E-241,30,Sq. Yards,3194,280,3200,697,1,0,,1,,,544
156460,PJ28.1_E-49,30,Sq. Yards,3192,278,3193,944,1,0,,1,,,544
156913,JG23_1229,30,Sq. Yards,3194,280,3200,690,1,0,,1,,,544
159219,KN9.32_E-131,30,Sq. Yards,3197,283,3215,681,1,0,,1,,,544
159453,RW18.1_E-38,30,Sq. Yards,3208,294,3264,684,1,0,,1,,,544
159502,PW21_760,30,Sq. Yards,3212,298,3276,696,1,0,,1,,,544
160906,RK21.2_E-238,30,Sq. Yards,3205,291,3252,687,1,0,,1,,,544
161189,GO16_E-173,30,Sq. Yards,3199,285,3221,694,1,0,,1,,,544
147588,JR9PII_E-117,30,Sq. Yards,3206,292,3257,692,1,0,,1,,,544
147792,JG22.2_E-704,30,Sq. Yards,3194,280,3200,684,1,0,,1,,,544
149739,CD9_E-459,30,Sq. Yards,3213,299,3279,691,1,0,,1,,,544
150046,RW18.2-2175,30,Sq. Yards,3208,294,3264,682,1,0,,1,,,544
152572,JG24.2_E-130,30,Sq. Yards,3194,280,3200,701,1,0,,1,,,544
152722,JG23_410,30,Sq. Yards,3194,280,3200,684,1,0,,1,,,544
152961,RW27.28.26PII_E-1054,30,Sq. Yards,3205,291,3252,696,1,0,,1,,,544
153079,JG22.2_E-269,30,Sq. Yards,3194,280,3200,681,1,0,,1,,,544
153165,RW27.28.26PII_E-1010,30,Sq. Yards,3205,291,3252,687,1,0,,1,,,544
155512,RW18.2-2565,30,Sq. Yards,3208,294,3264,704,1,0,,1,,,544
155930,KN32_247,30,Sq. Yards,3197,283,3215,687,1,0,,1,,,544
156062,JG23_1243,30,Sq. Yards,3194,280,3200,1011,1,0,,1,,,544
156866,JG22.2_E-745,30,Sq. Yards,3194,280,3200,685,1,0,,1,,,544
158427,PJ28.1_E-105,30,Sq. Yards,3192,278,3193,962,1,0,,1,,,544
159306,CD9_E-116,30,Sq. Yards,3213,299,3279,692,1,0,,1,,,544
159856,RK5_E-68,30,Sq. Yards,3205,291,3252,690,1,0,,1,,,544
160449,RK21.2_E-586,30,Sq. Yards,3205,291,3252,682,1,0,,1,,,544
160753,JG23_1948,30,Sq. Yards,3194,280,3200,681,1,0,,1,,,544
160892,JG23_578,30,Sq. Yards,3194,280,3200,692,1,0,,1,,,544
161603,JG23_694,30,Sq. Yards,3194,280,3200,695,1,0,,1,,,544
162332,JG22.2_E-175,30,Sq. Yards,3194,280,3200,689,1,0,,1,,,544
162689,RW36A_E-301,30,Sq. Yards,3205,291,3252,689,1,0,,1,,,544
147747,CD1B_E-118,30,Sq. Yards,3213,299,3279,691,1,0,,1,,,544
147783,RW18.2-3744,30,Sq. Yards,3208,294,3264,711,1,0,,1,,,544
148544,SSPIII20_E-491,30,Sq. Yards,3202,288,3238,709,1,0,,1,,,544
151709,JG23_1509,30,Sq. Yards,3194,280,3200,692,1,0,,1,,,544
151727,RW36A_E-4,30,Sq. Yards,3205,291,3252,683,1,0,,1,,,544
151741,RW18.2-3598,30,Sq. Yards,3208,294,3264,685,1,0,,1,,,544
151770,SD8_E-71,30,Sq. Yards,3200,286,3230,683,1,0,,1,,,544
152806,JG23_979,30,Sq. Yards,3194,280,3200,699,1,0,,1,,,544
152856,RW27.28.26PII_E-257,30,Sq. Yards,3205,291,3252,690,1,0,,1,,,544
153113,RK21.2_E-547,30,Sq. Yards,3205,291,3252,681,1,0,,1,,,544
153413,RW27.28.26PII_E-1314,30,Sq. Yards,3205,291,3252,683,1,0,,1,,,544
153792,PW21_936,30,Sq. Yards,3212,298,3276,711,1,0,,1,,,544
154106,JG23_970,30,Sq. Yards,3194,280,3200,696,1,0,,1,,,544
154674,RW18.2-3204,30,Sq. Yards,3208,294,3264,683,1,0,,1,,,544
155546,GO16_E-188,30,Sq. Yards,3199,285,3221,688,1,0,,1,,,544
155714,JG22.2_E-531,30,Sq. Yards,3194,280,3200,683,1,0,,1,,,544
156196,RW18.2-2662,30,Sq. Yards,3208,294,3264,688,1,0,,1,,,544
156814,JG22.2_E-451,30,Sq. Yards,3194,280,3200,686,1,0,,1,,,544
156889,PW21_1032,30,Sq. Yards,3212,298,3276,709,1,0,,1,,,544
157725,JR9PII_E-208,30,Sq. Yards,3206,292,3257,683,1,0,,1,,,544
159140,RK21.2_E-624,30,Sq. Yards,3205,291,3252,700,1,0,,1,,,544
159272,RK21.2_E-280,30,Sq. Yards,3205,291,3252,688,1,0,,1,,,544
159415,SD8_E-100,30,Sq. Yards,3200,286,3230,695,1,0,,1,,,544
160165,PW21_14,30,Sq. Yards,3212,298,3276,696,1,0,,1,,,544
160390,RW27.28.26PII_E-1572,30,Sq. Yards,3205,291,3252,702,1,0,,1,,,544
161244,SSPIII20_E-104,30,Sq. Yards,3202,288,3238,702,1,0,,1,,,544
161687,SD8_E-94,30,Sq. Yards,3200,286,3230,682,1,0,,1,,,544
161837,RK21.2_E-527,30,Sq. Yards,3205,291,3252,690,1,0,,1,,,544
162112,SD8_E-157,30,Sq. Yards,3200,286,3230,686,1,0,,1,,,544
147671,RK21.2_E-197,30,Sq. Yards,3205,291,3252,685,1,0,,1,,,544
154582,RK21.2_E-478,30,Sq. Yards,3205,291,3252,686,1,0,,1,,,544
154586,MG9.10.3_E-295,30,Sq. Yards,3207,293,3259,684,1,0,,1,,,544
154845,RW18.2-2287,30,Sq. Yards,3208,294,3264,695,1,0,,1,,,544
155084,PW21_56,30,Sq. Yards,3212,298,3276,699,1,0,,1,,,544
155288,PW21_411,30,Sq. Yards,3212,298,3276,692,1,0,,1,,,544
158228,JG22.2_E-198,30,Sq. Yards,3194,280,3200,695,1,0,,1,,,544
158685,JG23_871,30,Sq. Yards,3194,280,3200,702,1,0,,1,,,544
161236,RK21.2_E-111,30,Sq. Yards,3205,291,3252,702,1,0,,1,,,544
161561,JR9PII_E-231,30,Sq. Yards,3206,292,3257,687,1,0,,1,,,544
161629,JR9PII_E-168,30,Sq. Yards,3206,292,3257,682,1,0,,1,,,544
161961,KN32_241,30,Sq. Yards,3197,283,3215,693,1,0,,1,,,544
147881,JG22.2_E-42,30,Sq. Yards,3194,280,3200,695,1,0,,1,,,544
147931,RW27.28.26PII_E-1339,30,Sq. Yards,3205,291,3252,690,1,0,,1,,,544
148285,JG23_1934,30,Sq. Yards,3194,280,3200,700,1,0,,1,,,544
149714,GO13.14_235,30,Sq. Yards,3199,285,3221,691,1,0,,1,,,544
150064,JG23_1571,30,Sq. Yards,3194,280,3200,685,1,0,,1,,,544
150171,PW21_661,30,Sq. Yards,3212,298,3276,685,1,0,,1,,,544
150264,PW21_383,30,Sq. Yards,3212,298,3276,706,1,0,,1,,,544
150864,RK21.2_E-195,30,Sq. Yards,3205,291,3252,682,1,0,,1,,,544
151007,JG23_1848,30,Sq. Yards,3194,280,3200,682,1,0,,1,,,544
153397,JG22.2_E-340,30,Sq. Yards,3194,280,3200,692,1,0,,1,,,544
153522,JG23_2105,30,Sq. Yards,3194,280,3200,682,1,0,,1,,,544
155094,PJ28.3_E-178,30,Sq. Yards,3192,278,3193,944,1,0,,1,,,544
155494,RW27.28.26PII_E-1397,30,Sq. Yards,3205,291,3252,683,1,0,,1,,,544
155580,CD9_E-273,30,Sq. Yards,3213,299,3279,690,1,0,,1,,,544
155662,RW27.28.26PII_E-1060,30,Sq. Yards,3205,291,3252,702,1,0,,1,,,544
155694,RW18.2-3097,30,Sq. Yards,3208,294,3264,697,1,0,,1,,,544
156773,KN32_303,30,Sq. Yards,3197,283,3215,681,1,0,,1,,,544
157234,RW36A_E-245,30,Sq. Yards,3205,291,3252,682,1,0,,1,,,544
157241,SSPIII20_E-226,30,Sq. Yards,3202,288,3238,711,1,0,,1,,,544
157484,RW27.28.26PII_E-1106,30,Sq. Yards,3205,291,3252,688,1,0,,1,,,544
157552,RW18.2-3231,30,Sq. Yards,3208,294,3264,696,1,0,,1,,,544
158084,RW18.2-2428,30,Sq. Yards,3208,294,3264,685,1,0,,1,,,544
158127,PJ28.3_E-137,30,Sq. Yards,3192,278,3193,944,1,0,,1,,,544
159956,SSPIII20_E-162,30,Sq. Yards,3202,288,3238,687,1,0,,1,,,544
160417,JG23_1250,30,Sq. Yards,3194,280,3200,695,1,0,,1,,,544
160642,RW18.2-3299,30,Sq. Yards,3208,294,3264,683,1,0,,1,,,544
161003,JG23_1249,30,Sq. Yards,3194,280,3200,681,1,0,,1,,,544
162282,RW36A_E-294,30,Sq. Yards,3205,291,3252,693,1,0,,1,,,544
162582,RW27.28.26PII_E-1200,30,Sq. Yards,3205,291,3252,683,1,0,,1,,,544
147670,RW27.28.26PII_E-1414,30,Sq. Yards,3205,291,3252,682,1,0,,1,,,544
148304,JG23_616,30,Sq. Yards,3194,280,3200,685,1,0,,1,,,544
148557,RK21.2_E-535,30,Sq. Yards,3205,291,3252,684,1,0,,1,,,544
149325,JG22.1_E-63,30,Sq. Yards,3194,280,3200,684,1,0,,1,,,544
149674,JR6_E-175,30,Sq. Yards,3206,292,3257,688,1,0,,1,,,544
149808,MG9.10.3_E-67,30,Sq. Yards,3207,293,3259,689,1,0,,1,,,544
150627,PW21_318,30,Sq. Yards,3212,298,3276,686,1,0,,1,,,544
151412,PW21_321,30,Sq. Yards,3212,298,3276,695,1,0,,1,,,544
151631,RW27.28.26PII_E-1648,30,Sq. Yards,3205,291,3252,699,1,0,,1,,,544
151946,CD1B_E-143,30,Sq. Yards,3213,299,3279,684,1,0,,1,,,544
152835,JG22.2_E-352,30,Sq. Yards,3194,280,3200,700,1,0,,1,,,544
153316,PW21_129,30,Sq. Yards,3212,298,3276,688,1,0,,1,,,544
155909,RW18.2-3370,30,Sq. Yards,3208,294,3264,693,1,0,,1,,,544
155941,RW18.2-3438,30,Sq. Yards,3208,294,3264,709,1,0,,1,,,544
156377,JG22.2_E-30,30,Sq. Yards,3194,280,3200,702,1,0,,1,,,544
157113,RW27.28.26PII_E-1178,30,Sq. Yards,3205,291,3252,689,1,0,,1,,,544
157598,RK5_E-108,30,Sq. Yards,3205,291,3252,684,1,0,,1,,,544
158598,RK5_E-58,30,Sq. Yards,3205,291,3252,684,1,0,,1,,,544
159668,PJ28.2_E-9,30,Sq. Yards,3192,278,3193,919,1,0,,1,,,544
160255,CD9_E-380,30,Sq. Yards,3213,299,3279,699,1,0,,1,,,544
160336,RW27.28.26PII_E-922,30,Sq. Yards,3205,291,3252,686,1,0,,1,,,544
161623,PJ28.1_E-57,30,Sq. Yards,3192,278,3193,944,1,0,,1,,,544
147664,PWAP_E-504,30,Sq. Yards,3212,298,3276,685,1,0,,1,,,544
149229,SSPIII20_E-373,30,Sq. Yards,3202,288,3238,690,1,0,,1,,,544
161260,PJ28.2_E-68,30,Sq. Yards,3192,278,3193,944,1,0,,1,,,544
148594,CD9_E-503,30,Sq. Yards,3213,299,3279,695,1,0,,1,,,544
148894,RK21.2_E-418,30,Sq. Yards,3205,291,3252,698,1,0,,1,,,544
149044,RK21.2_E-54,30,Sq. Yards,3205,291,3252,702,1,0,,1,,,544
149412,RW18.2-3224,30,Sq. Yards,3208,294,3264,695,1,0,,1,,,544
149419,CD9_E-369,30,Sq. Yards,3213,299,3279,698,1,0,,1,,,544
149580,JG22.2_E-64,30,Sq. Yards,3194,280,3200,695,1,0,,1,,,544
150723,GO13.14_166,30,Sq. Yards,3199,285,3221,691,1,0,,1,,,544
150773,CD1B_E-39,30,Sq. Yards,3213,299,3279,695,1,0,,1,,,544
151298,KN32_86,30,Sq. Yards,3197,283,3215,683,1,0,,1,,,544
152320,PW21_49,30,Sq. Yards,3212,298,3276,947,1,0,,1,,,544
153195,JG23_849,30,Sq. Yards,3194,280,3200,684,1,0,,1,,,544
153974,RW27.28.26PII_E-721,30,Sq. Yards,3205,291,3252,685,1,0,,1,,,544
154985,JG23_2198,30,Sq. Yards,3194,280,3200,692,1,0,,1,,,544
155721,JR9_E-64,30,Sq. Yards,3206,292,3257,684,1,0,,1,,,544
156507,CD9_E-178,30,Sq. Yards,3213,299,3279,693,1,0,,1,,,544
156582,JR9PII_E-135,30,Sq. Yards,3206,292,3257,685,1,0,,1,,,544
156875,RW18.2-2162,30,Sq. Yards,3208,294,3264,695,1,0,,1,,,544
157418,RW18.2-3791,30,Sq. Yards,3208,294,3264,710,1,0,,1,,,544
157968,CD9_E-3,30,Sq. Yards,3213,299,3279,689,1,0,,1,,,544
158343,GO13.14_113,30,Sq. Yards,3199,285,3221,684,1,0,,1,,,544
158493,FD9_E-73,30,Sq. Yards,3201,287,3233,687,1,0,,1,,,544
159658,PJ28.3_E-197,30,Sq. Yards,3192,278,3193,944,1,0,,1,,,544
159940,RW27.28.26PII_E-1007,30,Sq. Yards,3205,291,3252,689,1,0,,1,,,544
160008,CD9_E-474,30,Sq. Yards,3213,299,3279,689,1,0,,1,,,544
161637,JG23_435,30,Sq. Yards,3194,280,3200,691,1,0,,1,,,544
161994,JG22.2_E-469,30,Sq. Yards,3194,280,3200,686,1,0,,1,,,544
147503,RK21.2_E-482,30,Sq. Yards,3205,291,3252,690,1,0,,1,,,544
147620,PW21_165,30,Sq. Yards,3212,298,3276,688,1,0,,1,,,544
148154,FD9_E-47,30,Sq. Yards,3201,287,3233,704,1,0,,1,,,544
148186,JG23_2103,30,Sq. Yards,3194,280,3200,696,1,0,,1,,,544
148388,RW27.28.26PII_E-152,30,Sq. Yards,3205,291,3252,681,1,0,,1,,,544
149524,JR6_E-162,30,Sq. Yards,3206,292,3257,689,1,0,,1,,,544
152200,GO13.14_167,30,Sq. Yards,3199,285,3221,703,1,0,,1,,,544
152766,RW27.28.26PII_E-680,30,Sq. Yards,3205,291,3252,702,1,0,,1,,,544
153517,CD9_E-345,30,Sq. Yards,3213,299,3279,686,1,0,,1,,,544
154823,KN32_309,30,Sq. Yards,3197,283,3215,683,1,0,,1,,,544
155476,GO16_E-120,30,Sq. Yards,3199,285,3221,690,1,0,,1,,,544
155523,RW18.2-2073,30,Sq. Yards,3208,294,3264,709,1,0,,1,,,544
155606,RW18.2-3170,30,Sq. Yards,3208,294,3264,703,1,0,,1,,,544
155908,PJ28.2_E-13,30,Sq. Yards,3192,278,3193,711,1,0,,1,,,544
156408,PW21_478,30,Sq. Yards,3212,298,3276,685,1,0,,1,,,544
156746,JG23_789,30,Sq. Yards,3194,280,3200,684,1,0,,1,,,544
158331,SSPIII20_E-64,30,Sq. Yards,3202,288,3238,689,1,0,,1,,,544
158482,SSPIII20_E-323,30,Sq. Yards,3202,288,3238,686,1,0,,1,,,544
158999,RW18.2-2772,30,Sq. Yards,3208,294,3264,711,1,0,,1,,,544
159216,RW18.1_E-86,30,Sq. Yards,3208,294,3264,697,1,0,,1,,,544
159535,CD9_E-30,30,Sq. Yards,3213,299,3279,689,1,0,,1,,,544
159735,JG23_1876,30,Sq. Yards,3194,280,3200,693,1,0,,1,,,544
160705,RK5_E-224,30,Sq. Yards,3205,291,3252,700,1,0,,1,,,544
161071,RW27.28.26PII_E-140,30,Sq. Yards,3205,291,3252,686,1,0,,1,,,544
161107,JG23_951,30,Sq. Yards,3194,280,3200,691,1,0,,1,,,544
161356,PJ28.1_E-41,30,Sq. Yards,3192,278,3193,944,1,0,,1,,,544
161539,PWAP_E-301,30,Sq. Yards,3212,298,3276,685,1,0,,1,,,544
162709,JR6_E-148,30,Sq. Yards,3206,292,3257,696,1,0,,1,,,544
152417,JG23_550,30,Sq. Yards,3194,280,3200,682,1,0,,1,,,544
152883,PW21_512,30,Sq. Yards,3212,298,3276,706,1,0,,1,,,544
153051,KN32_248,30,Sq. Yards,3197,283,3215,699,1,0,,1,,,544
153602,PWAP_E-104,30,Sq. Yards,3212,298,3276,692,1,0,,1,,,544
154306,RK5_E-314,30,Sq. Yards,3205,291,3252,688,1,0,,1,,,544
155842,PWAP_E-81,30,Sq. Yards,3212,298,3276,698,1,0,,1,,,544
155893,RW36A_E-143,30,Sq. Yards,3205,291,3252,683,1,0,,1,,,544
157561,PJ28.3_E-101,30,Sq. Yards,3192,278,3193,935,1,0,,1,,,544
157614,JG23_1879,30,Sq. Yards,3194,280,3200,690,1,0,,1,,,544
157629,JG22.2_E-120,30,Sq. Yards,3194,280,3200,692,1,0,,1,,,544
158248,SD8_E-148,30,Sq. Yards,3200,286,3230,693,1,0,,1,,,544
158916,RW27.28.26PII_E-244,30,Sq. Yards,3205,291,3252,684,1,0,,1,,,544
159988,RW18.2-3620,30,Sq. Yards,3208,294,3264,687,1,0,,1,,,544
160118,GO13.14_24,30,Sq. Yards,3199,285,3221,689,1,0,,1,,,544
160639,PW21_1074,30,Sq. Yards,3212,298,3276,686,1,0,,1,,,544
161005,RW27.28.26PII_E-561,30,Sq. Yards,3205,291,3252,682,1,0,,1,,,544
161341,PJ28.3_E-206,30,Sq. Yards,3192,278,3193,864,1,0,,1,,,544
161624,RW36A_E-14,30,Sq. Yards,3205,291,3252,701,1,0,,1,,,544
162192,JG23_908,30,Sq. Yards,3194,280,3200,696,1,0,,1,,,544
159543,JR6_E-99,30,Sq. Yards,3206,292,3257,694,1,0,,1,,,544
159861,GO16_E-363,30,Sq. Yards,3199,285,3221,689,1,0,,1,,,544
160412,JG24.1_E-36,30,Sq. Yards,3194,280,3200,681,1,0,,1,,,544
160647,CD9_E-482,30,Sq. Yards,3213,299,3279,692,1,0,,1,,,544
160862,JG23_1749,30,Sq. Yards,3194,280,3200,691,1,0,,1,,,544
161098,PJ28.3_E-95,30,Sq. Yards,3192,278,3193,683,1,0,,1,,,544
162652,JG22.2_E-637,30,Sq. Yards,3194,280,3200,1047,1,0,,1,,,544
147643,RW18.2-2234,30,Sq. Yards,3208,294,3264,682,1,0,,1,,,544
148298,SSPIII20_E-370,30,Sq. Yards,3202,288,3238,695,1,0,,1,,,544
148748,GO16_E-207,30,Sq. Yards,3199,285,3221,689,1,0,,1,,,544
149683,RK21.2_E-230,30,Sq. Yards,3205,291,3252,683,1,0,,1,,,544
151120,CD9_E-251,30,Sq. Yards,3213,299,3279,687,1,0,,1,,,544
151337,MG9.10.3_E-290,30,Sq. Yards,3207,293,3259,683,1,0,,1,,,544
153260,RW36A_E-252,30,Sq. Yards,3205,291,3252,694,1,0,,1,,,544
153277,GO16_E-286,30,Sq. Yards,3199,285,3221,695,1,0,,1,,,544
153695,RK21.2_E-316,30,Sq. Yards,3205,291,3252,695,1,0,,1,,,544
154431,SD8_E-35,30,Sq. Yards,3200,286,3230,686,1,0,,1,,,544
154446,JG22.2_E-14,30,Sq. Yards,3194,280,3200,685,1,0,,1,,,544
154496,MG9.10.3_E-10,30,Sq. Yards,3207,293,3259,686,1,0,,1,,,544
154932,RW27.28.26PII_E-804,30,Sq. Yards,3205,291,3252,688,1,0,,1,,,544
155249,RW27.28.26PII_E-133,30,Sq. Yards,3205,291,3252,699,1,0,,1,,,544
155381,RW18.2-2735,30,Sq. Yards,3208,294,3264,710,1,0,,1,,,544
156754,RW18.2-3405,30,Sq. Yards,3208,294,3264,700,1,0,,1,,,544
157589,RW18.2-2831,30,Sq. Yards,3208,294,3264,689,1,0,,1,,,544
158525,JR6_E-245,30,Sq. Yards,3206,292,3257,684,1,0,,1,,,544
159111,JG22.2_E-139,30,Sq. Yards,3194,280,3200,684,1,0,,1,,,544
159208,CD9_E-11,30,Sq. Yards,3213,299,3279,699,1,0,,1,,,544
159793,JG24.2_E-133,30,Sq. Yards,3194,280,3200,686,1,0,,1,,,544
160179,RW27.28.26PII_E-197,30,Sq. Yards,3205,291,3252,682,1,0,,1,,,544
160530,RK21.2_E-390,30,Sq. Yards,3205,291,3252,689,1,0,,1,,,544
161383,PWAP_E-167,30,Sq. Yards,3212,298,3276,685,1,0,,1,,,544
161683,RK5_E-348,30,Sq. Yards,3205,291,3252,700,1,0,,1,,,544
161816,RK21.2_E-533,30,Sq. Yards,3205,291,3252,702,1,0,,1,,,544
161984,PW21_1008,30,Sq. Yards,3212,298,3276,709,1,0,,1,,,544
162352,JAJ_E-124,30,Sq. Yards,3200,286,3229,690,1,0,,1,,,544
147769,PJ28.1_E-47,30,Sq. Yards,3192,278,3193,962,1,0,,1,,,544
148020,PWAP_E-28,30,Sq. Yards,3212,298,3276,691,1,0,,1,,,544
150175,JG23_1852,30,Sq. Yards,3194,280,3200,697,1,0,,1,,,544
150226,RK21.2_E-388,30,Sq. Yards,3205,291,3252,690,1,0,,1,,,544
151347,RW19.1_E-68,30,Sq. Yards,3208,294,3264,695,1,0,,1,,,544
151430,JG23_1993,30,Sq. Yards,3194,280,3200,692,1,0,,1,,,544
152015,RW19.1_E-100,30,Sq. Yards,3208,294,3264,710,1,0,,1,,,544
152264,RW27.28.26PII_E-1506,30,Sq. Yards,3205,291,3252,686,1,0,,1,,,544
154019,JG23_1759,30,Sq. Yards,3194,280,3200,699,1,0,,1,,,544
154587,RW18.2-2637,30,Sq. Yards,3208,294,3264,704,1,0,,1,,,544
154991,PWAP_E-193,30,Sq. Yards,3212,298,3276,708,1,0,,1,,,544
155372,JR6_E-343,30,Sq. Yards,3206,292,3257,698,1,0,,1,,,544
155757,RW27.28.26PII_E-1560,30,Sq. Yards,3205,291,3252,697,1,0,,1,,,544
155940,MG9.10.3_E-342,30,Sq. Yards,3207,293,3259,693,1,0,,1,,,544
157212,RW18.2-2613,30,Sq. Yards,3208,294,3264,696,1,0,,1,,,544
158133,JG23_1708,30,Sq. Yards,3194,280,3200,701,1,0,,1,,,544
158182,JR9PII_E-263,30,Sq. Yards,3206,292,3257,691,1,0,,1,,,544
158433,PW21_906,30,Sq. Yards,3212,298,3276,687,1,0,,1,,,544
160554,JR6_E-60,30,Sq. Yards,3206,292,3257,694,1,0,,1,,,544
160656,SSPIII20_E-163,30,Sq. Yards,3202,288,3238,766,1,0,,1,,,544
162343,PW21_878,30,Sq. Yards,3212,298,3276,684,1,0,,1,,,544
162358,JG23_2196,30,Sq. Yards,3194,280,3200,693,1,0,,1,,,544
147498,RW27.28.26PII_E-1523,30,Sq. Yards,3205,291,3252,688,1,0,,1,,,544
147666,JR9PII_E-8,30,Sq. Yards,3206,292,3257,693,1,0,,1,,,544
147900,RW18.2-2714,30,Sq. Yards,3208,294,3264,692,1,0,,1,,,544
147989,SSPIII20_E-334,30,Sq. Yards,3202,288,3238,682,1,0,,1,,,544
148825,PWAP_E-369,30,Sq. Yards,3212,298,3276,707,1,0,,1,,,544
149527,RW18.2-2129,30,Sq. Yards,3208,294,3264,688,1,0,,1,,,544
151642,RW27.28.26PII_E-686,30,Sq. Yards,3205,291,3252,682,1,0,,1,,,544
156033,GO16_E-90,30,Sq. Yards,3199,285,3221,693,1,0,,1,,,544
156066,RW27.28.26PII_E-492,30,Sq. Yards,3205,291,3252,683,1,0,,1,,,544
156116,SSPIII20_E-521,30,Sq. Yards,3202,288,3238,766,1,0,,1,,,544
156837,PJ28.1_E-182,30,Sq. Yards,3192,278,3193,689,1,0,,1,,,544
157656,PWAP_E-214,30,Sq. Yards,3212,298,3276,696,1,0,,1,,,544
158356,MG9.10.3_E-119,30,Sq. Yards,3207,293,3259,686,1,0,,1,,,544
158541,RW18.2-2753,30,Sq. Yards,3208,294,3264,696,1,0,,1,,,544
158756,RW27.28.26PII_E-1260,30,Sq. Yards,3205,291,3252,690,1,0,,1,,,544
159827,RW27.28.26PII_E-1580,30,Sq. Yards,3205,291,3252,681,1,0,,1,,,544
160882,KN32_74,30,Sq. Yards,3197,283,3215,684,1,0,,1,,,544
161031,MG9.10.2_E-67,30,Sq. Yards,3207,293,3259,693,1,0,,1,,,544
161032,RK21.2_E-457,30,Sq. Yards,3205,291,3252,686,1,0,,1,,,544
161582,KN32_68,30,Sq. Yards,3197,283,3215,685,1,0,,1,,,544
147654,CD9_E-186,30,Sq. Yards,3213,299,3279,683,1,0,,1,,,544
147735,JG22.1_E-138,30,Sq. Yards,3194,280,3200,697,1,0,,1,,,544
148288,RW18.2-2684,30,Sq. Yards,3208,294,3264,683,1,0,,1,,,544
148520,RK5_E-96,30,Sq. Yards,3205,291,3252,682,1,0,,1,,,544
149075,RW27.28.26PII_E-1579,30,Sq. Yards,3205,291,3252,692,1,0,,1,,,544
150092,MG9.10.3_E-260,30,Sq. Yards,3207,293,3259,692,1,0,,1,,,544
150677,RW27.28.26PII_E-988,30,Sq. Yards,3205,291,3252,688,1,0,,1,,,544
152868,JG23_1154,30,Sq. Yards,3194,280,3200,688,1,0,,1,,,544
154555,GO16_E-35,30,Sq. Yards,3199,285,3221,689,1,0,,1,,,544
154621,JG23_2280,30,Sq. Yards,3194,280,3200,685,1,0,,1,,,544
154770,JG22.2_E-111,30,Sq. Yards,3194,280,3200,697,1,0,,1,,,544
154906,RW27.28.26PII_E-1710,30,Sq. Yards,3205,291,3252,691,1,0,,1,,,544
154923,CD1B_E-59,30,Sq. Yards,3213,299,3279,681,1,0,,1,,,544
155272,JG23_651,30,Sq. Yards,3194,280,3200,690,1,0,,1,,,544
155823,RW19.2_E-27,30,Sq. Yards,3208,294,3264,692,1,0,,1,,,544
155874,RW18.2-3819,30,Sq. Yards,3208,294,3264,708,1,0,,1,,,544
156578,JG22.2_E-90,30,Sq. Yards,3194,280,3200,702,1,0,,1,,,544
157478,CD9_E-495,30,Sq. Yards,3213,299,3279,692,1,0,,1,,,544
157512,JG24.1_E-31,30,Sq. Yards,3194,280,3200,691,1,0,,1,,,544
157912,JAJ_E-35,30,Sq. Yards,3200,286,3229,686,1,0,,1,,,544
158029,JG23_2171,30,Sq. Yards,3194,280,3200,698,1,0,,1,,,544
158265,GO13.14_6,30,Sq. Yards,3199,285,3221,698,1,0,,1,,,544
160237,JR9PII_E-35,30,Sq. Yards,3206,292,3257,689,1,0,,1,,,544
160354,KN32_322,30,Sq. Yards,3197,283,3215,697,1,0,,1,,,544
161239,PW21_267,30,Sq. Yards,3212,298,3276,682,1,0,,1,,,544
161390,RW18.2-3478,30,Sq. Yards,3208,294,3264,698,1,0,,1,,,544
161773,SD8_E-40,30,Sq. Yards,3200,286,3230,683,1,0,,1,,,544
161792,JG22.2_E-409,30,Sq. Yards,3194,280,3200,695,1,0,,1,,,544
161824,RK21.2_E-20,30,Sq. Yards,3205,291,3252,686,1,0,,1,,,544
162177,JG22.2_E-5,30,Sq. Yards,3194,280,3200,682,1,0,,1,,,544
162594,PW21_578,30,Sq. Yards,3212,298,3276,689,1,0,,1,,,544
147681,JAJ_E-87,30,Sq. Yards,3200,286,3229,686,1,0,,1,,,544
147842,MG9.10.3_E-13,30,Sq. Yards,3207,293,3259,685,1,0,,1,,,544
149310,JG23_1177,30,Sq. Yards,3194,280,3200,687,1,0,,1,,,544
149496,RW18.2-2472,30,Sq. Yards,3208,294,3264,685,1,0,,1,,,544
150632,PWAP_E-494,30,Sq. Yards,3212,298,3276,710,1,0,,1,,,544
150789,JG23_1677,30,Sq. Yards,3194,280,3200,684,1,0,,1,,,544
150875,JR6_E-365,30,Sq. Yards,3206,292,3257,684,1,0,,1,,,544
151050,PW21_888,30,Sq. Yards,3212,298,3276,696,1,0,,1,,,544
152436,JR9PII_E-210,30,Sq. Yards,3206,292,3257,683,1,0,,1,,,544
152554,PJ28.3_E-89,30,Sq. Yards,3192,278,3193,974,1,0,,1,,,544
153272,JG22.2_E-16,30,Sq. Yards,3194,280,3200,683,1,0,,1,,,544
153940,JR6_E-224,30,Sq. Yards,3206,292,3257,681,1,0,,1,,,544
154340,JG23_2078,30,Sq. Yards,3194,280,3200,696,1,0,,1,,,544
154669,PW21_240,30,Sq. Yards,3212,298,3276,684,1,0,,1,,,544
156112,GO13.14_227,30,Sq. Yards,3199,285,3221,701,1,0,,1,,,544
157298,SSPIII20_E-813,30,Sq. Yards,3202,288,3238,690,1,0,,1,,,544
157820,RW18.1_E-76,30,Sq. Yards,3208,294,3264,681,1,0,,1,,,544
157827,JG23_2210,30,Sq. Yards,3194,280,3200,688,1,0,,1,,,544
158577,SSPIII20_E-748,30,Sq. Yards,3202,288,3238,703,1,0,,1,,,544
158588,RW18.2-2467,30,Sq. Yards,3208,294,3264,704,1,0,,1,,,544
159220,CD9_E-350,30,Sq. Yards,3213,299,3279,684,1,0,,1,,,544
148685,JG23_869,30,Sq. Yards,3194,280,3200,681,1,0,,1,,,544
149092,FD9_E-46,30,Sq. Yards,3201,287,3233,689,1,0,,1,,,544
149528,KN32_341,30,Sq. Yards,3197,283,3215,975,1,0,,1,,,544
149560,RW18.2-2813,30,Sq. Yards,3208,294,3264,688,1,0,,1,,,544
149571,SSPIII20_E-549,30,Sq. Yards,3202,288,3238,684,1,0,,1,,,544
149689,JAJ_E-12,30,Sq. Yards,3200,286,3229,682,1,0,,1,,,544
151039,PJ28.3_E-78,30,Sq. Yards,3192,278,3193,962,1,0,,1,,,544
151593,PW21_161,30,Sq. Yards,3212,298,3276,683,1,0,,1,,,544
151800,JG23_716,30,Sq. Yards,3194,280,3200,688,1,0,,1,,,544
152286,JG23_1805,30,Sq. Yards,3194,280,3200,681,1,0,,1,,,544
152836,JG22.2_E-267,30,Sq. Yards,3194,280,3200,689,1,0,,1,,,544
153340,JG23_1290,30,Sq. Yards,3194,280,3200,702,1,0,,1,,,544
153533,RW18.2-2356,30,Sq. Yards,3208,294,3264,688,1,0,,1,,,544
154683,CD9_E-97,30,Sq. Yards,3213,299,3279,689,1,0,,1,,,544
154776,SD8_E-89,30,Sq. Yards,3200,286,3230,686,1,0,,1,,,544
155855,PW21_857,30,Sq. Yards,3212,298,3276,684,1,0,,1,,,544
156905,JG23_1345,30,Sq. Yards,3194,280,3200,686,1,0,,1,,,544
157402,PJ28.3_E-136,30,Sq. Yards,3192,278,3193,935,1,0,,1,,,544
158770,JG23_418,30,Sq. Yards,3194,280,3200,685,1,0,,1,,,544
158827,JG23_1998,30,Sq. Yards,3194,280,3200,686,1,0,,1,,,544
159031,GO13.14_51,30,Sq. Yards,3199,285,3221,692,1,0,,1,,,544
159799,RW27.28.26PII_E-1198,30,Sq. Yards,3205,291,3252,698,1,0,,1,,,544
161403,GO16_E-270,30,Sq. Yards,3199,285,3221,700,1,0,,1,,,544
161535,SD8_E-134,30,Sq. Yards,3200,286,3230,697,1,0,,1,,,544
161803,RW18.2-2570,30,Sq. Yards,3208,294,3264,703,1,0,,1,,,544
162039,RK5_E-154,30,Sq. Yards,3205,291,3252,686,1,0,,1,,,544
147540,PJ28.1_E-21,30,Sq. Yards,3192,278,3193,935,1,0,,1,,,544
148315,SD8_E-57,30,Sq. Yards,3200,286,3230,692,1,0,,1,,,544
150005,RW27.28.26PII_E-1033,30,Sq. Yards,3205,291,3252,683,1,0,,1,,,544
150255,RW27.28.26PII_E-93,30,Sq. Yards,3205,291,3252,689,1,0,,1,,,544
150480,RW27.28.26PII_E-992,30,Sq. Yards,3205,291,3252,690,1,0,,1,,,544
151184,RW18.2-3558,30,Sq. Yards,3208,294,3264,697,1,0,,1,,,544
151491,JG22.2_E-685,30,Sq. Yards,3194,280,3200,688,1,0,,1,,,544
152020,GO16_E-291,30,Sq. Yards,3199,285,3221,684,1,0,,1,,,544
152377,PW21_612,30,Sq. Yards,3212,298,3276,711,1,0,,1,,,544
153331,RK21.2_E-74,30,Sq. Yards,3205,291,3252,702,1,0,,1,,,544
156950,GO13.14_233,30,Sq. Yards,3199,285,3221,699,1,0,,1,,,544
157482,RW27.28.26PII_E-1535,30,Sq. Yards,3205,291,3252,702,1,0,,1,,,544
157711,PW21_466,30,Sq. Yards,3212,298,3276,700,1,0,,1,,,544
160869,RK21.2_E-71,30,Sq. Yards,3205,291,3252,702,1,0,,1,,,544
161187,KN32_84,30,Sq. Yards,3197,283,3215,694,1,0,,1,,,544
161805,RW27.28.26PII_E-341,30,Sq. Yards,3205,291,3252,682,1,0,,1,,,544
148690,KN32_69,30,Sq. Yards,3197,283,3215,693,1,0,,1,,,544
148807,JR9PII_E-173,30,Sq. Yards,3206,292,3257,685,1,0,,1,,,544
148956,RW18.2-2845,30,Sq. Yards,3208,294,3264,694,1,0,,1,,,544
148988,RW19.1_E-127,30,Sq. Yards,3208,294,3264,684,1,0,,1,,,544
149441,RW18.2-3126,30,Sq. Yards,3208,294,3264,691,1,0,,1,,,544
149490,RW18.2-3099,30,Sq. Yards,3208,294,3264,688,1,0,,1,,,544
149558,JR9PII_E-284,30,Sq. Yards,3206,292,3257,687,1,0,,1,,,544
149792,RW27.28.26PII_E-781,30,Sq. Yards,3205,291,3252,685,1,0,,1,,,544
150311,RW18.1_E-169,30,Sq. Yards,3208,294,3264,710,1,0,,1,,,544
151330,RW18.2-2858,30,Sq. Yards,3208,294,3264,682,1,0,,1,,,544
153049,RW27.28.26PII_E-646,30,Sq. Yards,3205,291,3252,695,1,0,,1,,,544
153236,JG23_2228,30,Sq. Yards,3194,280,3200,681,1,0,,1,,,544
153668,RW18.2-3673,30,Sq. Yards,3208,294,3264,683,1,0,,1,,,544
154421,RK21.2_E-202,30,Sq. Yards,3205,291,3252,690,1,0,,1,,,544
154938,RW18.1_E-152,30,Sq. Yards,3208,294,3264,707,1,0,,1,,,544
155240,PJ28.2_E-16,30,Sq. Yards,3192,278,3193,681,1,0,,1,,,544
155808,JG23_1106,30,Sq. Yards,3194,280,3200,695,1,0,,1,,,544
157848,JG22.2_E-708,30,Sq. Yards,3194,280,3200,685,1,0,,1,,,544
157929,SD8_E-156,30,Sq. Yards,3200,286,3230,692,1,0,,1,,,544
158431,RK21.2_E-299,30,Sq. Yards,3205,291,3252,684,1,0,,1,,,544
159067,JR6_E-430,30,Sq. Yards,3206,292,3257,690,1,0,,1,,,544
159369,RW27.28.26PII_E-1509,30,Sq. Yards,3205,291,3252,697,1,0,,1,,,544
150673,RW27.28.26PII_E-1269,30,Sq. Yards,3205,291,3252,681,1,0,,1,,,544
150823,JG23_2020,30,Sq. Yards,3194,280,3200,685,1,0,,1,,,544
151148,RW27.28.26PII_E-558,30,Sq. Yards,3205,291,3252,684,1,0,,1,,,544
151652,RW27.28.26PII_E-696,30,Sq. Yards,3205,291,3252,697,1,0,,1,,,544
152302,RK5_E-91,30,Sq. Yards,3205,291,3252,682,1,0,,1,,,544
152781,RW27.28.26PII_E-20,30,Sq. Yards,3205,291,3252,701,1,0,,1,,,544
153170,JAJ_E-79,30,Sq. Yards,3200,286,3229,690,1,0,,1,,,544
153406,RW27.28.26PII_E-1521,30,Sq. Yards,3205,291,3252,688,1,0,,1,,,544
154131,JG22.2_E-445,30,Sq. Yards,3194,280,3200,690,1,0,,1,,,544
154803,JG23_1990,30,Sq. Yards,3194,280,3200,687,1,0,,1,,,544
155846,SSPIII20_E-392,30,Sq. Yards,3202,288,3238,688,1,0,,1,,,544
155971,PW21_25,30,Sq. Yards,3212,298,3276,835,1,0,,1,,,544
156764,PW21_324,30,Sq. Yards,3212,298,3276,681,1,0,,1,,,544
157032,MG9.10.3_E-33,30,Sq. Yards,3207,293,3259,684,1,0,,1,,,544
157618,PW21_1067,30,Sq. Yards,3212,298,3276,709,1,0,,1,,,544
158136,RW18.2-3069,30,Sq. Yards,3208,294,3264,698,1,0,,1,,,544
158543,JG22.2_E-273,30,Sq. Yards,3194,280,3200,690,1,0,,1,,,544
159079,PJ28.2_E-18,30,Sq. Yards,3192,278,3193,703,1,0,,1,,,544
159583,JG23_1379,30,Sq. Yards,3194,280,3200,683,1,0,,1,,,544
159608,RW27.28.26PII_E-583,30,Sq. Yards,3205,291,3252,683,1,0,,1,,,544
159965,RK21.2_E-161,30,Sq. Yards,3205,291,3252,688,1,0,,1,,,544
160533,GO16_E-57,30,Sq. Yards,3199,285,3221,696,1,0,,1,,,544
160776,JAJ_E-71,30,Sq. Yards,3200,286,3229,692,1,0,,1,,,544
161294,JG23_2190,30,Sq. Yards,3194,280,3200,686,1,0,,1,,,544
162012,PJ28.3_E-226,30,Sq. Yards,3192,278,3193,944,1,0,,1,,,544
162148,JG23_1045,30,Sq. Yards,3194,280,3200,690,1,0,,1,,,544
162573,JR6_E-438,30,Sq. Yards,3206,292,3257,687,1,0,,1,,,544
147746,JR6_E-171,30,Sq. Yards,3206,292,3257,690,1,0,,1,,,544
148864,JAJ_E-125,30,Sq. Yards,3200,286,3229,693,1,0,,1,,,544
148963,SD8_E-222,30,Sq. Yards,3200,286,3230,693,1,0,,1,,,544
150103,JG22.1_E-82,30,Sq. Yards,3194,280,3200,1047,1,0,,1,,,544
151003,JG23_894,30,Sq. Yards,3194,280,3200,682,1,0,,1,,,544
153997,RK5_E-126,30,Sq. Yards,3205,291,3252,682,1,0,,1,,,544
154598,JG23_1284,30,Sq. Yards,3194,280,3200,688,1,0,,1,,,544
155033,JG23_1485,30,Sq. Yards,3194,280,3200,683,1,0,,1,,,544
155066,JR6_E-357,30,Sq. Yards,3206,292,3257,692,1,0,,1,,,544
156838,RK21.2_E-198,30,Sq. Yards,3205,291,3252,683,1,0,,1,,,544
157670,JG23_309,30,Sq. Yards,3194,280,3200,681,1,0,,1,,,544
158005,JG23_1873,30,Sq. Yards,3194,280,3200,694,1,0,,1,,,544
159241,JG23_643,30,Sq. Yards,3194,280,3200,702,1,0,,1,,,544
160331,MG9.10.3_E-85,30,Sq. Yards,3207,293,3259,684,1,0,,1,,,544
160678,JG22.2_E-222,30,Sq. Yards,3194,280,3200,691,1,0,,1,,,544
161114,FD9_E-97,30,Sq. Yards,3201,287,3233,695,1,0,,1,,,544
162550,SSPIII20_E-559,30,Sq. Yards,3202,288,3238,702,1,0,,1,,,544
150269,KN9.32_E-100,30,Sq. Yards,3197,283,3215,681,1,0,,1,,,544
150801,MG9.10.3_E-142,30,Sq. Yards,3207,293,3259,690,1,0,,1,,,544
151287,SSPIII20_E-642,30,Sq. Yards,3202,288,3238,690,1,0,,1,,,544
151373,CD9_E-22,30,Sq. Yards,3213,299,3279,695,1,0,,1,,,544
151388,JG23_1617,30,Sq. Yards,3194,280,3200,709,1,0,,1,,,544
151455,RW18.2-3174,30,Sq. Yards,3208,294,3264,702,1,0,,1,,,544
152041,JG23_471,30,Sq. Yards,3194,280,3200,686,1,0,,1,,,544
152874,JG23_587,30,Sq. Yards,3194,280,3200,697,1,0,,1,,,544
153091,PWAP_E-492,30,Sq. Yards,3212,298,3276,685,1,0,,1,,,544
154096,JG23_793,30,Sq. Yards,3194,280,3200,698,1,0,,1,,,544
154882,KN32_316,30,Sq. Yards,3197,283,3215,683,1,0,,1,,,544
155482,JG22.1_E-16,30,Sq. Yards,3194,280,3200,682,1,0,,1,,,544
156668,JG22.1_E-8,30,Sq. Yards,3194,280,3200,692,1,0,,1,,,544
156704,RW18.2-2475,30,Sq. Yards,3208,294,3264,689,1,0,,1,,,544
156918,RW18.2-2543,30,Sq. Yards,3208,294,3264,691,1,0,,1,,,544
157453,RK5_E-292,30,Sq. Yards,3205,291,3252,697,1,0,,1,,,544
157704,JG22.2_E-69,30,Sq. Yards,3194,280,3200,696,1,0,,1,,,544
157989,JR6_E-168,30,Sq. Yards,3206,292,3257,686,1,0,,1,,,544
158257,PW21_141,30,Sq. Yards,3212,298,3276,688,1,0,,1,,,544
160448,PJ28.1_E-122,30,Sq. Yards,3192,278,3193,687,1,0,,1,,,544
161365,JG22.2_E-431,30,Sq. Yards,3194,280,3200,682,1,0,,1,,,544
150235,RK21.2_E-397,30,Sq. Yards,3205,291,3252,686,1,0,,1,,,544
151036,RW18.2-2999,30,Sq. Yards,3208,294,3264,703,1,0,,1,,,544
151072,PWAP_E-346,30,Sq. Yards,3212,298,3276,709,1,0,,1,,,544
151303,RW18.2-3389,30,Sq. Yards,3208,294,3264,684,1,0,,1,,,544
152357,JR6_E-315,30,Sq. Yards,3206,292,3257,682,1,0,,1,,,544
152425,PJ28.1_E-194,30,Sq. Yards,3192,278,3193,944,1,0,,1,,,544
152825,JAJ_E-108,30,Sq. Yards,3200,286,3229,686,1,0,,1,,,544
154729,JG22.2_E-528,30,Sq. Yards,3194,280,3200,700,1,0,,1,,,544
155365,JR9_E-23,30,Sq. Yards,3206,292,3257,695,1,0,,1,,,544
155533,KN32_260,30,Sq. Yards,3197,283,3215,681,1,0,,1,,,544
157219,PW21_268,30,Sq. Yards,3212,298,3276,709,1,0,,1,,,544
157438,SD8_E-53,30,Sq. Yards,3200,286,3230,684,1,0,,1,,,544
157923,PW21_995,30,Sq. Yards,3212,298,3276,921,1,0,,1,,,544
158574,RW27.28.26PII_E-729,30,Sq. Yards,3205,291,3252,686,1,0,,1,,,544
159009,JG22.2_E-144,30,Sq. Yards,3194,280,3200,693,1,0,,1,,,544
159946,RW27.28.26PII_E-797,30,Sq. Yards,3205,291,3252,683,1,0,,1,,,544
161182,RW18.2-3630,30,Sq. Yards,3208,294,3264,681,1,0,,1,,,544
161432,JR9PII_E-219,30,Sq. Yards,3206,292,3257,693,1,0,,1,,,544
161514,RW18.2-2923,30,Sq. Yards,3208,294,3264,695,1,0,,1,,,544
162600,MG9.10.3_E-286,30,Sq. Yards,3207,293,3259,684,1,0,,1,,,544
148348,JG22.2_E-248,30,Sq. Yards,3194,280,3200,702,1,0,,1,,,544
148662,JG22.2_E-593,30,Sq. Yards,3194,280,3200,701,1,0,,1,,,544
149180,RK5_E-313,30,Sq. Yards,3205,291,3252,696,1,0,,1,,,544
149483,PWAP_E-476,30,Sq. Yards,3212,298,3276,684,1,0,,1,,,544
150016,PW21_927,30,Sq. Yards,3212,298,3276,695,1,0,,1,,,544
150619,JG23_1856,30,Sq. Yards,3194,280,3200,702,1,0,,1,,,544
152038,JR9PII_E-262,30,Sq. Yards,3206,292,3257,692,1,0,,1,,,544
152156,JG22.2_E-86,30,Sq. Yards,3194,280,3200,685,1,0,,1,,,544
152506,PW21_1040,30,Sq. Yards,3212,298,3276,694,1,0,,1,,,544
154164,SSPIII20_E-253,30,Sq. Yards,3202,288,3238,686,1,0,,1,,,544
154514,JR6_E-69,30,Sq. Yards,3206,292,3257,691,1,0,,1,,,544
154764,RK21.2_E-149,30,Sq. Yards,3205,291,3252,684,1,0,,1,,,544
156050,RW27.28.26PII_E-412,30,Sq. Yards,3205,291,3252,683,1,0,,1,,,544
157071,PJ28.1_E-186,30,Sq. Yards,3192,278,3193,944,1,0,,1,,,544
157372,PWAP_E-68,30,Sq. Yards,3212,298,3276,697,1,0,,1,,,544
157821,PJ28.3_E-3,30,Sq. Yards,3192,278,3193,935,1,0,,1,,,544
158307,CD9_E-86,30,Sq. Yards,3213,299,3279,693,1,0,,1,,,544
158308,RW27.28.26PII_E-40,30,Sq. Yards,3205,291,3252,701,1,0,,1,,,544
158325,JG23_2063,30,Sq. Yards,3194,280,3200,696,1,0,,1,,,544
159075,PJ28.3_E-125,30,Sq. Yards,3192,278,3193,682,1,0,,1,,,544
159826,PJ28.3_E-219,30,Sq. Yards,3192,278,3193,682,1,0,,1,,,544
160561,SSPIII20_E-234,30,Sq. Yards,3202,288,3238,683,1,0,,1,,,544
161115,PWAP_E-173,30,Sq. Yards,3212,298,3276,706,1,0,,1,,,544
161448,PW21_951,30,Sq. Yards,3212,298,3276,696,1,0,,1,,,544
161951,RW27.28.26PII_E-1214,30,Sq. Yards,3205,291,3252,684,1,0,,1,,,544
162019,PW21_698,30,Sq. Yards,3212,298,3276,708,1,0,,1,,,544
162133,PWAP_E-67,30,Sq. Yards,3212,298,3276,706,1,0,,1,,,544
149148,JG22.2_E-332,30,Sq. Yards,3194,280,3200,1049,1,0,,1,,,544
149434,PW21_51,30,Sq. Yards,3212,298,3276,704,1,0,,1,,,544
149802,PW21_741,30,Sq. Yards,3212,298,3276,708,1,0,,1,,,544
149816,RW18.2-3382,30,Sq. Yards,3208,294,3264,683,1,0,,1,,,544
150952,JG23_1145,30,Sq. Yards,3194,280,3200,682,1,0,,1,,,544
151238,RW27.28.26PII_E-519,30,Sq. Yards,3205,291,3252,681,1,0,,1,,,544
153292,PW21_1156,30,Sq. Yards,3212,298,3276,682,1,0,,1,,,544
153878,JG22.1_E-36,30,Sq. Yards,3194,280,3200,686,1,0,,1,,,544
153895,RK21.2_E-329,30,Sq. Yards,3205,291,3252,700,1,0,,1,,,544
154163,JG23_1346,30,Sq. Yards,3194,280,3200,695,1,0,,1,,,544
154946,SD8_E-205,30,Sq. Yards,3200,286,3230,684,1,0,,1,,,544
155464,RK21.2_E-81,30,Sq. Yards,3205,291,3252,685,1,0,,1,,,544
155550,RW18.2-2590,30,Sq. Yards,3208,294,3264,696,1,0,,1,,,544
156568,RW27.28.26PII_E-1321,30,Sq. Yards,3205,291,3252,685,1,0,,1,,,544
157172,CD9_E-40,30,Sq. Yards,3213,299,3279,692,1,0,,1,,,544
157239,JR6_E-184,30,Sq. Yards,3206,292,3257,694,1,0,,1,,,544
157271,RK21.2_E-311,30,Sq. Yards,3205,291,3252,701,1,0,,1,,,544
153456,RW18.2-2352,30,Sq. Yards,3208,294,3264,703,1,0,,1,,,544
153824,RW27.28.26PII_E-258,30,Sq. Yards,3205,291,3252,685,1,0,,1,,,544
153899,RW18.2-3313,30,Sq. Yards,3208,294,3264,686,1,0,,1,,,544
156157,JG23_1006,30,Sq. Yards,3194,280,3200,693,1,0,,1,,,544
156207,RW27.28.26PII_E-1504,30,Sq. Yards,3205,291,3252,694,1,0,,1,,,544
156339,KN32_163,30,Sq. Yards,3197,283,3215,694,1,0,,1,,,544
156614,GO13.14_216,30,Sq. Yards,3199,285,3221,698,1,0,,1,,,544
157843,SD8_E-160,30,Sq. Yards,3200,286,3230,688,1,0,,1,,,544
158018,RW27.28.26PII_E-23,30,Sq. Yards,3205,291,3252,688,1,0,,1,,,544
158236,JR9PII_E-156,30,Sq. Yards,3206,292,3257,688,1,0,,1,,,544
158318,CD9_E-434,30,Sq. Yards,3213,299,3279,697,1,0,,1,,,544
158604,RW18.2-3466,30,Sq. Yards,3208,294,3264,703,1,0,,1,,,544
158672,JG23_1205,30,Sq. Yards,3194,280,3200,698,1,0,,1,,,544
159204,RW18.2-2698,30,Sq. Yards,3208,294,3264,695,1,0,,1,,,544
160076,RK21.2_E-629,30,Sq. Yards,3205,291,3252,685,1,0,,1,,,544
161119,CD1B_E-140,30,Sq. Yards,3213,299,3279,684,1,0,,1,,,544
161276,MG9.10.2_E-16,30,Sq. Yards,3207,293,3259,692,1,0,,1,,,544
161780,PW21_1101,30,Sq. Yards,3212,298,3276,705,1,0,,1,,,544
162155,JG22.2_E-296,30,Sq. Yards,3194,280,3200,1012,1,0,,1,,,544
148139,RK21.2_E-168,30,Sq. Yards,3205,291,3252,694,1,0,,1,,,544
148822,FD9_E-63,30,Sq. Yards,3201,287,3233,992,1,0,,1,,,544
148971,PWAP_E-464,30,Sq. Yards,3212,298,3276,699,1,0,,1,,,544
150879,SSPIII20_E-400,30,Sq. Yards,3202,288,3238,686,1,0,,1,,,544
151964,PW21_258,30,Sq. Yards,3212,298,3276,697,1,0,,1,,,544
152032,PWAP_E-132,30,Sq. Yards,3212,298,3276,685,1,0,,1,,,544
152315,JG22.2_E-735,30,Sq. Yards,3194,280,3200,696,1,0,,1,,,544
152919,JG22.2_E-697,30,Sq. Yards,3194,280,3200,705,1,0,,1,,,544
154136,PW21_947,30,Sq. Yards,3212,298,3276,709,1,0,,1,,,544
154287,JR9PII_E-147,30,Sq. Yards,3206,292,3257,693,1,0,,1,,,544
154604,RW27.28.26PII_E-1315,30,Sq. Yards,3205,291,3252,686,1,0,,1,,,544
154787,GO13.14_29,30,Sq. Yards,3199,285,3221,685,1,0,,1,,,544
156142,SSPIII20_E-578,30,Sq. Yards,3202,288,3238,691,1,0,,1,,,544
156344,RW18.2-2553,30,Sq. Yards,3208,294,3264,704,1,0,,1,,,544
156493,PW21_192,30,Sq. Yards,3212,298,3276,691,1,0,,1,,,544
157780,RW18.2-2156,30,Sq. Yards,3208,294,3264,697,1,0,,1,,,544
157899,JG23_1994,30,Sq. Yards,3194,280,3200,701,1,0,,1,,,544
158146,SSPIII20_E-820,30,Sq. Yards,3202,288,3238,709,1,0,,1,,,544
158150,RW18.2-2292,30,Sq. Yards,3208,294,3264,705,1,0,,1,,,544
158767,SSPIII20_E-671,30,Sq. Yards,3202,288,3238,682,1,0,,1,,,544
159467,RK21.2_E-276,30,Sq. Yards,3205,291,3252,691,1,0,,1,,,544
159537,JR9PII_E-72,30,Sq. Yards,3206,292,3257,694,1,0,,1,,,544
160388,RK5_E-156,30,Sq. Yards,3205,291,3252,699,1,0,,1,,,544
160739,RW19.1_E-90,30,Sq. Yards,3208,294,3264,690,1,0,,1,,,544
161275,RK5_E-44,30,Sq. Yards,3205,291,3252,685,1,0,,1,,,544
161590,RK21.2_E-21,30,Sq. Yards,3205,291,3252,696,1,0,,1,,,544
161673,RW36A_E-19,30,Sq. Yards,3205,291,3252,686,1,0,,1,,,544
162226,JG23_995,30,Sq. Yards,3194,280,3200,693,1,0,,1,,,544
162243,SSPIII20_E-176,30,Sq. Yards,3202,288,3238,704,1,0,,1,,,544
162394,RW27.28.26PII_E-176,30,Sq. Yards,3205,291,3252,682,1,0,,1,,,544
162526,RW18.2-2988,30,Sq. Yards,3208,294,3264,697,1,0,,1,,,544
162694,RK21.2_E-56,30,Sq. Yards,3205,291,3252,696,1,0,,1,,,544
161642,PW21_1035,30,Sq. Yards,3212,298,3276,711,1,0,,1,,,544
162625,RW18.2-3060,30,Sq. Yards,3208,294,3264,681,1,0,,1,,,544
147538,JG22.2_E-226,30,Sq. Yards,3194,280,3200,701,1,0,,1,,,544
147974,KN32_251,30,Sq. Yards,3197,283,3215,699,1,0,,1,,,544
149503,RW18.2-2584,30,Sq. Yards,3208,294,3264,691,1,0,,1,,,544
149614,RW27.28.26PII_E-245,30,Sq. Yards,3205,291,3252,681,1,0,,1,,,544
149846,PW21_718,30,Sq. Yards,3212,298,3276,683,1,0,,1,,,544
150257,RK21.2_E-526,30,Sq. Yards,3205,291,3252,686,1,0,,1,,,544
150757,JG23_1444,30,Sq. Yards,3194,280,3200,695,1,0,,1,,,544
150925,JG23_1977,30,Sq. Yards,3194,280,3200,695,1,0,,1,,,544
151611,PWAP_E-99,30,Sq. Yards,3212,298,3276,688,1,0,,1,,,544
152043,RW18.2-2804,30,Sq. Yards,3208,294,3264,692,1,0,,1,,,544
152947,JG23_1499,30,Sq. Yards,3194,280,3200,681,1,0,,1,,,544
152986,RW18.2-3373,30,Sq. Yards,3208,294,3264,698,1,0,,1,,,544
153115,JG23_1261,30,Sq. Yards,3194,280,3200,697,1,0,,1,,,544
154183,PWAP_E-49,30,Sq. Yards,3212,298,3276,696,1,0,,1,,,544
154583,RK21.2_E-131,30,Sq. Yards,3205,291,3252,684,1,0,,1,,,544
155680,PWAP_E-69,30,Sq. Yards,3212,298,3276,709,1,0,,1,,,544
155769,RW18.1_E-68,30,Sq. Yards,3208,294,3264,710,1,0,,1,,,544
156098,SD8_E-130,30,Sq. Yards,3200,286,3230,684,1,0,,1,,,544
156798,JG23_930,30,Sq. Yards,3194,280,3200,685,1,0,,1,,,544
157148,RW27.28.26PII_E-573,30,Sq. Yards,3205,291,3252,687,1,0,,1,,,544
157191,RW18.2-3517,30,Sq. Yards,3208,294,3264,681,1,0,,1,,,544
157759,JG22.2_E-499,30,Sq. Yards,3194,280,3200,681,1,0,,1,,,544
158077,RW18.2-2562,30,Sq. Yards,3208,294,3264,710,1,0,,1,,,544
158170,GO16_E-252,30,Sq. Yards,3199,285,3221,692,1,0,,1,,,544
158638,JR6_E-64,30,Sq. Yards,3206,292,3257,691,1,0,,1,,,544
159649,RW27.28.26PII_E-762,30,Sq. Yards,3205,291,3252,684,1,0,,1,,,544
160767,RW18.2-2411,30,Sq. Yards,3208,294,3264,707,1,0,,1,,,544
161510,JG23_1213,30,Sq. Yards,3194,280,3200,685,1,0,,1,,,544
162264,PJ28.1_E-79,30,Sq. Yards,3192,278,3193,683,1,0,,1,,,544
162346,RW18.2-2109,30,Sq. Yards,3208,294,3264,704,1,0,,1,,,544
148108,SSPIII20_E-423,30,Sq. Yards,3202,288,3238,700,1,0,,1,,,544
148301,MG9.10.3_E-246,30,Sq. Yards,3207,293,3259,683,1,0,,1,,,544
148469,RW18.2-2500,30,Sq. Yards,3208,294,3264,692,1,0,,1,,,544
148844,PJ28.3_E-82,30,Sq. Yards,3192,278,3193,683,1,0,,1,,,544
149330,PJ28.3_E-215,30,Sq. Yards,3192,278,3193,944,1,0,,1,,,544
149630,RW18.2-2994,30,Sq. Yards,3208,294,3264,683,1,0,,1,,,544
150630,JG23_1178,30,Sq. Yards,3194,280,3200,1051,1,0,,1,,,544
150716,JAJ_E-60,30,Sq. Yards,3200,286,3229,688,1,0,,1,,,544
151252,JG22.2_E-60,30,Sq. Yards,3194,280,3200,681,1,0,,1,,,544
151266,RW27.28.26PII_E-1361,30,Sq. Yards,3205,291,3252,685,1,0,,1,,,544
152845,RK5_E-32,30,Sq. Yards,3205,291,3252,701,1,0,,1,,,544
153231,RW18.1_E-97,30,Sq. Yards,3208,294,3264,704,1,0,,1,,,544
155167,JG23_1821,30,Sq. Yards,3194,280,3200,697,1,0,,1,,,544
156089,SSPIII20_E-497,30,Sq. Yards,3202,288,3238,863,1,0,,1,,,544
156964,SSPIII20_E-241,30,Sq. Yards,3202,288,3238,693,1,0,,1,,,544
157443,RK5_E-294,30,Sq. Yards,3205,291,3252,694,1,0,,1,,,544
157800,GO16_E-166,30,Sq. Yards,3199,285,3221,696,1,0,,1,,,544
157818,JAJ_E-47,30,Sq. Yards,3200,286,3229,691,1,0,,1,,,544
158736,JG23_672,30,Sq. Yards,3194,280,3200,689,1,0,,1,,,544
158922,RW27.28.26PII_E-773,30,Sq. Yards,3205,291,3252,690,1,0,,1,,,544
159558,FD9_E-108,30,Sq. Yards,3201,287,3233,701,1,0,,1,,,544
160733,PW21_325,30,Sq. Yards,3212,298,3276,684,1,0,,1,,,544
160744,JG23_1635,30,Sq. Yards,3194,280,3200,689,1,0,,1,,,544
160769,JR6_E-298,30,Sq. Yards,3206,292,3257,695,1,0,,1,,,544
160944,SD8_E-80,30,Sq. Yards,3200,286,3230,686,1,0,,1,,,544
161287,JG23_1005,30,Sq. Yards,3194,280,3200,692,1,0,,1,,,544
161705,RW18.2-2107,30,Sq. Yards,3208,294,3264,681,1,0,,1,,,544
161894,MG9.10.2_E-38,30,Sq. Yards,3207,293,3259,689,1,0,,1,,,544
162223,RW36A_E-48,30,Sq. Yards,3205,291,3252,687,1,0,,1,,,544
162566,RW18.2-2863,30,Sq. Yards,3208,294,3264,694,1,0,,1,,,544
148003,GO13.14_196,30,Sq. Yards,3199,285,3221,688,1,0,,1,,,544
148824,RW18.2-2120,30,Sq. Yards,3208,294,3264,706,1,0,,1,,,544
148873,JG23_1896,30,Sq. Yards,3194,280,3200,702,1,0,,1,,,544
149270,JG22.2_E-424,30,Sq. Yards,3194,280,3200,684,1,0,,1,,,544
149404,CD9_E-206,30,Sq. Yards,3213,299,3279,688,1,0,,1,,,544
149704,RW27.28.26PII_E-1646,30,Sq. Yards,3205,291,3252,684,1,0,,1,,,544
150165,PJ28.3_E-121,30,Sq. Yards,3192,278,3193,919,1,0,,1,,,544
151499,GO16_E-264,30,Sq. Yards,3199,285,3221,693,1,0,,1,,,544
151567,RW18.2-3161,30,Sq. Yards,3208,294,3264,681,1,0,,1,,,544
151708,PW21_818,30,Sq. Yards,3212,298,3276,688,1,0,,1,,,544
151801,RW27.28.26PII_E-1194,30,Sq. Yards,3205,291,3252,698,1,0,,1,,,544
152212,GO13.14_58,30,Sq. Yards,3199,285,3221,692,1,0,,1,,,544
152546,PWAP_E-370,30,Sq. Yards,3212,298,3276,700,1,0,,1,,,544
152603,JR6_E-253,30,Sq. Yards,3206,292,3257,696,1,0,,1,,,544
152639,RW18.2-2566,30,Sq. Yards,3208,294,3264,705,1,0,,1,,,544
154143,JG22.2_E-449,30,Sq. Yards,3194,280,3200,696,1,0,,1,,,544
154518,PW21_955,30,Sq. Yards,3212,298,3276,685,1,0,,1,,,544
154543,RW27.28.26PII_E-812,30,Sq. Yards,3205,291,3252,688,1,0,,1,,,544
155543,RK5_E-132,30,Sq. Yards,3205,291,3252,691,1,0,,1,,,544
155745,RW27.28.26PII_E-69,30,Sq. Yards,3205,291,3252,681,1,0,,1,,,544
157151,RW27.28.26PII_E-157,30,Sq. Yards,3205,291,3252,696,1,0,,1,,,544
157549,RW18.2-2819,30,Sq. Yards,3208,294,3264,698,1,0,,1,,,544
158294,RW18.2-3714,30,Sq. Yards,3208,294,3264,711,1,0,,1,,,544
158421,PWAP_E-401,30,Sq. Yards,3212,298,3276,706,1,0,,1,,,544
158496,RW27.28.26PII_E-1163,30,Sq. Yards,3205,291,3252,690,1,0,,1,,,544
158553,MG9.10.3_E-41,30,Sq. Yards,3207,293,3259,693,1,0,,1,,,544
158819,SSPIII20_E-482,30,Sq. Yards,3202,288,3238,705,1,0,,1,,,544
159187,CD9_E-342,30,Sq. Yards,3213,299,3279,695,1,0,,1,,,544
159498,RW27.28.26PII_E-1264,30,Sq. Yards,3205,291,3252,682,1,0,,1,,,544
160357,JG22.2_E-217,30,Sq. Yards,3194,280,3200,688,1,0,,1,,,544
160668,JG23_1392,30,Sq. Yards,3194,280,3200,686,1,0,,1,,,544
161336,PW21_113,30,Sq. Yards,3212,298,3276,704,1,0,,1,,,544
147745,JG23_1314,30,Sq. Yards,3194,280,3200,682,1,0,,1,,,544
147860,JG23_422,30,Sq. Yards,3194,280,3200,702,1,0,,1,,,544
148964,RW18.2-3679,30,Sq. Yards,3208,294,3264,685,1,0,,1,,,544
149567,PW21_691,30,Sq. Yards,3212,298,3276,703,1,0,,1,,,544
150203,JG23_1171,30,Sq. Yards,3194,280,3200,686,1,0,,1,,,544
150604,CD9_E-80,30,Sq. Yards,3213,299,3279,692,1,0,,1,,,544
151372,JG24.2_E-18,30,Sq. Yards,3194,280,3200,1047,1,0,,1,,,544
151472,RW18.1_E-104,30,Sq. Yards,3208,294,3264,683,1,0,,1,,,544
151522,JG23_1627,30,Sq. Yards,3194,280,3200,697,1,0,,1,,,544
152290,PW21_1056,30,Sq. Yards,3212,298,3276,921,1,0,,1,,,544
152390,MG9.10.3_E-214,30,Sq. Yards,3207,293,3259,694,1,0,,1,,,544
152840,RK21.2_E-440,30,Sq. Yards,3205,291,3252,685,1,0,,1,,,544
153043,SD8_E-180,30,Sq. Yards,3200,286,3230,697,1,0,,1,,,544
154880,GO16_E-156,30,Sq. Yards,3199,285,3221,690,1,0,,1,,,544
155298,JG23_656,30,Sq. Yards,3194,280,3200,692,1,0,,1,,,544
155615,RW27.28.26PII_E-882,30,Sq. Yards,3205,291,3252,687,1,0,,1,,,544
156534,PJ28.2_E-3,30,Sq. Yards,3192,278,3193,935,1,0,,1,,,544
156988,SSPIII20_E-436,30,Sq. Yards,3202,288,3238,705,1,0,,1,,,544
157756,JG24.1_E-3,30,Sq. Yards,3194,280,3200,696,1,0,,1,,,544
159845,RW18.2-3211,30,Sq. Yards,3208,294,3264,708,1,0,,1,,,544
160077,SSPIII20_E-608,30,Sq. Yards,3202,288,3238,701,1,0,,1,,,544
160832,JR6_E-469,30,Sq. Yards,3206,292,3257,696,1,0,,1,,,544
161049,KN32_334,30,Sq. Yards,3197,283,3215,685,1,0,,1,,,544
161550,PJ28.1_E-151,30,Sq. Yards,3192,278,3193,946,1,0,,1,,,544
162035,SSPIII20_E-375,30,Sq. Yards,3202,288,3238,711,1,0,,1,,,544
147686,RW18.2-3356,30,Sq. Yards,3208,294,3264,687,1,0,,1,,,544
148403,SSPIII20_E-23,30,Sq. Yards,3202,288,3238,683,1,0,,1,,,544
148607,PW21_554,30,Sq. Yards,3212,298,3276,682,1,0,,1,,,544
148773,PJ28.1_E-20,30,Sq. Yards,3192,278,3193,703,1,0,,1,,,544
148839,PWAP_E-178,30,Sq. Yards,3212,298,3276,685,1,0,,1,,,544
149526,JG23_638,30,Sq. Yards,3194,280,3200,681,1,0,,1,,,544
149607,RW18.2-2113,30,Sq. Yards,3208,294,3264,685,1,0,,1,,,544
149726,RW36A_E-66,30,Sq. Yards,3205,291,3252,702,1,0,,1,,,544
150275,JG23_958,30,Sq. Yards,3194,280,3200,698,1,0,,1,,,544
150845,MG9.10.3_E-299,30,Sq. Yards,3207,293,3259,690,1,0,,1,,,544
147805,RW27.28.26PII_E-388,30,Sq. Yards,3205,291,3252,684,1,0,,1,,,544
148488,JG23_459,30,Sq. Yards,3194,280,3200,691,1,0,,1,,,544
148707,PW21_507,30,Sq. Yards,3212,298,3276,710,1,0,,1,,,544
150009,RW19.1_E-14,30,Sq. Yards,3208,294,3264,697,1,0,,1,,,544
150041,RW27.28.26PII_E-1114,30,Sq. Yards,3205,291,3252,688,1,0,,1,,,544
150728,PW21_253,30,Sq. Yards,3212,298,3276,704,1,0,,1,,,544
151028,PW21_35,30,Sq. Yards,3212,298,3276,696,1,0,,1,,,544
152130,PW21_335,30,Sq. Yards,3212,298,3276,707,1,0,,1,,,544
152666,JG22.2_E-498,30,Sq. Yards,3194,280,3200,1051,1,0,,1,,,544
153100,KN9.32_E-152,30,Sq. Yards,3197,283,3215,683,1,0,,1,,,544
153419,PWAP_E-450,30,Sq. Yards,3212,298,3276,706,1,0,,1,,,544
153451,JG23_1933,30,Sq. Yards,3194,280,3200,702,1,0,,1,,,544
154540,MG9.10.3_E-353,30,Sq. Yards,3207,293,3259,693,1,0,,1,,,544
154606,RW18.2-2049,30,Sq. Yards,3208,294,3264,682,1,0,,1,,,544
154755,GO16_E-157,30,Sq. Yards,3199,285,3221,699,1,0,,1,,,544
154921,SD8_E-236,30,Sq. Yards,3200,286,3230,684,1,0,,1,,,544
154940,JG23_872,30,Sq. Yards,3194,280,3200,683,1,0,,1,,,544
155157,JR9PII_E-98,30,Sq. Yards,3206,292,3257,693,1,0,,1,,,544
155810,PW21_452,30,Sq. Yards,3212,298,3276,695,1,0,,1,,,544
156074,RW27.28.26PII_E-1419,30,Sq. Yards,3205,291,3252,684,1,0,,1,,,544
157665,JG23_647,30,Sq. Yards,3194,280,3200,685,1,0,,1,,,544
157799,RK21.2_E-104,30,Sq. Yards,3205,291,3252,683,1,0,,1,,,544
160539,GO16_E-115,30,Sq. Yards,3199,285,3221,702,1,0,,1,,,544
160822,CD1B_E-91,30,Sq. Yards,3213,299,3279,684,1,0,,1,,,544
161490,PWAP_E-259,30,Sq. Yards,3212,298,3276,682,1,0,,1,,,544
162260,KN9.32_E-66,30,Sq. Yards,3197,283,3215,975,1,0,,1,,,544
156121,JR9PII_E-163,30,Sq. Yards,3206,292,3257,685,1,0,,1,,,544
156153,JG22.2_E-501,30,Sq. Yards,3194,280,3200,1015,1,0,,1,,,544
157507,JR9PII_E-48,30,Sq. Yards,3206,292,3257,687,1,0,,1,,,544
157718,RW27.28.26PII_E-1376,30,Sq. Yards,3205,291,3252,692,1,0,,1,,,544
158354,RW18.2-2717,30,Sq. Yards,3208,294,3264,698,1,0,,1,,,544
158597,JR6_E-68,30,Sq. Yards,3206,292,3257,694,1,0,,1,,,544
158636,PJ28.3_E-22,30,Sq. Yards,3192,278,3193,944,1,0,,1,,,544
158954,RW18.2-2261,30,Sq. Yards,3208,294,3264,697,1,0,,1,,,544
159515,RW27.28.26PII_E-1462,30,Sq. Yards,3205,291,3252,683,1,0,,1,,,544
159772,RW18.2-3207,30,Sq. Yards,3208,294,3264,692,1,0,,1,,,544
159890,RW18.2-3742,30,Sq. Yards,3208,294,3264,711,1,0,,1,,,544
159908,JG22.2_E-650,30,Sq. Yards,3194,280,3200,695,1,0,,1,,,544
160140,JG23_1504,30,Sq. Yards,3194,280,3200,696,1,0,,1,,,544
160476,PJ28.2_E-79,30,Sq. Yards,3192,278,3193,689,1,0,,1,,,544
160808,PWAP_E-233,30,Sq. Yards,3212,298,3276,709,1,0,,1,,,544
161512,RK5_E-191,30,Sq. Yards,3205,291,3252,683,1,0,,1,,,544
162087,KN32_29,30,Sq. Yards,3197,283,3215,696,1,0,,1,,,544
162555,RW27.28.26PII_E-415,30,Sq. Yards,3205,291,3252,683,1,0,,1,,,544
147809,RK21.2_E-72,30,Sq. Yards,3205,291,3252,700,1,0,,1,,,544
149647,GO13.14_127,30,Sq. Yards,3199,285,3221,695,1,0,,1,,,544
150122,PWAP_E-220,30,Sq. Yards,3212,298,3276,685,1,0,,1,,,544
150188,PW21_679,30,Sq. Yards,3212,298,3276,702,1,0,,1,,,544
150247,JG23_424,30,Sq. Yards,3194,280,3200,685,1,0,,1,,,544
150558,JG23_1388,30,Sq. Yards,3194,280,3200,711,1,0,,1,,,544
150724,MG9.10.3_E-219,30,Sq. Yards,3207,293,3259,692,1,0,,1,,,544
150817,JG24.2_E-94,30,Sq. Yards,3194,280,3200,681,1,0,,1,,,544
150922,RW18.2-2230,30,Sq. Yards,3208,294,3264,707,1,0,,1,,,544
150981,RW27.28.26PII_E-1426,30,Sq. Yards,3205,291,3252,686,1,0,,1,,,544
152730,RW18.2-2357,30,Sq. Yards,3208,294,3264,684,1,0,,1,,,544
152928,JG24.2_E-129,30,Sq. Yards,3194,280,3200,692,1,0,,1,,,544
153232,RK21.2_E-143,30,Sq. Yards,3205,291,3252,702,1,0,,1,,,544
154023,CD9_E-428,30,Sq. Yards,3213,299,3279,685,1,0,,1,,,544
154532,KN32_155,30,Sq. Yards,3197,283,3215,693,1,0,,1,,,544
154836,JG22.2_E-659,30,Sq. Yards,3194,280,3200,681,1,0,,1,,,544
155227,RW27.28.26PII_E-609,30,Sq. Yards,3205,291,3252,683,1,0,,1,,,544
155229,PWAP_E-273,30,Sq. Yards,3212,298,3276,685,1,0,,1,,,544
156270,RW27.28.26PII_E-64,30,Sq. Yards,3205,291,3252,702,1,0,,1,,,544
156399,JG23_2209,30,Sq. Yards,3194,280,3200,685,1,0,,1,,,544
156665,GO16_E-113,30,Sq. Yards,3199,285,3221,697,1,0,,1,,,544
157131,SSPIII20_E-296,30,Sq. Yards,3202,288,3238,701,1,0,,1,,,544
157310,SSPIII20_E-88,30,Sq. Yards,3202,288,3238,690,1,0,,1,,,544
157778,RW27.28.26PII_E-1638,30,Sq. Yards,3205,291,3252,690,1,0,,1,,,544
158480,JG22.1_E-128,30,Sq. Yards,3194,280,3200,690,1,0,,1,,,544
159080,JG23_1802,30,Sq. Yards,3194,280,3200,694,1,0,,1,,,544
160841,JG23_2009,30,Sq. Yards,3194,280,3200,695,1,0,,1,,,544
161379,JG23_1359,30,Sq. Yards,3194,280,3200,693,1,0,,1,,,544
161911,RW18.2-2067,30,Sq. Yards,3208,294,3264,698,1,0,,1,,,544
162488,RW27.28.26PII_E-218,30,Sq. Yards,3205,291,3252,686,1,0,,1,,,544
147797,GO13.14_203,30,Sq. Yards,3199,285,3221,684,1,0,,1,,,544
148226,JG23_1775,30,Sq. Yards,3194,280,3200,701,1,0,,1,,,544
148376,RK21.2_E-343,30,Sq. Yards,3205,291,3252,683,1,0,,1,,,544
148401,PWAP_E-221,30,Sq. Yards,3212,298,3276,708,1,0,,1,,,544
148683,KN32_173,30,Sq. Yards,3197,283,3215,705,1,0,,1,,,544
150505,JG23_825,30,Sq. Yards,3194,280,3200,701,1,0,,1,,,544
150848,JAJ_E-28,30,Sq. Yards,3200,286,3229,683,1,0,,1,,,544
151234,JG22.2_E-757,30,Sq. Yards,3194,280,3200,694,1,0,,1,,,544
152002,RW18.2-2967,30,Sq. Yards,3208,294,3264,691,1,0,,1,,,544
152395,PJ28.2_E-87,30,Sq. Yards,3192,278,3193,919,1,0,,1,,,544
153674,RW18.2-3540,30,Sq. Yards,3208,294,3264,697,1,0,,1,,,544
154024,RW27.28.26PII_E-1454,30,Sq. Yards,3205,291,3252,702,1,0,,1,,,544
154524,GO16_E-8,30,Sq. Yards,3199,285,3221,693,1,0,,1,,,544
155496,RW18.2-2030,30,Sq. Yards,3208,294,3264,689,1,0,,1,,,544
156289,JG23_2278,30,Sq. Yards,3194,280,3200,685,1,0,,1,,,544
156396,GO16_E-237,30,Sq. Yards,3199,285,3221,700,1,0,,1,,,544
161301,JG23_296,30,Sq. Yards,3194,280,3200,683,1,0,,1,,,544
161562,RW18.2-3820,30,Sq. Yards,3208,294,3264,695,1,0,,1,,,544
161680,KN9.32_E-15,30,Sq. Yards,3197,283,3215,681,1,0,,1,,,544
161812,JG23_1713,30,Sq. Yards,3194,280,3200,687,1,0,,1,,,544
161880,GO13.14_57,30,Sq. Yards,3199,285,3221,699,1,0,,1,,,544
147982,RW18.2-3145,30,Sq. Yards,3208,294,3264,699,1,0,,1,,,544
148584,PJ28.2_E-90,30,Sq. Yards,3192,278,3193,1028,1,0,,1,,,544
149722,JG23_2183,30,Sq. Yards,3194,280,3200,697,1,0,,1,,,544
152362,RW18.2-3482,30,Sq. Yards,3208,294,3264,695,1,0,,1,,,544
152562,RW18.2-2353,30,Sq. Yards,3208,294,3264,689,1,0,,1,,,544
153698,RW36A_E-225,30,Sq. Yards,3205,291,3252,690,1,0,,1,,,544
154057,JG24.2_E-140,30,Sq. Yards,3194,280,3200,690,1,0,,1,,,544
154334,RW27.28.26PII_E-73,30,Sq. Yards,3205,291,3252,688,1,0,,1,,,544
155629,JG23_1861,30,Sq. Yards,3194,280,3200,683,1,0,,1,,,544
155695,JG24.1_E-4,30,Sq. Yards,3194,280,3200,685,1,0,,1,,,544
155795,RW27.28.26PII_E-1083,30,Sq. Yards,3205,291,3252,687,1,0,,1,,,544
156006,KN32_310,30,Sq. Yards,3197,283,3215,975,1,0,,1,,,544
156165,RW18.2-3650,30,Sq. Yards,3208,294,3264,697,1,0,,1,,,544
156229,GO16_E-13,30,Sq. Yards,3199,285,3221,690,1,0,,1,,,544
156274,RK5_E-211,30,Sq. Yards,3205,291,3252,681,1,0,,1,,,544
156463,RK21.2_E-172,30,Sq. Yards,3205,291,3252,690,1,0,,1,,,544
156606,JG23_1365,30,Sq. Yards,3194,280,3200,701,1,0,,1,,,544
157076,RW27.28.26PII_E-627,30,Sq. Yards,3205,291,3252,699,1,0,,1,,,544
158137,MG9.10.3_E-273,30,Sq. Yards,3207,293,3259,681,1,0,,1,,,544
159984,JR6_E-457,30,Sq. Yards,3206,292,3257,691,1,0,,1,,,544
160650,JR6_E-172,30,Sq. Yards,3206,292,3257,682,1,0,,1,,,544
161452,KN32_321,30,Sq. Yards,3197,283,3215,695,1,0,,1,,,544
161813,PWAP_E-225,30,Sq. Yards,3212,298,3276,689,1,0,,1,,,544
148089,JG23_391,30,Sq. Yards,3194,280,3200,686,1,0,,1,,,544
148102,PWAP_E-210,30,Sq. Yards,3212,298,3276,696,1,0,,1,,,544
148355,RW18.2-2012,30,Sq. Yards,3208,294,3264,683,1,0,,1,,,544
148453,RW19.1_E-53,30,Sq. Yards,3208,294,3264,699,1,0,,1,,,544
150110,PWAP_E-387,30,Sq. Yards,3212,298,3276,699,1,0,,1,,,544
150542,RW27.28.26PII_E-750,30,Sq. Yards,3205,291,3252,683,1,0,,1,,,544
152097,SSPIII20_E-246,30,Sq. Yards,3202,288,3238,697,1,0,,1,,,544
153935,RW18.2-2471,30,Sq. Yards,3208,294,3264,711,1,0,,1,,,544
154788,RW19.2_E-77,30,Sq. Yards,3208,294,3264,704,1,0,,1,,,544
155539,JG23_1415,30,Sq. Yards,3194,280,3200,1019,1,0,,1,,,544
156060,CD9_E-96,30,Sq. Yards,3213,299,3279,697,1,0,,1,,,544
156141,RW18.2-2723,30,Sq. Yards,3208,294,3264,684,1,0,,1,,,544
156594,RK21.2_E-443,30,Sq. Yards,3205,291,3252,690,1,0,,1,,,544
156945,PJ28.3_E-35,30,Sq. Yards,3192,278,3193,935,1,0,,1,,,544
157696,MG9.10.2_E-8,30,Sq. Yards,3207,293,3259,686,1,0,,1,,,544
157862,RW27.28.26PII_E-334,30,Sq. Yards,3205,291,3252,694,1,0,,1,,,544
158249,GO13.14_170,30,Sq. Yards,3199,285,3221,695,1,0,,1,,,544
159085,RW27.28.26PII_E-1016,30,Sq. Yards,3205,291,3252,682,1,0,,1,,,544
159132,CD9_E-322,30,Sq. Yards,3213,299,3279,681,1,0,,1,,,544
159383,RW27.28.26PII_E-694,30,Sq. Yards,3205,291,3252,686,1,0,,1,,,544
159936,JG23_1188,30,Sq. Yards,3194,280,3200,681,1,0,,1,,,544
160372,SD8_E-8,30,Sq. Yards,3200,286,3230,684,1,0,,1,,,544
160453,SD8_E-131,30,Sq. Yards,3200,286,3230,696,1,0,,1,,,544
160821,PWAP_E-345,30,Sq. Yards,3212,298,3276,694,1,0,,1,,,544
161557,JAJ_E-123,30,Sq. Yards,3200,286,3229,682,1,0,,1,,,544
162093,RW18.2-2985,30,Sq. Yards,3208,294,3264,692,1,0,,1,,,544
162408,RW18.2-3464,30,Sq. Yards,3208,294,3264,687,1,0,,1,,,544
147740,RW18.2-2534,30,Sq. Yards,3208,294,3264,695,1,0,,1,,,544
149305,RK5_E-345,30,Sq. Yards,3205,291,3252,683,1,0,,1,,,544
150287,CD1B_E-18,30,Sq. Yards,3213,299,3279,686,1,0,,1,,,544
151023,KN9.32_E-136,30,Sq. Yards,3197,283,3215,975,1,0,,1,,,544
151416,RW27.28.26PII_E-1236,30,Sq. Yards,3205,291,3252,698,1,0,,1,,,544
152988,RW18.2-2406,30,Sq. Yards,3208,294,3264,684,1,0,,1,,,544
153245,GO13.14_92,30,Sq. Yards,3199,285,3221,684,1,0,,1,,,544
153388,RW18.2-2602,30,Sq. Yards,3208,294,3264,683,1,0,,1,,,544
155060,RK5_E-155,30,Sq. Yards,3205,291,3252,700,1,0,,1,,,544
155160,RW36A_E-134,30,Sq. Yards,3205,291,3252,686,1,0,,1,,,544
156164,RW19.1_E-16,30,Sq. Yards,3208,294,3264,689,1,0,,1,,,544
156257,RW27.28.26PII_E-192,30,Sq. Yards,3205,291,3252,690,1,0,,1,,,544
156650,RW18.2-2922,30,Sq. Yards,3208,294,3264,711,1,0,,1,,,544
157825,RW27.28.26PII_E-1708,30,Sq. Yards,3205,291,3252,681,1,0,,1,,,544
158079,PWAP_E-255,30,Sq. Yards,3212,298,3276,689,1,0,,1,,,544
158454,JG24.2_E-105,30,Sq. Yards,3194,280,3200,702,1,0,,1,,,544
159565,FD9_E-17,30,Sq. Yards,3201,287,3233,992,1,0,,1,,,544
159790,RW27.28.26PII_E-61,30,Sq. Yards,3205,291,3252,683,1,0,,1,,,544
160576,RW27.28.26PII_E-907,30,Sq. Yards,3205,291,3252,686,1,0,,1,,,544
160819,JR6_E-478,30,Sq. Yards,3206,292,3257,683,1,0,,1,,,544
160876,KN32_228,30,Sq. Yards,3197,283,3215,693,1,0,,1,,,544
161437,SSPIII20_E-303,30,Sq. Yards,3202,288,3238,684,1,0,,1,,,544
161905,GO16_E-329,30,Sq. Yards,3199,285,3221,699,1,0,,1,,,544
147728,RW18.2-2054,30,Sq. Yards,3208,294,3264,697,1,0,,1,,,544
149699,PJ28.1_E-40,30,Sq. Yards,3192,278,3193,689,1,0,,1,,,544
150467,GO16_E-229,30,Sq. Yards,3199,285,3221,699,1,0,,1,,,544
150771,RK21.2_E-491,30,Sq. Yards,3205,291,3252,683,1,0,,1,,,544
151089,JG23_389,30,Sq. Yards,3194,280,3200,703,1,0,,1,,,544
151221,PJ28.2_E-66,30,Sq. Yards,3192,278,3193,935,1,0,,1,,,544
152172,SD8_E-174,30,Sq. Yards,3200,286,3230,689,1,0,,1,,,544
153729,PJ28.3_E-93,30,Sq. Yards,3192,278,3193,935,1,0,,1,,,544
153829,RW18.2-2026,30,Sq. Yards,3208,294,3264,702,1,0,,1,,,544
153926,RK21.2_E-532,30,Sq. Yards,3205,291,3252,700,1,0,,1,,,544
153962,JG24.1_E-17,30,Sq. Yards,3194,280,3200,702,1,0,,1,,,544
154330,MG9.10.3_E-364,30,Sq. Yards,3207,293,3259,693,1,0,,1,,,544
154397,RW27.28.26PII_E-630,30,Sq. Yards,3205,291,3252,701,1,0,,1,,,544
155015,JAJ_E-120,30,Sq. Yards,3200,286,3229,692,1,0,,1,,,544
155047,RW18.2-3217,30,Sq. Yards,3208,294,3264,695,1,0,,1,,,544
155347,RW27.28.26PII_E-564,30,Sq. Yards,3205,291,3252,690,1,0,,1,,,544
156019,JG24.2_E-147,30,Sq. Yards,3194,280,3200,693,1,0,,1,,,544
156701,RW18.2-3063,30,Sq. Yards,3208,294,3264,685,1,0,,1,,,544
157306,PW21_227,30,Sq. Yards,3212,298,3276,706,1,0,,1,,,544
157873,PW21_432,30,Sq. Yards,3212,298,3276,681,1,0,,1,,,544
158138,RW18.1_E-54,30,Sq. Yards,3208,294,3264,705,1,0,,1,,,544
158792,GO16_E-289,30,Sq. Yards,3199,285,3221,692,1,0,,1,,,544
160782,RK5_E-76,30,Sq. Yards,3205,291,3252,700,1,0,,1,,,544
161231,PW21_292,30,Sq. Yards,3212,298,3276,683,1,0,,1,,,544
161718,RW18.2-3675,30,Sq. Yards,3208,294,3264,683,1,0,,1,,,544
147576,PW21_112,30,Sq. Yards,3212,298,3276,685,1,0,,1,,,544
147844,RK5_E-50,30,Sq. Yards,3205,291,3252,684,1,0,,1,,,544
148397,JR6_E-149,30,Sq. Yards,3206,292,3257,687,1,0,,1,,,544
148547,RW27.28.26PII_E-1332,30,Sq. Yards,3205,291,3252,701,1,0,,1,,,544
148565,CD9_E-53,30,Sq. Yards,3213,299,3279,684,1,0,,1,,,544
149466,SSPIII20_E-718,30,Sq. Yards,3202,288,3238,694,1,0,,1,,,544
149651,PWAP_E-63,30,Sq. Yards,3212,298,3276,709,1,0,,1,,,544
149869,JG22.1_E-93,30,Sq. Yards,3194,280,3200,696,1,0,,1,,,544
150569,JG23_784,30,Sq. Yards,3194,280,3200,683,1,0,,1,,,544
151973,PJ28.3_E-147,30,Sq. Yards,3192,278,3193,929,1,0,,1,,,544
152141,RW18.1_E-100,30,Sq. Yards,3208,294,3264,704,1,0,,1,,,544
152224,RW18.2-3668,30,Sq. Yards,3208,294,3264,708,1,0,,1,,,544
152942,KN32_185,30,Sq. Yards,3197,283,3215,698,1,0,,1,,,544
153178,SSPIII20_E-422,30,Sq. Yards,3202,288,3238,706,1,0,,1,,,544
153259,RW27.28.26PII_E-366,30,Sq. Yards,3205,291,3252,691,1,0,,1,,,544
155163,RW18.2-3084,30,Sq. Yards,3208,294,3264,709,1,0,,1,,,544
155767,MG9.10.2_E-40,30,Sq. Yards,3207,293,3259,693,1,0,,1,,,544
157085,PJ28.1_E-116,30,Sq. Yards,3192,278,3193,700,1,0,,1,,,544
157639,JG23_1812,30,Sq. Yards,3194,280,3200,686,1,0,,1,,,544
159343,RW18.2-3282,30,Sq. Yards,3208,294,3264,705,1,0,,1,,,544
159361,RW27.28.26PII_E-74,30,Sq. Yards,3205,291,3252,695,1,0,,1,,,544
159693,JR6_E-96,30,Sq. Yards,3206,292,3257,685,1,0,,1,,,544
159943,RW27.28.26PII_E-227,30,Sq. Yards,3205,291,3252,693,1,0,,1,,,544
160662,SD8_E-48,30,Sq. Yards,3200,286,3230,687,1,0,,1,,,544
161183,JG22.2_E-48,30,Sq. Yards,3194,280,3200,1053,1,0,,1,,,544
162033,RW18.2-3672,30,Sq. Yards,3208,294,3264,705,1,0,,1,,,544
152112,CD9_E-333,30,Sq. Yards,3213,299,3279,681,1,0,,1,,,544
153271,RW18.2-2491,30,Sq. Yards,3208,294,3264,708,1,0,,1,,,544
156190,JG23_2294,30,Sq. Yards,3194,280,3200,702,1,0,,1,,,544
156424,JG22.1_E-66,30,Sq. Yards,3194,280,3200,691,1,0,,1,,,544
156456,JR9PII_E-152,30,Sq. Yards,3206,292,3257,682,1,0,,1,,,544
157058,MG9.10.3_E-78,30,Sq. Yards,3207,293,3259,684,1,0,,1,,,544
157853,JG22.2_E-768,30,Sq. Yards,3194,280,3200,690,1,0,,1,,,544
158085,CD9_E-508,30,Sq. Yards,3213,299,3279,692,1,0,,1,,,544
159532,MG9.10.3_E-71,30,Sq. Yards,3207,293,3259,693,1,0,,1,,,544
160157,PWAP_E-194,30,Sq. Yards,3212,298,3276,687,1,0,,1,,,544
160768,JR6_E-249,30,Sq. Yards,3206,292,3257,686,1,0,,1,,,544
161000,RW18.2-3291,30,Sq. Yards,3208,294,3264,687,1,0,,1,,,544
161095,RW18.1_E-55,30,Sq. Yards,3208,294,3264,692,1,0,,1,,,544
161404,JG23_1190,30,Sq. Yards,3194,280,3200,701,1,0,,1,,,544
161863,RW36A_E-115,30,Sq. Yards,3205,291,3252,681,1,0,,1,,,544
162140,SSPIII20_E-207,30,Sq. Yards,3202,288,3238,701,1,0,,1,,,544
162295,JG22.2_E-367,30,Sq. Yards,3194,280,3200,685,1,0,,1,,,544
162604,RW18.2-2933,30,Sq. Yards,3208,294,3264,693,1,0,,1,,,544
162608,PJ28.3_E-28,30,Sq. Yards,3192,278,3193,684,1,0,,1,,,544
162665,RW18.2-2341,30,Sq. Yards,3208,294,3264,704,1,0,,1,,,544
147874,SSPIII20_E-327,30,Sq. Yards,3202,288,3238,698,1,0,,1,,,544
148110,RW27.28.26PII_E-1111,30,Sq. Yards,3205,291,3252,697,1,0,,1,,,544
148978,RK21.2_E-308,30,Sq. Yards,3205,291,3252,700,1,0,,1,,,544
149321,PJ28.3_E-131,30,Sq. Yards,3192,278,3193,1008,1,0,,1,,,544
150239,JR9PII_E-84,30,Sq. Yards,3206,292,3257,696,1,0,,1,,,544
150314,JG22.1_E-106,30,Sq. Yards,3194,280,3200,682,1,0,,1,,,544
150521,RW27.28.26PII_E-962,30,Sq. Yards,3205,291,3252,683,1,0,,1,,,544
150982,RW18.2-2274,30,Sq. Yards,3208,294,3264,685,1,0,,1,,,544
152268,SSPIII20_E-627,30,Sq. Yards,3202,288,3238,706,1,0,,1,,,544
153040,RW18.2-3108,30,Sq. Yards,3208,294,3264,681,1,0,,1,,,544
153808,JR6_E-58,30,Sq. Yards,3206,292,3257,682,1,0,,1,,,544
153951,RW27.28.26PII_E-150,30,Sq. Yards,3205,291,3252,692,1,0,,1,,,544
156405,RW18.2-3184,30,Sq. Yards,3208,294,3264,689,1,0,,1,,,544
156880,RW27.28.26PII_E-1434,30,Sq. Yards,3205,291,3252,700,1,0,,1,,,544
157109,RW27.28.26PII_E-4,30,Sq. Yards,3205,291,3252,684,1,0,,1,,,544
157248,CD9_E-68,30,Sq. Yards,3213,299,3279,682,1,0,,1,,,544
157502,JR9PII_E-19,30,Sq. Yards,3206,292,3257,682,1,0,,1,,,544
158463,RW18.2-3064,30,Sq. Yards,3208,294,3264,697,1,0,,1,,,544
158702,GO13.14_86,30,Sq. Yards,3199,285,3221,686,1,0,,1,,,544
159131,MG9.10.3_E-325,30,Sq. Yards,3207,293,3259,689,1,0,,1,,,544
159231,RW18.2-3006,30,Sq. Yards,3208,294,3264,681,1,0,,1,,,544
160535,PJ28.1_E-156,30,Sq. Yards,3192,278,3193,944,1,0,,1,,,544
160735,JG22.2_E-450,30,Sq. Yards,3194,280,3200,682,1,0,,1,,,544
160878,KN32_110,30,Sq. Yards,3197,283,3215,684,1,0,,1,,,544
161103,GO16_E-84,30,Sq. Yards,3199,285,3221,695,1,0,,1,,,544
161360,RW27.28.26PII_E-1431,30,Sq. Yards,3205,291,3252,683,1,0,,1,,,544
161864,GO13.14_20,30,Sq. Yards,3199,285,3221,696,1,0,,1,,,544
161921,JG23_950,30,Sq. Yards,3194,280,3200,682,1,0,,1,,,544
162446,JG22.2_E-652,30,Sq. Yards,3194,280,3200,690,1,0,,1,,,544
148121,RW18.2-2044,30,Sq. Yards,3208,294,3264,686,1,0,,1,,,544
148238,RW27.28.26PII_E-920,30,Sq. Yards,3205,291,3252,686,1,0,,1,,,544
148253,SSPIII20_E-563,30,Sq. Yards,3202,288,3238,690,1,0,,1,,,544
148338,JG22.2_E-519,30,Sq. Yards,3194,280,3200,683,1,0,,1,,,544
149038,RW27.28.26PII_E-138,30,Sq. Yards,3205,291,3252,700,1,0,,1,,,544
150125,GO16_E-103,30,Sq. Yards,3199,285,3221,703,1,0,,1,,,544
150210,RW19.1_E-130,30,Sq. Yards,3208,294,3264,685,1,0,,1,,,544
152063,PW21_1002,30,Sq. Yards,3212,298,3276,702,1,0,,1,,,544
152163,PJ28.1_E-76,30,Sq. Yards,3192,278,3193,962,1,0,,1,,,544
152416,CD9_E-183,30,Sq. Yards,3213,299,3279,692,1,0,,1,,,544
153786,PW21_651,30,Sq. Yards,3212,298,3276,691,1,0,,1,,,544
153871,RW27.28.26PII_E-1375,30,Sq. Yards,3205,291,3252,684,1,0,,1,,,544
154303,PW21_53,30,Sq. Yards,3212,298,3276,691,1,0,,1,,,544
154356,RK21.2_E-165,30,Sq. Yards,3205,291,3252,702,1,0,,1,,,544
154720,MG9.10.3_E-177,30,Sq. Yards,3207,293,3259,693,1,0,,1,,,544
159638,JG23_1734,30,Sq. Yards,3194,280,3200,689,1,0,,1,,,544
160167,RW36A_E-200,30,Sq. Yards,3205,291,3252,690,1,0,,1,,,544
162271,RK5_E-332,30,Sq. Yards,3205,291,3252,693,1,0,,1,,,544
147485,JAJ_E-44,30,Sq. Yards,3200,286,3229,682,1,0,,1,,,544
147568,GO13.14_188,30,Sq. Yards,3199,285,3221,691,1,0,,1,,,544
147919,JG23_1174,30,Sq. Yards,3194,280,3200,709,1,0,,1,,,544
148255,SSPIII20_E-478,30,Sq. Yards,3202,288,3238,689,1,0,,1,,,544
148506,RW27.28.26PII_E-468,30,Sq. Yards,3205,291,3252,702,1,0,,1,,,544
149372,PJ28.3_E-119,30,Sq. Yards,3192,278,3193,681,1,0,,1,,,544
151380,RW27.28.26PII_E-1234,30,Sq. Yards,3205,291,3252,687,1,0,,1,,,544
151414,RW18.2-2979,30,Sq. Yards,3208,294,3264,683,1,0,,1,,,544
151780,RW27.28.26PII_E-1147,30,Sq. Yards,3205,291,3252,682,1,0,,1,,,544
152350,CD1B_E-86,30,Sq. Yards,3213,299,3279,685,1,0,,1,,,544
152682,PW21_1033,30,Sq. Yards,3212,298,3276,697,1,0,,1,,,544
153101,RW18.2-2802,30,Sq. Yards,3208,294,3264,698,1,0,,1,,,544
153703,JR6_E-371,30,Sq. Yards,3206,292,3257,684,1,0,,1,,,544
153752,RK21.2_E-45,30,Sq. Yards,3205,291,3252,686,1,0,,1,,,544
154322,JG23_411,30,Sq. Yards,3194,280,3200,684,1,0,,1,,,544
155526,JG23_1146,30,Sq. Yards,3194,280,3200,684,1,0,,1,,,544
155724,SSPIII20_E-377,30,Sq. Yards,3202,288,3238,702,1,0,,1,,,544
155792,JR9PII_E-205,30,Sq. Yards,3206,292,3257,690,1,0,,1,,,544
157079,RW27.28.26PII_E-508,30,Sq. Yards,3205,291,3252,701,1,0,,1,,,544
157211,RW18.2-2201,30,Sq. Yards,3208,294,3264,698,1,0,,1,,,544
157528,JG23_1639,30,Sq. Yards,3194,280,3200,685,1,0,,1,,,544
157547,PW21_1043,30,Sq. Yards,3212,298,3276,696,1,0,,1,,,544
157947,JG22.1_E-18,30,Sq. Yards,3194,280,3200,691,1,0,,1,,,544
159534,RW19.2_E-35,30,Sq. Yards,3208,294,3264,710,1,0,,1,,,544
159619,JG23_1472,30,Sq. Yards,3194,280,3200,682,1,0,,1,,,544
160957,PWAP_E-395,30,Sq. Yards,3212,298,3276,707,1,0,,1,,,544
161976,SSPIII20_E-11,30,Sq. Yards,3202,288,3238,707,1,0,,1,,,544
162259,JR9PII_E-303,30,Sq. Yards,3206,292,3257,682,1,0,,1,,,544
147967,RW18.2-2733,30,Sq. Yards,3208,294,3264,704,1,0,,1,,,544
148031,RW18.2-3794,30,Sq. Yards,3208,294,3264,681,1,0,,1,,,544
148167,RW18.2-2290,30,Sq. Yards,3208,294,3264,711,1,0,,1,,,544
148617,JG23_1325,30,Sq. Yards,3194,280,3200,1011,1,0,,1,,,544
149589,RW18.2-3180,30,Sq. Yards,3208,294,3264,700,1,0,,1,,,544
149639,JG23_2256,30,Sq. Yards,3194,280,3200,681,1,0,,1,,,544
149796,RK21.2_E-430,30,Sq. Yards,3205,291,3252,696,1,0,,1,,,544
150546,PW21_1072,30,Sq. Yards,3212,298,3276,921,1,0,,1,,,544
150639,JG23_2242,30,Sq. Yards,3194,280,3200,693,1,0,,1,,,544
151064,RW18.2-2325,30,Sq. Yards,3208,294,3264,692,1,0,,1,,,544
151207,MG9.10.3_E-365,30,Sq. Yards,3207,293,3259,690,1,0,,1,,,544
151518,PJ28.1_E-27,30,Sq. Yards,3192,278,3193,974,1,0,,1,,,544
151575,RW18.2-3550,30,Sq. Yards,3208,294,3264,707,1,0,,1,,,544
151775,PW21_177,30,Sq. Yards,3212,298,3276,696,1,0,,1,,,544
152386,SD8_E-154,30,Sq. Yards,3200,286,3230,686,1,0,,1,,,544
153365,RW18.2-3236,30,Sq. Yards,3208,294,3264,704,1,0,,1,,,544
153472,PW21_296,30,Sq. Yards,3212,298,3276,682,1,0,,1,,,544
154026,KN32_253,30,Sq. Yards,3197,283,3215,696,1,0,,1,,,544
154694,RW18.2-2729,30,Sq. Yards,3208,294,3264,684,1,0,,1,,,544
154851,GO16_E-47,30,Sq. Yards,3199,285,3221,690,1,0,,1,,,544
155376,RW18.2-2932,30,Sq. Yards,3208,294,3264,705,1,0,,1,,,544
155480,SSPIII20_E-645,30,Sq. Yards,3202,288,3238,685,1,0,,1,,,544
155619,RW18.2-2671,30,Sq. Yards,3208,294,3264,688,1,0,,1,,,544
155644,GO13.14_14,30,Sq. Yards,3199,285,3221,693,1,0,,1,,,544
155755,JG22.2_E-452,30,Sq. Yards,3194,280,3200,690,1,0,,1,,,544
156387,RW18.2-3138,30,Sq. Yards,3208,294,3264,708,1,0,,1,,,544
156923,CD1B_E-19,30,Sq. Yards,3213,299,3279,683,1,0,,1,,,544
157009,RW18.2-2244,30,Sq. Yards,3208,294,3264,703,1,0,,1,,,544
157259,KN32_246,30,Sq. Yards,3197,283,3215,695,1,0,,1,,,544
157702,CD1B_E-180,30,Sq. Yards,3213,299,3279,691,1,0,,1,,,544
160056,JG23_918,30,Sq. Yards,3194,280,3200,692,1,0,,1,,,544
161110,JG22.2_E-586,30,Sq. Yards,3194,280,3200,684,1,0,,1,,,544
161128,RW27.28.26PII_E-1370,30,Sq. Yards,3205,291,3252,690,1,0,,1,,,544
161385,RW27.28.26PII_E-1603,30,Sq. Yards,3205,291,3252,693,1,0,,1,,,544
159954,PW21_443,30,Sq. Yards,3212,298,3276,708,1,0,,1,,,544
160473,RW18.1_E-139,30,Sq. Yards,3208,294,3264,703,1,0,,1,,,544
160673,JG23_1097,30,Sq. Yards,3194,280,3200,690,1,0,,1,,,544
161575,PW21_758,30,Sq. Yards,3212,298,3276,709,1,0,,1,,,544
161658,SSPIII20_E-847,30,Sq. Yards,3202,288,3238,684,1,0,,1,,,544
161843,JR9PII_E-129,30,Sq. Yards,3206,292,3257,681,1,0,,1,,,544
162043,RW18.2-2192,30,Sq. Yards,3208,294,3264,682,1,0,,1,,,544
162675,JG22.2_E-442,30,Sq. Yards,3194,280,3200,683,1,0,,1,,,544
162044,RK21.2_E-611,30,Sq. Yards,3205,291,3252,681,1,0,,1,,,544
162274,JG24.2_E-117,30,Sq. Yards,3194,280,3200,681,1,0,,1,,,544
162376,RW18.2-3743,30,Sq. Yards,3208,294,3264,692,1,0,,1,,,544
147949,RK5_E-362,30,Sq. Yards,3205,291,3252,686,1,0,,1,,,544
148135,JG22.2_E-220,30,Sq. Yards,3194,280,3200,696,1,0,,1,,,544
148224,CD9_E-7,30,Sq. Yards,3213,299,3279,688,1,0,,1,,,544
148735,RW18.2-3423,30,Sq. Yards,3208,294,3264,687,1,0,,1,,,544
149010,RW18.2-2115,30,Sq. Yards,3208,294,3264,706,1,0,,1,,,544
149435,JG23_857,30,Sq. Yards,3194,280,3200,699,1,0,,1,,,544
150307,RW27.28.26PII_E-1055,30,Sq. Yards,3205,291,3252,686,1,0,,1,,,544
151636,PWAP_E-238,30,Sq. Yards,3212,298,3276,688,1,0,,1,,,544
152404,RK21.2_E-138,30,Sq. Yards,3205,291,3252,696,1,0,,1,,,544
154201,RK5_E-134,30,Sq. Yards,3205,291,3252,697,1,0,,1,,,544
154458,JG23_1013,30,Sq. Yards,3194,280,3200,1045,1,0,,1,,,544
154701,PW21_1128,30,Sq. Yards,3212,298,3276,706,1,0,,1,,,544
154919,PW21_937,30,Sq. Yards,3212,298,3276,703,1,0,,1,,,544
155737,JG22.2_E-663,30,Sq. Yards,3194,280,3200,685,1,0,,1,,,544
156130,RK21.2_E-520,30,Sq. Yards,3205,291,3252,690,1,0,,1,,,544
156223,RW27.28.26PII_E-1571,30,Sq. Yards,3205,291,3252,692,1,0,,1,,,544
156730,RW18.2-3645,30,Sq. Yards,3208,294,3264,681,1,0,,1,,,544
157066,PJ28.2_E-88,30,Sq. Yards,3192,278,3193,885,1,0,,1,,,544
157641,CD9_E-400,30,Sq. Yards,3213,299,3279,681,1,0,,1,,,544
157909,RW27.28.26PII_E-902,30,Sq. Yards,3205,291,3252,693,1,0,,1,,,544
157995,RW36A_E-110,30,Sq. Yards,3205,291,3252,688,1,0,,1,,,544
158202,PW21_532,30,Sq. Yards,3212,298,3276,709,1,0,,1,,,544
158820,CD9_E-332,30,Sq. Yards,3213,299,3279,685,1,0,,1,,,544
158981,JG22.2_E-99,30,Sq. Yards,3194,280,3200,682,1,0,,1,,,544
159438,RW18.2-3710,30,Sq. Yards,3208,294,3264,695,1,0,,1,,,544
160624,SSPIII20_E-804,30,Sq. Yards,3202,288,3238,702,1,0,,1,,,544
162221,PWAP_E-322,30,Sq. Yards,3212,298,3276,685,1,0,,1,,,544
162696,SSPIII20_E-314,30,Sq. Yards,3202,288,3238,682,1,0,,1,,,544
148026,RW18.2-2978,30,Sq. Yards,3208,294,3264,709,1,0,,1,,,544
148776,JAJ_E-84,30,Sq. Yards,3200,286,3229,684,1,0,,1,,,544
148858,RK21.2_E-379,30,Sq. Yards,3205,291,3252,688,1,0,,1,,,544
149487,JR6_E-163,30,Sq. Yards,3206,292,3257,687,1,0,,1,,,544
149594,KN32_47,30,Sq. Yards,3197,283,3215,687,1,0,,1,,,544
149805,CD1B_E-23,30,Sq. Yards,3213,299,3279,684,1,0,,1,,,544
150416,SD8_E-165,30,Sq. Yards,3200,286,3230,684,1,0,,1,,,544
150555,JG22.2_E-84,30,Sq. Yards,3194,280,3200,686,1,0,,1,,,544
150741,PWAP_E-448,30,Sq. Yards,3212,298,3276,684,1,0,,1,,,544
151016,SSPIII20_E-75,30,Sq. Yards,3202,288,3238,681,1,0,,1,,,544
151616,RW27.28.26PII_E-1277,30,Sq. Yards,3205,291,3252,682,1,0,,1,,,544
152009,PWAP_E-40,30,Sq. Yards,3212,298,3276,686,1,0,,1,,,544
153063,RW18.2-3354,30,Sq. Yards,3208,294,3264,708,1,0,,1,,,544
153563,RW36A_E-212,30,Sq. Yards,3205,291,3252,690,1,0,,1,,,544
153849,PW21_720,30,Sq. Yards,3212,298,3276,699,1,0,,1,,,544
154156,RW18.2-2424,30,Sq. Yards,3208,294,3264,701,1,0,,1,,,544
154460,RW18.2-3017,30,Sq. Yards,3208,294,3264,685,1,0,,1,,,544
154860,GO16_E-92,30,Sq. Yards,3199,285,3221,691,1,0,,1,,,544
155042,JG23_1057,30,Sq. Yards,3194,280,3200,685,1,0,,1,,,544
156103,JG23_889,30,Sq. Yards,3194,280,3200,690,1,0,,1,,,544
157557,GO16_E-37,30,Sq. Yards,3199,285,3221,691,1,0,,1,,,544
157900,CD9_E-402,30,Sq. Yards,3213,299,3279,696,1,0,,1,,,544
158204,RW27.28.26PII_E-996,30,Sq. Yards,3205,291,3252,682,1,0,,1,,,544
158579,RW27.28.26PII_E-566,30,Sq. Yards,3205,291,3252,684,1,0,,1,,,544
158761,RW18.2-3456,30,Sq. Yards,3208,294,3264,688,1,0,,1,,,544
159029,JG22.2_E-453,30,Sq. Yards,3194,280,3200,1060,1,0,,1,,,544
159190,JG23_1656,30,Sq. Yards,3194,280,3200,684,1,0,,1,,,544
159340,RW18.1_E-135,30,Sq. Yards,3208,294,3264,681,1,0,,1,,,544
160933,PW21_861,30,Sq. Yards,3212,298,3276,691,1,0,,1,,,544
161019,JG22.2_E-537,30,Sq. Yards,3194,280,3200,687,1,0,,1,,,544
161569,RW18.1_E-63,30,Sq. Yards,3208,294,3264,683,1,0,,1,,,544
161869,RW36A_E-167,30,Sq. Yards,3205,291,3252,700,1,0,,1,,,544
162048,JR6_E-366,30,Sq. Yards,3206,292,3257,694,1,0,,1,,,544
162616,CD1B_E-117,30,Sq. Yards,3213,299,3279,692,1,0,,1,,,544
153265,CD9_E-224,30,Sq. Yards,3213,299,3279,692,1,0,,1,,,544
153454,PWAP_E-452,30,Sq. Yards,3212,298,3276,710,1,0,,1,,,544
154033,RW27.28.26PII_E-1320,30,Sq. Yards,3205,291,3252,690,1,0,,1,,,544
155519,JG23_1578,30,Sq. Yards,3194,280,3200,683,1,0,,1,,,544
156255,RK21.2_E-47,30,Sq. Yards,3205,291,3252,682,1,0,,1,,,544
156623,SSPIII20_E-237,30,Sq. Yards,3202,288,3238,691,1,0,,1,,,544
157377,PJ28.3_E-55,30,Sq. Yards,3192,278,3193,935,1,0,,1,,,544
158002,RW36A_E-118,30,Sq. Yards,3205,291,3252,684,1,0,,1,,,544
158552,RW27.28.26PII_E-658,30,Sq. Yards,3205,291,3252,690,1,0,,1,,,544
159020,RW27.28.26PII_E-52,30,Sq. Yards,3205,291,3252,687,1,0,,1,,,544
159206,RW27.28.26PII_E-1317,30,Sq. Yards,3205,291,3252,681,1,0,,1,,,544
162096,RW27.28.26PII_E-1346,30,Sq. Yards,3205,291,3252,693,1,0,,1,,,544
162207,CD9_E-81,30,Sq. Yards,3213,299,3279,697,1,0,,1,,,544
162607,RW36A_E-109,30,Sq. Yards,3205,291,3252,691,1,0,,1,,,544
148270,RW18.2-2454,30,Sq. Yards,3208,294,3264,703,1,0,,1,,,544
150642,JG23_2201,30,Sq. Yards,3194,280,3200,697,1,0,,1,,,544
151597,RK5_E-65,30,Sq. Yards,3205,291,3252,681,1,0,,1,,,544
152046,RK21.2_E-75,30,Sq. Yards,3205,291,3252,685,1,0,,1,,,544
152165,JG23_2121,30,Sq. Yards,3194,280,3200,685,1,0,,1,,,544
152616,SSPIII20_E-548,30,Sq. Yards,3202,288,3238,863,1,0,,1,,,544
152952,GO16_E-129,30,Sq. Yards,3199,285,3221,694,1,0,,1,,,544
153903,RK5_E-129,30,Sq. Yards,3205,291,3252,683,1,0,,1,,,544
155007,RW18.2-2931,30,Sq. Yards,3208,294,3264,709,1,0,,1,,,544
156779,JG23_2099,30,Sq. Yards,3194,280,3200,681,1,0,,1,,,544
160455,RW18.2-3268,30,Sq. Yards,3208,294,3264,683,1,0,,1,,,544
160489,RW18.2-3722,30,Sq. Yards,3208,294,3264,699,1,0,,1,,,544
160755,GO13.14_4,30,Sq. Yards,3199,285,3221,690,1,0,,1,,,544
162642,JG23_622,30,Sq. Yards,3194,280,3200,1020,1,0,,1,,,544
162659,RW18.2-3228,30,Sq. Yards,3208,294,3264,681,1,0,,1,,,544
162676,SSPIII20_E-518,30,Sq. Yards,3202,288,3238,699,1,0,,1,,,544
147689,SSPIII20_E-616,30,Sq. Yards,3202,288,3238,703,1,0,,1,,,544
147823,PW21_1115,30,Sq. Yards,3212,298,3276,707,1,0,,1,,,544
147891,PWAP_E-414,30,Sq. Yards,3212,298,3276,684,1,0,,1,,,544
148434,RK21.2_E-360,30,Sq. Yards,3205,291,3252,690,1,0,,1,,,544
149663,RW27.28.26PII_E-332,30,Sq. Yards,3205,291,3252,690,1,0,,1,,,544
150006,JG23_1762,30,Sq. Yards,3194,280,3200,685,1,0,,1,,,544
150263,RW18.2-2489,30,Sq. Yards,3208,294,3264,708,1,0,,1,,,544
150831,RW27.28.26PII_E-1119,30,Sq. Yards,3205,291,3252,697,1,0,,1,,,544
151133,RW18.2-2193,30,Sq. Yards,3208,294,3264,692,1,0,,1,,,544
151476,RK5_E-95,30,Sq. Yards,3205,291,3252,698,1,0,,1,,,544
151778,JG22.1_E-124,30,Sq. Yards,3194,280,3200,702,1,0,,1,,,544
151803,PW21_1098,30,Sq. Yards,3212,298,3276,768,1,0,,1,,,544
152303,RW27.28.26PII_E-1489,30,Sq. Yards,3205,291,3252,692,1,0,,1,,,544
152903,RW27.28.26PII_E-537,30,Sq. Yards,3205,291,3252,682,1,0,,1,,,544
152978,RW18.2-2758,30,Sq. Yards,3208,294,3264,692,1,0,,1,,,544
153012,CD9_E-101,30,Sq. Yards,3213,299,3279,683,1,0,,1,,,544
153405,PWAP_E-26,30,Sq. Yards,3212,298,3276,708,1,0,,1,,,544
154050,JG24.1_E-52,30,Sq. Yards,3194,280,3200,684,1,0,,1,,,544
155586,RW27.28.26PII_E-957,30,Sq. Yards,3205,291,3252,686,1,0,,1,,,544
155913,RW18.1_E-30,30,Sq. Yards,3208,294,3264,692,1,0,,1,,,544
156020,JR9PII_E-251,30,Sq. Yards,3206,292,3257,684,1,0,,1,,,544
156556,CD9_E-199,30,Sq. Yards,3213,299,3279,682,1,0,,1,,,544
158187,PW21_311,30,Sq. Yards,3212,298,3276,835,1,0,,1,,,544
158217,RW27.28.26PII_E-233,30,Sq. Yards,3205,291,3252,690,1,0,,1,,,544
158755,SSPIII20_E-720,30,Sq. Yards,3202,288,3238,692,1,0,,1,,,544
158864,PJ28.2_E-25,30,Sq. Yards,3192,278,3193,944,1,0,,1,,,544
160000,PWAP_E-278,30,Sq. Yards,3212,298,3276,707,1,0,,1,,,544
160091,JG23_1927,30,Sq. Yards,3194,280,3200,690,1,0,,1,,,544
160527,JR6_E-355,30,Sq. Yards,3206,292,3257,695,1,0,,1,,,544
161327,JG22.2_E-502,30,Sq. Yards,3194,280,3200,696,1,0,,1,,,544
161593,JG22.1_E-126,30,Sq. Yards,3194,280,3200,690,1,0,,1,,,544
162097,PW21_794,30,Sq. Yards,3212,298,3276,686,1,0,,1,,,544
148982,JR9PII_E-73,30,Sq. Yards,3206,292,3257,694,1,0,,1,,,544
150854,PW21_465,30,Sq. Yards,3212,298,3276,692,1,0,,1,,,544
157439,SSPIII20_E-765,30,Sq. Yards,3202,288,3238,706,1,0,,1,,,544
157539,PJ28.2_E-72,30,Sq. Yards,3192,278,3193,944,1,0,,1,,,544
158175,RW27.28.26PII_E-1182,30,Sq. Yards,3205,291,3252,683,1,0,,1,,,544
158522,SSPIII20_E-413,30,Sq. Yards,3202,288,3238,696,1,0,,1,,,544
158808,RW36A_E-45,30,Sq. Yards,3205,291,3252,681,1,0,,1,,,544
159929,RK21.2_E-57,30,Sq. Yards,3205,291,3252,687,1,0,,1,,,544
159993,RK5_E-60,30,Sq. Yards,3205,291,3252,682,1,0,,1,,,544
160444,RW27.28.26PII_E-747,30,Sq. Yards,3205,291,3252,701,1,0,,1,,,544
160680,PW21_10,30,Sq. Yards,3212,298,3276,973,1,0,,1,,,544
161133,JR6_E-185,30,Sq. Yards,3206,292,3257,695,1,0,,1,,,544
162484,RW19.1_E-85,30,Sq. Yards,3208,294,3264,711,1,0,,1,,,544
162587,JG23_1662,30,Sq. Yards,3194,280,3200,681,1,0,,1,,,544
147661,SSPIII20_E-72,30,Sq. Yards,3202,288,3238,707,1,0,,1,,,544
147994,KN32_54,30,Sq. Yards,3197,283,3215,685,1,0,,1,,,544
148680,PW21_667,30,Sq. Yards,3212,298,3276,704,1,0,,1,,,544
150452,PW21_1143,30,Sq. Yards,3212,298,3276,696,1,0,,1,,,544
150719,JR6_E-110,30,Sq. Yards,3206,292,3257,694,1,0,,1,,,544
151338,CD1B_E-177,30,Sq. Yards,3213,299,3279,691,1,0,,1,,,544
151573,JG22.2_E-739,30,Sq. Yards,3194,280,3200,682,1,0,,1,,,544
152823,JG23_1263,30,Sq. Yards,3194,280,3200,1047,1,0,,1,,,544
152860,PJ28.1_E-211,30,Sq. Yards,3192,278,3193,929,1,0,,1,,,544
153077,RK5_E-144,30,Sq. Yards,3205,291,3252,696,1,0,,1,,,544
153410,JG23_398,30,Sq. Yards,3194,280,3200,683,1,0,,1,,,544
153728,GO13.14_116,30,Sq. Yards,3199,285,3221,685,1,0,,1,,,544
154213,KN32_198,30,Sq. Yards,3197,283,3215,975,1,0,,1,,,544
154263,CD9_E-64,30,Sq. Yards,3213,299,3279,689,1,0,,1,,,544
154277,RW27.28.26PII_E-304,30,Sq. Yards,3205,291,3252,681,1,0,,1,,,544
155063,RW27.28.26PII_E-1352,30,Sq. Yards,3205,291,3252,686,1,0,,1,,,544
155264,JR9PII_E-286,30,Sq. Yards,3206,292,3257,694,1,0,,1,,,544
155732,RW19.2_E-19,30,Sq. Yards,3208,294,3264,707,1,0,,1,,,544
156450,PW21_93,30,Sq. Yards,3212,298,3276,687,1,0,,1,,,544
157804,JG23_1298,30,Sq. Yards,3194,280,3200,696,1,0,,1,,,544
158021,RW18.2-3776,30,Sq. Yards,3208,294,3264,692,1,0,,1,,,544
158139,JG22.1_E-62,30,Sq. Yards,3194,280,3200,683,1,0,,1,,,544
158607,PW21_594,30,Sq. Yards,3212,298,3276,706,1,0,,1,,,544
159293,SSPIII20_E-93,30,Sq. Yards,3202,288,3238,863,1,0,,1,,,544
159894,PJ28.1_E-181,30,Sq. Yards,3192,278,3193,944,1,0,,1,,,544
160093,RK21.2_E-8,30,Sq. Yards,3205,291,3252,694,1,0,,1,,,544
160197,JR9PII_E-239,30,Sq. Yards,3206,292,3257,684,1,0,,1,,,544
160747,PWAP_E-108,30,Sq. Yards,3212,298,3276,691,1,0,,1,,,544
161601,RW27.28.26PII_E-1356,30,Sq. Yards,3205,291,3252,694,1,0,,1,,,544
162602,RW27.28.26PII_E-1353,30,Sq. Yards,3205,291,3252,690,1,0,,1,,,544
149273,JG22.2_E-456,30,Sq. Yards,3194,280,3200,683,1,0,,1,,,544
149275,PW21_17,30,Sq. Yards,3212,298,3276,681,1,0,,1,,,544
149743,RK21.2_E-99,30,Sq. Yards,3205,291,3252,690,1,0,,1,,,544
149760,MG9.10.3_E-319,30,Sq. Yards,3207,293,3259,692,1,0,,1,,,544
150211,RK21.2_E-262,30,Sq. Yards,3205,291,3252,690,1,0,,1,,,544
151979,JR6_E-428,30,Sq. Yards,3206,292,3257,686,1,0,,1,,,544
152549,KN32_122,30,Sq. Yards,3197,283,3215,681,1,0,,1,,,544
152985,SD8_E-211,30,Sq. Yards,3200,286,3230,681,1,0,,1,,,544
153253,SD8_E-86,30,Sq. Yards,3200,286,3230,686,1,0,,1,,,544
153653,RW27.28.26PII_E-1538,30,Sq. Yards,3205,291,3252,700,1,0,,1,,,544
154072,RW36A_E-158,30,Sq. Yards,3205,291,3252,681,1,0,,1,,,544
154319,CD1B_E-163,30,Sq. Yards,3213,299,3279,685,1,0,,1,,,544
154538,MG9.10.3_E-226,30,Sq. Yards,3207,293,3259,688,1,0,,1,,,544
155274,RW27.28.26PII_E-320,30,Sq. Yards,3205,291,3252,690,1,0,,1,,,544
156378,PWAP_E-10,30,Sq. Yards,3212,298,3276,710,1,0,,1,,,544
156427,RW36A_E-281,30,Sq. Yards,3205,291,3252,701,1,0,,1,,,544
156610,RW27.28.26PII_E-1145,30,Sq. Yards,3205,291,3252,701,1,0,,1,,,544
156744,PW21_436,30,Sq. Yards,3212,298,3276,692,1,0,,1,,,544
157846,PW21_401,30,Sq. Yards,3212,298,3276,699,1,0,,1,,,544
158397,RW19.2_E-7,30,Sq. Yards,3208,294,3264,703,1,0,,1,,,544
158933,MG9.10.3_E-38,30,Sq. Yards,3207,293,3259,686,1,0,,1,,,544
159135,RW27.28.26PII_E-1553,30,Sq. Yards,3205,291,3252,696,1,0,,1,,,544
155776,JG22.2_E-748,30,Sq. Yards,3194,280,3200,685,1,0,,1,,,544
156395,MG9.10.3_E-42,30,Sq. Yards,3207,293,3259,683,1,0,,1,,,544
157795,CD9_E-374,30,Sq. Yards,3213,299,3279,694,1,0,,1,,,544
157948,PW21_964,30,Sq. Yards,3212,298,3276,687,1,0,,1,,,544
158799,SSPIII20_E-158,30,Sq. Yards,3202,288,3238,687,1,0,,1,,,544
159786,PW21_881,30,Sq. Yards,3212,298,3276,710,1,0,,1,,,544
161158,RK21.2_E-130,30,Sq. Yards,3205,291,3252,700,1,0,,1,,,544
161656,RK21.2_E-496,30,Sq. Yards,3205,291,3252,682,1,0,,1,,,544
148995,JR6_E-262,30,Sq. Yards,3206,292,3257,691,1,0,,1,,,544
149363,PW21_608,30,Sq. Yards,3212,298,3276,687,1,0,,1,,,544
149604,RK5_E-215,30,Sq. Yards,3205,291,3252,683,1,0,,1,,,544
149829,RW18.2-2082,30,Sq. Yards,3208,294,3264,684,1,0,,1,,,544
150740,MG9.10.3_E-256,30,Sq. Yards,3207,293,3259,693,1,0,,1,,,544
151031,JG23_374,30,Sq. Yards,3194,280,3200,691,1,0,,1,,,544
153037,RW18.2-2240,30,Sq. Yards,3208,294,3264,681,1,0,,1,,,544
153841,JR9PII_E-198,30,Sq. Yards,3206,292,3257,688,1,0,,1,,,544
153873,JR9PII_E-23,30,Sq. Yards,3206,292,3257,695,1,0,,1,,,544
153907,GO13.14_161,30,Sq. Yards,3199,285,3221,699,1,0,,1,,,544
155354,PWAP_E-398,30,Sq. Yards,3212,298,3276,702,1,0,,1,,,544
155545,MG9.10.3_E-88,30,Sq. Yards,3207,293,3259,690,1,0,,1,,,544
156354,MG9.10.3_E-155,30,Sq. Yards,3207,293,3259,693,1,0,,1,,,544
157056,KN32_75,30,Sq. Yards,3197,283,3215,699,1,0,,1,,,544
157519,RW27.28.26PII_E-896,30,Sq. Yards,3205,291,3252,681,1,0,,1,,,544
157917,RW18.2-3372,30,Sq. Yards,3208,294,3264,682,1,0,,1,,,544
158519,RK21.2_E-319,30,Sq. Yards,3205,291,3252,682,1,0,,1,,,544
160166,RW18.2-2011,30,Sq. Yards,3208,294,3264,685,1,0,,1,,,544
160200,PW21_564,30,Sq. Yards,3212,298,3276,686,1,0,,1,,,544
160432,RW27.28.26PII_E-963,30,Sq. Yards,3205,291,3252,681,1,0,,1,,,544
160661,PW21_218,30,Sq. Yards,3212,298,3276,708,1,0,,1,,,544
161504,MG9.10.3_E-131,30,Sq. Yards,3207,293,3259,693,1,0,,1,,,544
147849,PWAP_E-285,30,Sq. Yards,3212,298,3276,939,1,0,,1,,,544
148249,JG23_1020,30,Sq. Yards,3194,280,3200,693,1,0,,1,,,544
148524,CD9_E-320,30,Sq. Yards,3213,299,3279,684,1,0,,1,,,544
149285,PW21_782,30,Sq. Yards,3212,298,3276,696,1,0,,1,,,544
150607,PJ28.2_E-58,30,Sq. Yards,3192,278,3193,944,1,0,,1,,,544
150664,PWAP_E-423,30,Sq. Yards,3212,298,3276,687,1,0,,1,,,544
151561,RW27.28.26PII_E-834,30,Sq. Yards,3205,291,3252,681,1,0,,1,,,544
152579,FD9_E-59,30,Sq. Yards,3201,287,3233,688,1,0,,1,,,544
154826,RW18.1_E-121,30,Sq. Yards,3208,294,3264,711,1,0,,1,,,544
157116,JR9PII_E-86,30,Sq. Yards,3206,292,3257,686,1,0,,1,,,544
158027,CD1B_E-94,30,Sq. Yards,3213,299,3279,692,1,0,,1,,,544
158095,RK5_E-115,30,Sq. Yards,3205,291,3252,683,1,0,,1,,,544
159574,JG23_492,30,Sq. Yards,3194,280,3200,1018,1,0,,1,,,544
160181,RW27.28.26PII_E-375,30,Sq. Yards,3205,291,3252,681,1,0,,1,,,544
161560,RW18.2-3747,30,Sq. Yards,3208,294,3264,704,1,0,,1,,,544
162307,JG22.2_E-454,30,Sq. Yards,3194,280,3200,685,1,0,,1,,,544
162407,CD9_E-83,30,Sq. Yards,3213,299,3279,692,1,0,,1,,,544
147587,RW27.28.26PII_E-788,30,Sq. Yards,3205,291,3252,685,1,0,,1,,,544
147804,GO13.14_187,30,Sq. Yards,3199,285,3221,690,1,0,,1,,,544
148572,RW18.2-3767,30,Sq. Yards,3208,294,3264,685,1,0,,1,,,544
149108,MG9.10.3_E-172,30,Sq. Yards,3207,293,3259,683,1,0,,1,,,544
150261,KN32_34,30,Sq. Yards,3197,283,3215,686,1,0,,1,,,544
151512,JR9PII_E-119,30,Sq. Yards,3206,292,3257,690,1,0,,1,,,544
153554,JG23_2064,30,Sq. Yards,3194,280,3200,701,1,0,,1,,,544
154120,JG23_988,30,Sq. Yards,3194,280,3200,1047,1,0,,1,,,544
155024,JG23_2107,30,Sq. Yards,3194,280,3200,683,1,0,,1,,,544
155958,RW27.28.26PII_E-1660,30,Sq. Yards,3205,291,3252,695,1,0,,1,,,544
157664,JG22.2_E-668,30,Sq. Yards,3194,280,3200,689,1,0,,1,,,544
157913,KN32_204,30,Sq. Yards,3197,283,3215,681,1,0,,1,,,544
158098,JG22.2_E-347,30,Sq. Yards,3194,280,3200,693,1,0,,1,,,544
159049,GO16_E-177,30,Sq. Yards,3199,285,3221,702,1,0,,1,,,544
159736,RW18.1_E-20,30,Sq. Yards,3208,294,3264,700,1,0,,1,,,544
159885,SD8_E-59,30,Sq. Yards,3200,286,3230,687,1,0,,1,,,544
160536,RW18.2-3221,30,Sq. Yards,3208,294,3264,708,1,0,,1,,,544
160772,RW36A_E-223,30,Sq. Yards,3205,291,3252,684,1,0,,1,,,544
161684,JR9PII_E-285,30,Sq. Yards,3206,292,3257,693,1,0,,1,,,544
162152,RW18.2-3773,30,Sq. Yards,3208,294,3264,708,1,0,,1,,,544
162269,RK5_E-139,30,Sq. Yards,3205,291,3252,690,1,0,,1,,,544
162369,JG23_1598,30,Sq. Yards,3194,280,3200,701,1,0,,1,,,544
148211,RW27.28.26PII_E-1456,30,Sq. Yards,3205,291,3252,681,1,0,,1,,,544
148515,GO13.14_68,30,Sq. Yards,3199,285,3221,690,1,0,,1,,,544
148965,JR6_E-458,30,Sq. Yards,3206,292,3257,682,1,0,,1,,,544
149684,RK21.2_E-209,30,Sq. Yards,3205,291,3252,684,1,0,,1,,,544
151102,RW18.1_E-81,30,Sq. Yards,3208,294,3264,706,1,0,,1,,,544
151723,RK5_E-255,30,Sq. Yards,3205,291,3252,690,1,0,,1,,,544
151724,RW18.2-2213,30,Sq. Yards,3208,294,3264,695,1,0,,1,,,544
152105,RW18.2-3289,30,Sq. Yards,3208,294,3264,692,1,0,,1,,,544
152459,KN32_121,30,Sq. Yards,3197,283,3215,696,1,0,,1,,,544
153174,PW21_991,30,Sq. Yards,3212,298,3276,685,1,0,,1,,,544
153627,JG22.1_E-107,30,Sq. Yards,3194,280,3200,695,1,0,,1,,,544
153778,RW18.2-2241,30,Sq. Yards,3208,294,3264,692,1,0,,1,,,544
153795,RW27.28.26PII_E-1698,30,Sq. Yards,3205,291,3252,681,1,0,,1,,,544
154177,GO13.14_259,30,Sq. Yards,3199,285,3221,703,1,0,,1,,,544
155032,RW18.2-2854,30,Sq. Yards,3208,294,3264,685,1,0,,1,,,544
156285,RW27.28.26PII_E-556,30,Sq. Yards,3205,291,3252,696,1,0,,1,,,544
156367,JG23_2288,30,Sq. Yards,3194,280,3200,690,1,0,,1,,,544
156385,JG23_1545,30,Sq. Yards,3194,280,3200,689,1,0,,1,,,544
156871,FD9_E-107,30,Sq. Yards,3201,287,3233,697,1,0,,1,,,544
157072,PW21_485,30,Sq. Yards,3212,298,3276,699,1,0,,1,,,544
157872,JAJ_E-20,30,Sq. Yards,3200,286,3229,684,1,0,,1,,,544
158022,KN9.32_E-78,30,Sq. Yards,3197,283,3215,686,1,0,,1,,,544
158940,JG23_743,30,Sq. Yards,3194,280,3200,681,1,0,,1,,,544
158958,MG9.10.3_E-269,30,Sq. Yards,3207,293,3259,681,1,0,,1,,,544
159007,JG23_835,30,Sq. Yards,3194,280,3200,695,1,0,,1,,,544
160162,RW18.2-3638,30,Sq. Yards,3208,294,3264,689,1,0,,1,,,544
160580,GO16_E-309,30,Sq. Yards,3199,285,3221,697,1,0,,1,,,544
161148,JG23_1371,30,Sq. Yards,3194,280,3200,702,1,0,,1,,,544
161283,JG22.2_E-464,30,Sq. Yards,3194,280,3200,1051,1,0,,1,,,544
162051,RW36A_E-244,30,Sq. Yards,3205,291,3252,690,1,0,,1,,,544
162066,RW18.2-2150,30,Sq. Yards,3208,294,3264,685,1,0,,1,,,544
162302,RK21.2_E-125,30,Sq. Yards,3205,291,3252,686,1,0,,1,,,544
162701,RW18.2-3395,30,Sq. Yards,3208,294,3264,681,1,0,,1,,,544
147626,RW27.28.26PII_E-1715,30,Sq. Yards,3205,291,3252,702,1,0,,1,,,544
149551,GO13.14_145,30,Sq. Yards,3199,285,3221,689,1,0,,1,,,544
150219,CD1B_E-165,30,Sq. Yards,3213,299,3279,689,1,0,,1,,,544
150301,PJ28.3_E-129,30,Sq. Yards,3192,278,3193,919,1,0,,1,,,544
150837,JR6_E-97,30,Sq. Yards,3206,292,3257,688,1,0,,1,,,544
151137,JR6_E-50,30,Sq. Yards,3206,292,3257,689,1,0,,1,,,544
151655,PW21_867,30,Sq. Yards,3212,298,3276,939,1,0,,1,,,544
152324,JG22.2_E-675,30,Sq. Yards,3194,280,3200,686,1,0,,1,,,544
153896,JG23_2163,30,Sq. Yards,3194,280,3200,684,1,0,,1,,,544
153996,RK21.2_E-58,30,Sq. Yards,3205,291,3252,681,1,0,,1,,,544
154531,PW21_489,30,Sq. Yards,3212,298,3276,707,1,0,,1,,,544
154881,RK21.2_E-492,30,Sq. Yards,3205,291,3252,692,1,0,,1,,,544
155267,KN32_33,30,Sq. Yards,3197,283,3215,698,1,0,,1,,,544
155618,MG9.10.2_E-9,30,Sq. Yards,3207,293,3259,681,1,0,,1,,,544
155849,MG9.10.3_E-74,30,Sq. Yards,3207,293,3259,692,1,0,,1,,,544
155885,JG24.2_E-116,30,Sq. Yards,3194,280,3200,1047,1,0,,1,,,544
156604,RK5_E-92,30,Sq. Yards,3205,291,3252,691,1,0,,1,,,544
157772,GO13.14_87,30,Sq. Yards,3199,285,3221,691,1,0,,1,,,544
157921,RK21.2_E-396,30,Sq. Yards,3205,291,3252,696,1,0,,1,,,544
157990,JG23_1479,30,Sq. Yards,3194,280,3200,685,1,0,,1,,,544
159226,PJ28.3_E-201,30,Sq. Yards,3192,278,3193,935,1,0,,1,,,544
160497,JG22.1_E-45,30,Sq. Yards,3194,280,3200,695,1,0,,1,,,544
161215,PJ28.2_E-91,30,Sq. Yards,3192,278,3193,962,1,0,,1,,,544
161247,JG23_1735,30,Sq. Yards,3194,280,3200,685,1,0,,1,,,544
161648,SSPIII20_E-486,30,Sq. Yards,3202,288,3238,681,1,0,,1,,,544
162366,PW21_422,30,Sq. Yards,3212,298,3276,704,1,0,,1,,,544
162420,RW18.2-3471,30,Sq. Yards,3208,294,3264,687,1,0,,1,,,544
162569,RW18.2-2611,30,Sq. Yards,3208,294,3264,692,1,0,,1,,,544
149088,RW18.2-3002,30,Sq. Yards,3208,294,3264,708,1,0,,1,,,544
149907,JR6_E-449,30,Sq. Yards,3206,292,3257,684,1,0,,1,,,544
150709,RW19.1_E-30,30,Sq. Yards,3208,294,3264,692,1,0,,1,,,544
151111,JR9PII_E-185,30,Sq. Yards,3206,292,3257,686,1,0,,1,,,544
151245,CD9_E-255,30,Sq. Yards,3213,299,3279,695,1,0,,1,,,544
151664,JG23_815,30,Sq. Yards,3194,280,3200,1051,1,0,,1,,,544
151866,SSPIII20_E-387,30,Sq. Yards,3202,288,3238,707,1,0,,1,,,544
152030,RW18.2-2260,30,Sq. Yards,3208,294,3264,692,1,0,,1,,,544
152249,JG22.2_E-576,30,Sq. Yards,3194,280,3200,686,1,0,,1,,,544
152366,RW19.1_E-49,30,Sq. Yards,3208,294,3264,683,1,0,,1,,,544
153085,SSPIII20_E-710,30,Sq. Yards,3202,288,3238,710,1,0,,1,,,544
153334,RK5_E-194,30,Sq. Yards,3205,291,3252,683,1,0,,1,,,544
153453,RW18.2-3563,30,Sq. Yards,3208,294,3264,704,1,0,,1,,,544
153721,RW18.2-2080,30,Sq. Yards,3208,294,3264,683,1,0,,1,,,544
153955,JG22.2_E-706,30,Sq. Yards,3194,280,3200,690,1,0,,1,,,544
154104,JG23_533,30,Sq. Yards,3194,280,3200,686,1,0,,1,,,544
154172,PWAP_E-100,30,Sq. Yards,3212,298,3276,691,1,0,,1,,,544
154453,JR6_E-395,30,Sq. Yards,3206,292,3257,694,1,0,,1,,,544
155308,RW18.2-2335,30,Sq. Yards,3208,294,3264,687,1,0,,1,,,544
156712,RW27.28.26PII_E-278,30,Sq. Yards,3205,291,3252,701,1,0,,1,,,544
156995,PWAP_E-101,30,Sq. Yards,3212,298,3276,686,1,0,,1,,,544
158348,JG23_1813,30,Sq. Yards,3194,280,3200,682,1,0,,1,,,544
158616,RW27.28.26PII_E-839,30,Sq. Yards,3205,291,3252,700,1,0,,1,,,544
159033,GO13.14_97,30,Sq. Yards,3199,285,3221,681,1,0,,1,,,544
159869,PWAP_E-150,30,Sq. Yards,3212,298,3276,928,1,0,,1,,,544
159886,SSPIII20_E-617,30,Sq. Yards,3202,288,3238,711,1,0,,1,,,544
160005,JG23_2114,30,Sq. Yards,3194,280,3200,686,1,0,,1,,,544
160186,RW18.2-3277,30,Sq. Yards,3208,294,3264,683,1,0,,1,,,544
160788,SSPIII20_E-582,30,Sq. Yards,3202,288,3238,863,1,0,,1,,,544
161292,JG23_546,30,Sq. Yards,3194,280,3200,682,1,0,,1,,,544
161992,RW27.28.26PII_E-749,30,Sq. Yards,3205,291,3252,686,1,0,,1,,,544
162026,RW18.1_E-115,30,Sq. Yards,3208,294,3264,692,1,0,,1,,,544
155643,PJ28.3_E-189,30,Sq. Yards,3192,278,3193,944,1,0,,1,,,544
156043,JG23_893,30,Sq. Yards,3194,280,3200,682,1,0,,1,,,544
156107,RW27.28.26PII_E-36,30,Sq. Yards,3205,291,3252,685,1,0,,1,,,544
156509,RW18.2-2402,30,Sq. Yards,3208,294,3264,702,1,0,,1,,,544
156979,RW18.2-2914,30,Sq. Yards,3208,294,3264,710,1,0,,1,,,544
157698,RW18.2-2285,30,Sq. Yards,3208,294,3264,681,1,0,,1,,,544
157915,RW18.2-2437,30,Sq. Yards,3208,294,3264,692,1,0,,1,,,544
159670,MG9.10.2_E-13,30,Sq. Yards,3207,293,3259,695,1,0,,1,,,544
160672,RK5_E-287,30,Sq. Yards,3205,291,3252,682,1,0,,1,,,544
160789,RW27.28.26PII_E-1642,30,Sq. Yards,3205,291,3252,684,1,0,,1,,,544
160904,SSPIII20_E-53,30,Sq. Yards,3202,288,3238,702,1,0,,1,,,544
160991,JR6_E-126,30,Sq. Yards,3206,292,3257,692,1,0,,1,,,544
161091,JG22.2_E-572,30,Sq. Yards,3194,280,3200,694,1,0,,1,,,544
161338,JG23_1887,30,Sq. Yards,3194,280,3200,693,1,0,,1,,,544
161508,RW18.2-2078,30,Sq. Yards,3208,294,3264,681,1,0,,1,,,544
162644,RW18.2-2631,30,Sq. Yards,3208,294,3264,681,1,0,,1,,,544
147591,RW27.28.26PII_E-735,30,Sq. Yards,3205,291,3252,689,1,0,,1,,,544
147964,PWAP_E-352,30,Sq. Yards,3212,298,3276,704,1,0,,1,,,544
148870,PJ28.3_E-205,30,Sq. Yards,3192,278,3193,944,1,0,,1,,,544
150665,RW18.2-3143,30,Sq. Yards,3208,294,3264,697,1,0,,1,,,544
150842,JG22.1_E-101,30,Sq. Yards,3194,280,3200,683,1,0,,1,,,544
151101,JR9PII_E-252,30,Sq. Yards,3206,292,3257,686,1,0,,1,,,544
151912,RW18.1_E-51,30,Sq. Yards,3208,294,3264,698,1,0,,1,,,544
152101,JR6_E-308,30,Sq. Yards,3206,292,3257,682,1,0,,1,,,544
152437,RW18.2-2057,30,Sq. Yards,3208,294,3264,709,1,0,,1,,,544
152939,JG23_537,30,Sq. Yards,3194,280,3200,692,1,0,,1,,,544
152946,SSPIII20_E-284,30,Sq. Yards,3202,288,3238,692,1,0,,1,,,544
153114,RW27.28.26PII_E-933,30,Sq. Yards,3205,291,3252,690,1,0,,1,,,544
153305,GO13.14_1,30,Sq. Yards,3199,285,3221,699,1,0,,1,,,544
154048,GO16_E-279,30,Sq. Yards,3199,285,3221,697,1,0,,1,,,544
154118,SSPIII20_E-519,30,Sq. Yards,3202,288,3238,682,1,0,,1,,,544
154509,CD9_E-356,30,Sq. Yards,3213,299,3279,691,1,0,,1,,,544
154650,JG22.1_E-28,30,Sq. Yards,3194,280,3200,691,1,0,,1,,,544
156245,JG23_451,30,Sq. Yards,3194,280,3200,1045,1,0,,1,,,544
156583,CD9_E-277,30,Sq. Yards,3213,299,3279,694,1,0,,1,,,544
157517,SSPIII20_E-302,30,Sq. Yards,3202,288,3238,689,1,0,,1,,,544
158028,PWAP_E-262,30,Sq. Yards,3212,298,3276,696,1,0,,1,,,544
158787,JG23_1508,30,Sq. Yards,3194,280,3200,681,1,0,,1,,,544
159464,PW21_952,30,Sq. Yards,3212,298,3276,699,1,0,,1,,,544
160393,RW18.2-3338,30,Sq. Yards,3208,294,3264,686,1,0,,1,,,544
160532,PWAP_E-291,30,Sq. Yards,3212,298,3276,697,1,0,,1,,,544
160895,KN9.32_E-26,30,Sq. Yards,3197,283,3215,686,1,0,,1,,,544
161468,JR9PII_E-78,30,Sq. Yards,3206,292,3257,684,1,0,,1,,,544
162597,JG22.2_E-123,30,Sq. Yards,3194,280,3200,696,1,0,,1,,,544
147663,PWAP_E-37,30,Sq. Yards,3212,298,3276,696,1,0,,1,,,544
149918,PWAP_E-508,30,Sq. Yards,3212,298,3276,690,1,0,,1,,,544
150500,PWAP_E-19,30,Sq. Yards,3212,298,3276,706,1,0,,1,,,544
151553,RW18.2-3341,30,Sq. Yards,3208,294,3264,684,1,0,,1,,,544
151622,JAJ_E-18,30,Sq. Yards,3200,286,3229,692,1,0,,1,,,544
151871,PWAP_E-203,30,Sq. Yards,3212,298,3276,709,1,0,,1,,,544
151972,JG23_1483,30,Sq. Yards,3194,280,3200,700,1,0,,1,,,544
152057,JG23_1497,30,Sq. Yards,3194,280,3200,694,1,0,,1,,,544
152139,JG23_1164,30,Sq. Yards,3194,280,3200,686,1,0,,1,,,544
153525,JAJ_E-92,30,Sq. Yards,3200,286,3229,684,1,0,,1,,,544
154429,JG23_2270,30,Sq. Yards,3194,280,3200,693,1,0,,1,,,544
154966,RW18.2-3130,30,Sq. Yards,3208,294,3264,683,1,0,,1,,,544
155866,RW27.28.26PII_E-143,30,Sq. Yards,3205,291,3252,694,1,0,,1,,,544
155969,RW27.28.26PII_E-1351,30,Sq. Yards,3205,291,3252,690,1,0,,1,,,544
156584,SSPIII20_E-522,30,Sq. Yards,3202,288,3238,693,1,0,,1,,,544
156919,JG23_489,30,Sq. Yards,3194,280,3200,686,1,0,,1,,,544
157237,JR9PII_E-71,30,Sq. Yards,3206,292,3257,683,1,0,,1,,,544
158741,GO16_E-345,30,Sq. Yards,3199,285,3221,690,1,0,,1,,,544
160613,RW27.28.26PII_E-252,30,Sq. Yards,3205,291,3252,693,1,0,,1,,,544
161399,RW18.2-2125,30,Sq. Yards,3208,294,3264,685,1,0,,1,,,544
151145,RW18.2-3175,30,Sq. Yards,3208,294,3264,685,1,0,,1,,,544
152330,RW27.28.26PII_E-417,30,Sq. Yards,3205,291,3252,684,1,0,,1,,,544
152515,RW18.2-2919,30,Sq. Yards,3208,294,3264,691,1,0,,1,,,544
153970,PJ28.3_E-138,30,Sq. Yards,3192,278,3193,700,1,0,,1,,,544
154423,RW18.2-3148,30,Sq. Yards,3208,294,3264,704,1,0,,1,,,544
154570,RW18.2-2004,30,Sq. Yards,3208,294,3264,689,1,0,,1,,,544
155091,JR9PII_E-178,30,Sq. Yards,3206,292,3257,682,1,0,,1,,,544
155408,KN32_145,30,Sq. Yards,3197,283,3215,685,1,0,,1,,,544
155491,PJ28.2_E-57,30,Sq. Yards,3192,278,3193,683,1,0,,1,,,544
156193,JG23_1065,30,Sq. Yards,3194,280,3200,696,1,0,,1,,,544
156642,JG23_372,30,Sq. Yards,3194,280,3200,697,1,0,,1,,,544
156827,RK5_E-226,30,Sq. Yards,3205,291,3252,690,1,0,,1,,,544
157046,PW21_361,30,Sq. Yards,3212,298,3276,706,1,0,,1,,,544
158165,RW18.2-2952,30,Sq. Yards,3208,294,3264,698,1,0,,1,,,544
158267,RW19.1_E-121,30,Sq. Yards,3208,294,3264,697,1,0,,1,,,544
158365,RW19.1_E-75,30,Sq. Yards,3208,294,3264,704,1,0,,1,,,544
158701,RW19.2_E-86,30,Sq. Yards,3208,294,3264,687,1,0,,1,,,544
158867,RW27.28.26PII_E-312,30,Sq. Yards,3205,291,3252,681,1,0,,1,,,544
159754,JG24.1_E-43,30,Sq. Yards,3194,280,3200,697,1,0,,1,,,544
160403,RK21.2_E-271,30,Sq. Yards,3205,291,3252,699,1,0,,1,,,544
160522,RK5_E-14,30,Sq. Yards,3205,291,3252,691,1,0,,1,,,544
160688,JG22.2_E-134,30,Sq. Yards,3194,280,3200,681,1,0,,1,,,544
161090,RW18.2-2110,30,Sq. Yards,3208,294,3264,697,1,0,,1,,,544
161456,PJ28.3_E-7,30,Sq. Yards,3192,278,3193,944,1,0,,1,,,544
162143,RK21.2_E-433,30,Sq. Yards,3205,291,3252,683,1,0,,1,,,544
162241,RW27.28.26PII_E-975,30,Sq. Yards,3205,291,3252,682,1,0,,1,,,544
148578,JG23_1210,30,Sq. Yards,3194,280,3200,681,1,0,,1,,,544
148599,RW27.28.26PII_E-766,30,Sq. Yards,3205,291,3252,694,1,0,,1,,,544
148753,RW18.2-2355,30,Sq. Yards,3208,294,3264,689,1,0,,1,,,544
149814,PW21_1132,30,Sq. Yards,3212,298,3276,707,1,0,,1,,,544
149939,MG9.10.3_E-355,30,Sq. Yards,3207,293,3259,694,1,0,,1,,,544
150575,RK5_E-245,30,Sq. Yards,3205,291,3252,702,1,0,,1,,,544
151307,CD9_E-359,30,Sq. Yards,3213,299,3279,690,1,0,,1,,,544
152004,KN32_100,30,Sq. Yards,3197,283,3215,681,1,0,,1,,,544
152604,JG23_1731,30,Sq. Yards,3194,280,3200,693,1,0,,1,,,544
152822,PJ28.3_E-15,30,Sq. Yards,3192,278,3193,699,1,0,,1,,,544
152847,JG22.2_E-694,30,Sq. Yards,3194,280,3200,687,1,0,,1,,,544
153140,SD8_E-1,30,Sq. Yards,3200,286,3230,682,1,0,,1,,,544
153240,PW21_886,30,Sq. Yards,3212,298,3276,691,1,0,,1,,,544
153497,CD9_E-452,30,Sq. Yards,3213,299,3279,698,1,0,,1,,,544
155226,GO16_E-176,30,Sq. Yards,3199,285,3221,699,1,0,,1,,,544
155762,RW18.2-2658,30,Sq. Yards,3208,294,3264,686,1,0,,1,,,544
156073,JG23_2125,30,Sq. Yards,3194,280,3200,681,1,0,,1,,,544
156855,SSPIII20_E-763,30,Sq. Yards,3202,288,3238,681,1,0,,1,,,544
157023,RW18.2-2166,30,Sq. Yards,3208,294,3264,686,1,0,,1,,,544
157309,RW18.2-2243,30,Sq. Yards,3208,294,3264,697,1,0,,1,,,544
157477,SSPIII20_E-8,30,Sq. Yards,3202,288,3238,681,1,0,,1,,,544
157716,RK21.2_E-438,30,Sq. Yards,3205,291,3252,682,1,0,,1,,,544
158009,KN32_114,30,Sq. Yards,3197,283,3215,975,1,0,,1,,,544
158152,PW21_707,30,Sq. Yards,3212,298,3276,686,1,0,,1,,,544
158645,JR9PII_E-130,30,Sq. Yards,3206,292,3257,692,1,0,,1,,,544
159774,RW27.28.26PII_E-1043,30,Sq. Yards,3205,291,3252,688,1,0,,1,,,544
159992,RW18.2-3601,30,Sq. Yards,3208,294,3264,691,1,0,,1,,,544
159999,PW21_929,30,Sq. Yards,3212,298,3276,694,1,0,,1,,,544
160192,JR6_E-340,30,Sq. Yards,3206,292,3257,689,1,0,,1,,,544
160960,RK21.2_E-555,30,Sq. Yards,3205,291,3252,698,1,0,,1,,,544
161296,RW18.2-2202,30,Sq. Yards,3208,294,3264,688,1,0,,1,,,544
161696,RW27.28.26PII_E-1447,30,Sq. Yards,3205,291,3252,685,1,0,,1,,,544
161796,RW27.28.26PII_E-1549,30,Sq. Yards,3205,291,3252,687,1,0,,1,,,544
162103,RK21.2_E-112,30,Sq. Yards,3205,291,3252,684,1,0,,1,,,544
148470,KN32_141,30,Sq. Yards,3197,283,3215,693,1,0,,1,,,544
148621,PW21_504,30,Sq. Yards,3212,298,3276,710,1,0,,1,,,544
149874,RW18.2-2975,30,Sq. Yards,3208,294,3264,683,1,0,,1,,,544
150676,PJ28.1_E-73,30,Sq. Yards,3192,278,3193,944,1,0,,1,,,544
161610,JG23_1016,30,Sq. Yards,3194,280,3200,681,1,0,,1,,,544
180244,RW36A_E-329,30,Sq. Yards,3205,291,3252,683,1,0,,1,,,544
147833,JG23_1668,30,Sq. Yards,3194,280,3200,683,1,0,,1,,,544
148190,RW27.28.26PII_E-441,30,Sq. Yards,3205,291,3252,684,1,0,,1,,,544
148669,SSPIII20_E-711,30,Sq. Yards,3202,288,3238,708,1,0,,1,,,544
149669,RW18.2-2888,30,Sq. Yards,3208,294,3264,707,1,0,,1,,,544
150430,JG23_700,30,Sq. Yards,3194,280,3200,689,1,0,,1,,,544
151116,PWAP_E-228,30,Sq. Yards,3212,298,3276,686,1,0,,1,,,544
152077,JG23_1396,30,Sq. Yards,3194,280,3200,700,1,0,,1,,,544
152195,PW21_660,30,Sq. Yards,3212,298,3276,697,1,0,,1,,,544
153981,MG9.10.3_E-321,30,Sq. Yards,3207,293,3259,693,1,0,,1,,,544
154099,JR6_E-193,30,Sq. Yards,3206,292,3257,684,1,0,,1,,,544
154610,JG23_1669,30,Sq. Yards,3194,280,3200,697,1,0,,1,,,544
154624,PW21_266,30,Sq. Yards,3212,298,3276,697,1,0,,1,,,544
154685,RW27.28.26PII_E-1371,30,Sq. Yards,3205,291,3252,686,1,0,,1,,,544
154735,MG9.10.3_E-184,30,Sq. Yards,3207,293,3259,681,1,0,,1,,,544
157139,GO16_E-354,30,Sq. Yards,3199,285,3221,698,1,0,,1,,,544
157307,CD9_E-179,30,Sq. Yards,3213,299,3279,701,1,0,,1,,,544
157357,RW36A_E-248,30,Sq. Yards,3205,291,3252,690,1,0,,1,,,544
157475,JG22.2_E-41,30,Sq. Yards,3194,280,3200,696,1,0,,1,,,544
157607,PW21_22,30,Sq. Yards,3212,298,3276,898,1,0,,1,,,544
157993,JG23_750,30,Sq. Yards,3194,280,3200,699,1,0,,1,,,544
158050,JR9PII_E-242,30,Sq. Yards,3206,292,3257,695,1,0,,1,,,544
158111,RW18.2-2212,30,Sq. Yards,3208,294,3264,684,1,0,,1,,,544
158379,JG22.2_E-522,30,Sq. Yards,3194,280,3200,681,1,0,,1,,,544
159097,PWAP_E-276,30,Sq. Yards,3212,298,3276,696,1,0,,1,,,544
159454,JG24.2_E-72,30,Sq. Yards,3194,280,3200,697,1,0,,1,,,544
160619,RW18.2-3149,30,Sq. Yards,3208,294,3264,694,1,0,,1,,,544
160694,MG9.10.3_E-157,30,Sq. Yards,3207,293,3259,692,1,0,,1,,,544
161501,RW18.2-2272,30,Sq. Yards,3208,294,3264,686,1,0,,1,,,544
149892,PW21_642,30,Sq. Yards,3212,298,3276,685,1,0,,1,,,544
150711,RW18.2-3566,30,Sq. Yards,3208,294,3264,689,1,0,,1,,,544
150860,JG23_2080,30,Sq. Yards,3194,280,3200,695,1,0,,1,,,544
151445,RW27.28.26PII_E-1620,30,Sq. Yards,3205,291,3252,686,1,0,,1,,,544
151562,JG23_812,30,Sq. Yards,3194,280,3200,681,1,0,,1,,,544
152230,RW27.28.26PII_E-362,30,Sq. Yards,3205,291,3252,695,1,0,,1,,,544
152483,JG22.1_E-84,30,Sq. Yards,3194,280,3200,694,1,0,,1,,,544
152802,PWAP_E-3,30,Sq. Yards,3212,298,3276,684,1,0,,1,,,544
153083,JG22.2_E-137,30,Sq. Yards,3194,280,3200,681,1,0,,1,,,544
153185,MG9.10.2_E-53,30,Sq. Yards,3207,293,3259,689,1,0,,1,,,544
153370,JG23_520,30,Sq. Yards,3194,280,3200,696,1,0,,1,,,544
153587,GO16_E-72,30,Sq. Yards,3199,285,3221,683,1,0,,1,,,544
153736,PWAP_E-286,30,Sq. Yards,3212,298,3276,708,1,0,,1,,,544
154740,PW21_237,30,Sq. Yards,3212,298,3276,706,1,0,,1,,,544
155125,RK21.2_E-28,30,Sq. Yards,3205,291,3252,684,1,0,,1,,,544
155206,PJ28.1_E-69,30,Sq. Yards,3192,278,3193,940,1,0,,1,,,544
155676,PJ28.3_E-163,30,Sq. Yards,3192,278,3193,683,1,0,,1,,,544
155876,JG22.2_E-250,30,Sq. Yards,3194,280,3200,685,1,0,,1,,,544
156576,PJ28.2_E-69,30,Sq. Yards,3192,278,3193,974,1,0,,1,,,544
156644,JR9PII_E-97,30,Sq. Yards,3206,292,3257,697,1,0,,1,,,544
157244,JG23_2182,30,Sq. Yards,3194,280,3200,682,1,0,,1,,,544
157314,PW21_382,30,Sq. Yards,3212,298,3276,685,1,0,,1,,,544
157444,RW27.28.26PII_E-9,30,Sq. Yards,3205,291,3252,693,1,0,,1,,,544
158063,JG23_1441,30,Sq. Yards,3194,280,3200,695,1,0,,1,,,544
161088,GO13.14_252,30,Sq. Yards,3199,285,3221,694,1,0,,1,,,544
161171,GO16_E-30,30,Sq. Yards,3199,285,3221,695,1,0,,1,,,544
161492,MG9.10.3_E-231,30,Sq. Yards,3207,293,3259,688,1,0,,1,,,544
162377,JG23_600,30,Sq. Yards,3194,280,3200,692,1,0,,1,,,544
150463,PW21_862,30,Sq. Yards,3212,298,3276,691,1,0,,1,,,544
150531,JR9_E-32,30,Sq. Yards,3206,292,3257,694,1,0,,1,,,544
151467,RK5_E-281,30,Sq. Yards,3205,291,3252,692,1,0,,1,,,544
151510,RW27.28.26PII_E-364,30,Sq. Yards,3205,291,3252,681,1,0,,1,,,544
151735,RK5_E-192,30,Sq. Yards,3205,291,3252,696,1,0,,1,,,544
152276,PW21_922,30,Sq. Yards,3212,298,3276,704,1,0,,1,,,544
152912,JG24.2_E-79,30,Sq. Yards,3194,280,3200,694,1,0,,1,,,544
153212,RW27.28.26PII_E-1552,30,Sq. Yards,3205,291,3252,692,1,0,,1,,,544
154318,JG23_1292,30,Sq. Yards,3194,280,3200,1049,1,0,,1,,,544
155184,RW27.28.26PII_E-1683,30,Sq. Yards,3205,291,3252,686,1,0,,1,,,544
155981,PW21_371,30,Sq. Yards,3212,298,3276,695,1,0,,1,,,544
157256,PW21_1064,30,Sq. Yards,3212,298,3276,691,1,0,,1,,,544
158260,RK21.2_E-337,30,Sq. Yards,3205,291,3252,686,1,0,,1,,,544
159621,PW21_47,30,Sq. Yards,3212,298,3276,708,1,0,,1,,,544
161293,MG9.10.3_E-27,30,Sq. Yards,3207,293,3259,692,1,0,,1,,,544
161538,RW18.2-2478,30,Sq. Yards,3208,294,3264,682,1,0,,1,,,544
162699,SSPIII20_E-789,30,Sq. Yards,3202,288,3238,683,1,0,,1,,,544
147796,RW18.2-2991,30,Sq. Yards,3208,294,3264,700,1,0,,1,,,544
148649,PW21_1070,30,Sq. Yards,3212,298,3276,710,1,0,,1,,,544
149013,JG22.2_E-237,30,Sq. Yards,3194,280,3200,699,1,0,,1,,,544
151053,PJ28.1_E-138,30,Sq. Yards,3192,278,3193,689,1,0,,1,,,544
151239,RW18.2-3591,30,Sq. Yards,3208,294,3264,686,1,0,,1,,,544
151471,JG23_972,30,Sq. Yards,3194,280,3200,690,1,0,,1,,,544
153076,SSPIII20_E-337,30,Sq. Yards,3202,288,3238,681,1,0,,1,,,544
155883,RW18.2-3780,30,Sq. Yards,3208,294,3264,710,1,0,,1,,,544
156434,MG9.10.3_E-324,30,Sq. Yards,3207,293,3259,688,1,0,,1,,,544
157069,MG9.10.3_E-105,30,Sq. Yards,3207,293,3259,687,1,0,,1,,,544
157738,JG22.2_E-520,30,Sq. Yards,3194,280,3200,693,1,0,,1,,,544
158674,JG23_2034,30,Sq. Yards,3194,280,3200,690,1,0,,1,,,544
159228,JR9PII_E-101,30,Sq. Yards,3206,292,3257,689,1,0,,1,,,544
159578,PJ28.1_E-192,30,Sq. Yards,3192,278,3193,709,1,0,,1,,,544
160545,JG23_1692,30,Sq. Yards,3194,280,3200,683,1,0,,1,,,544
161199,RK5_E-43,30,Sq. Yards,3205,291,3252,690,1,0,,1,,,544
161250,RK21.2_E-422,30,Sq. Yards,3205,291,3252,695,1,0,,1,,,544
162218,CD1B_E-13,30,Sq. Yards,3213,299,3279,691,1,0,,1,,,544
148394,JG22.2_E-249,30,Sq. Yards,3194,280,3200,683,1,0,,1,,,544
148926,PW21_1003,30,Sq. Yards,3212,298,3276,684,1,0,,1,,,544
149544,RW36A_E-229,30,Sq. Yards,3205,291,3252,697,1,0,,1,,,544
149637,JG23_1052,30,Sq. Yards,3194,280,3200,689,1,0,,1,,,544
149737,JR9PII_E-197,30,Sq. Yards,3206,292,3257,690,1,0,,1,,,544
149819,RW27.28.26PII_E-789,30,Sq. Yards,3205,291,3252,683,1,0,,1,,,544
150291,RK21.2_E-205,30,Sq. Yards,3205,291,3252,690,1,0,,1,,,544
150573,RW18.2-2891,30,Sq. Yards,3208,294,3264,685,1,0,,1,,,544
150748,JG22.2_E-152,30,Sq. Yards,3194,280,3200,692,1,0,,1,,,544
151198,JR6_E-379,30,Sq. Yards,3206,292,3257,698,1,0,,1,,,544
151216,JG23_2108,30,Sq. Yards,3194,280,3200,684,1,0,,1,,,544
151452,PW21_811,30,Sq. Yards,3212,298,3276,697,1,0,,1,,,544
151566,RW27.28.26PII_E-623,30,Sq. Yards,3205,291,3252,686,1,0,,1,,,544
153338,JG23_1260,30,Sq. Yards,3194,280,3200,689,1,0,,1,,,544
153424,PJ28.3_E-183,30,Sq. Yards,3192,278,3193,704,1,0,,1,,,544
154492,PWAP_E-310,30,Sq. Yards,3212,298,3276,697,1,0,,1,,,544
155778,CD9_E-301,30,Sq. Yards,3213,299,3279,681,1,0,,1,,,544
156364,SSPIII20_E-171,30,Sq. Yards,3202,288,3238,709,1,0,,1,,,544
159197,KN32_102,30,Sq. Yards,3197,283,3215,692,1,0,,1,,,544
159229,SSPIII20_E-680,30,Sq. Yards,3202,288,3238,703,1,0,,1,,,544
160058,RW18.2-3309,30,Sq. Yards,3208,294,3264,693,1,0,,1,,,544
160515,JG23_1438,30,Sq. Yards,3194,280,3200,691,1,0,,1,,,544
160519,CD9_E-29,30,Sq. Yards,3213,299,3279,686,1,0,,1,,,544
160626,RK21.2_E-637,30,Sq. Yards,3205,291,3252,685,1,0,,1,,,544
161008,RW18.2-2795,30,Sq. Yards,3208,294,3264,681,1,0,,1,,,544
161012,RW18.2-3307,30,Sq. Yards,3208,294,3264,688,1,0,,1,,,544
162073,RW18.2-3020,30,Sq. Yards,3208,294,3264,684,1,0,,1,,,544
162137,RW18.1_E-137,30,Sq. Yards,3208,294,3264,681,1,0,,1,,,544
148843,RK21.2_E-95,30,Sq. Yards,3205,291,3252,702,1,0,,1,,,544
149547,JG23_1129,30,Sq. Yards,3194,280,3200,687,1,0,,1,,,544
150758,RW27.28.26PII_E-1217,30,Sq. Yards,3205,291,3252,701,1,0,,1,,,544
150783,RW27.28.26PII_E-1227,30,Sq. Yards,3205,291,3252,686,1,0,,1,,,544
150790,JG22.2_E-214,30,Sq. Yards,3194,280,3200,683,1,0,,1,,,544
150822,RW18.2-2309,30,Sq. Yards,3208,294,3264,683,1,0,,1,,,544
151592,SSPIII20_E-755,30,Sq. Yards,3202,288,3238,704,1,0,,1,,,544
151994,RW18.2-2394,30,Sq. Yards,3208,294,3264,704,1,0,,1,,,544
152494,JR6_E-383,30,Sq. Yards,3206,292,3257,687,1,0,,1,,,544
152887,RW27.28.26PII_E-109,30,Sq. Yards,3205,291,3252,681,1,0,,1,,,544
153323,RW27.28.26PII_E-363,30,Sq. Yards,3205,291,3252,686,1,0,,1,,,544
153521,PW21_597,30,Sq. Yards,3212,298,3276,682,1,0,,1,,,544
153530,SD8_E-34,30,Sq. Yards,3200,286,3230,685,1,0,,1,,,544
153555,MG9.10.3_E-6,30,Sq. Yards,3207,293,3259,685,1,0,,1,,,544
153600,RW36A_E-243,30,Sq. Yards,3205,291,3252,696,1,0,,1,,,544
153630,RW19.2_E-56,30,Sq. Yards,3208,294,3264,697,1,0,,1,,,544
154968,RK21.2_E-621,30,Sq. Yards,3205,291,3252,690,1,0,,1,,,544
156638,JG24.1_E-18,30,Sq. Yards,3194,280,3200,699,1,0,,1,,,544
156763,RW27.28.26PII_E-1413,30,Sq. Yards,3205,291,3252,690,1,0,,1,,,544
156806,GO16_E-224,30,Sq. Yards,3199,285,3221,700,1,0,,1,,,544
157978,PW21_655,30,Sq. Yards,3212,298,3276,708,1,0,,1,,,544
158037,JG23_1891,30,Sq. Yards,3194,280,3200,682,1,0,,1,,,544
158235,JG24.2_E-26,30,Sq. Yards,3194,280,3200,691,1,0,,1,,,544
159012,JG22.2_E-311,30,Sq. Yards,3194,280,3200,684,1,0,,1,,,544
160241,RW18.2-2719,30,Sq. Yards,3208,294,3264,685,1,0,,1,,,544
161945,PW21_600,30,Sq. Yards,3212,298,3276,683,1,0,,1,,,544
162649,RW18.2-3243,30,Sq. Yards,3208,294,3264,700,1,0,,1,,,544
147565,PJ28.3_E-109,30,Sq. Yards,3192,278,3193,700,1,0,,1,,,544
148215,SSPIII20_E-167,30,Sq. Yards,3202,288,3238,701,1,0,,1,,,544
148233,RW18.2-2358,30,Sq. Yards,3208,294,3264,688,1,0,,1,,,544
149126,RW18.2-3434,30,Sq. Yards,3208,294,3264,698,1,0,,1,,,544
149662,RW27.28.26PII_E-301,30,Sq. Yards,3205,291,3252,681,1,0,,1,,,544
150423,RW27.28.26PII_E-1633,30,Sq. Yards,3205,291,3252,683,1,0,,1,,,544
151441,SSPIII20_E-655,30,Sq. Yards,3202,288,3238,703,1,0,,1,,,544
151534,PW21_263,30,Sq. Yards,3212,298,3276,682,1,0,,1,,,544
152052,RW27.28.26PII_E-1057,30,Sq. Yards,3205,291,3252,687,1,0,,1,,,544
152095,JG23_426,30,Sq. Yards,3194,280,3200,684,1,0,,1,,,544
152906,JG23_2148,30,Sq. Yards,3194,280,3200,684,1,0,,1,,,544
153106,JG22.2_E-316,30,Sq. Yards,3194,280,3200,696,1,0,,1,,,544
153638,SSPIII20_E-557,30,Sq. Yards,3202,288,3238,700,1,0,,1,,,544
154692,RW27.28.26PII_E-1109,30,Sq. Yards,3205,291,3252,684,1,0,,1,,,544
155196,CD9_E-355,30,Sq. Yards,3213,299,3279,691,1,0,,1,,,544
155789,RW18.2-3508,30,Sq. Yards,3208,294,3264,684,1,0,,1,,,544
156039,RW18.2-3085,30,Sq. Yards,3208,294,3264,698,1,0,,1,,,544
158947,JG23_1350,30,Sq. Yards,3194,280,3200,686,1,0,,1,,,544
159061,RW18.2-2748,30,Sq. Yards,3208,294,3264,695,1,0,,1,,,544
159247,PW21_409,30,Sq. Yards,3212,298,3276,699,1,0,,1,,,544
160026,RW36A_E-129,30,Sq. Yards,3205,291,3252,702,1,0,,1,,,544
162362,RK5_E-100,30,Sq. Yards,3205,291,3252,686,1,0,,1,,,544
148331,RW27.28.26PII_E-45,30,Sq. Yards,3205,291,3252,688,1,0,,1,,,544
148831,JR9PII_E-112,30,Sq. Yards,3206,292,3257,681,1,0,,1,,,544
149950,JG22.2_E-185,30,Sq. Yards,3194,280,3200,685,1,0,,1,,,544
150568,JG23_932,30,Sq. Yards,3194,280,3200,682,1,0,,1,,,544
151603,PJ28.3_E-143,30,Sq. Yards,3192,278,3193,935,1,0,,1,,,544
151607,RK5_E-351,30,Sq. Yards,3205,291,3252,695,1,0,,1,,,544
152257,JR9PII_E-125,30,Sq. Yards,3206,292,3257,694,1,0,,1,,,544
153158,RK21.2_E-411,30,Sq. Yards,3205,291,3252,685,1,0,,1,,,544
153779,RW18.2-3688,30,Sq. Yards,3208,294,3264,699,1,0,,1,,,544
154797,RW18.2-2354,30,Sq. Yards,3208,294,3264,691,1,0,,1,,,544
155130,GO16_E-352,30,Sq. Yards,3199,285,3221,697,1,0,,1,,,544
155297,GO16_E-331,30,Sq. Yards,3199,285,3221,684,1,0,,1,,,544
155330,GO16_E-66,30,Sq. Yards,3199,285,3221,684,1,0,,1,,,544
156016,JG22.2_E-678,30,Sq. Yards,3194,280,3200,689,1,0,,1,,,544
157202,PWAP_E-287,30,Sq. Yards,3212,298,3276,697,1,0,,1,,,544
157556,RK21.2_E-425,30,Sq. Yards,3205,291,3252,695,1,0,,1,,,544
147461,JAJ_E-77,30,Sq. Yards,3200,286,3229,689,1,0,,1,,,544
147475,RK21.2_E-144,30,Sq. Yards,3205,291,3252,700,1,0,,1,,,544
149852,RW18.2-2135,30,Sq. Yards,3208,294,3264,703,1,0,,1,,,544
150134,RW18.2-3089,30,Sq. Yards,3208,294,3264,689,1,0,,1,,,544
150320,RW27.28.26PII_E-1115,30,Sq. Yards,3205,291,3252,686,1,0,,1,,,544
151270,JG23_861,30,Sq. Yards,3194,280,3200,700,1,0,,1,,,544
151423,JG24.2_E-120,30,Sq. Yards,3194,280,3200,696,1,0,,1,,,544
151755,SD8_E-239,30,Sq. Yards,3200,286,3230,688,1,0,,1,,,544
151938,JG23_2165,30,Sq. Yards,3194,280,3200,701,1,0,,1,,,544
152323,JG24.1_E-62,30,Sq. Yards,3194,280,3200,702,1,0,,1,,,544
152574,JG22.2_E-280,30,Sq. Yards,3194,280,3200,701,1,0,,1,,,544
153074,JG22.2_E-665,30,Sq. Yards,3194,280,3200,681,1,0,,1,,,544
153359,RW18.2-2905,30,Sq. Yards,3208,294,3264,706,1,0,,1,,,544
154595,KN32_4,30,Sq. Yards,3197,283,3215,691,1,0,,1,,,544
154746,GO13.14_223,30,Sq. Yards,3199,285,3221,683,1,0,,1,,,544
155149,JG23_2169,30,Sq. Yards,3194,280,3200,696,1,0,,1,,,544
155232,RW27.28.26PII_E-654,30,Sq. Yards,3205,291,3252,702,1,0,,1,,,544
155449,RK21.2_E-84,30,Sq. Yards,3205,291,3252,681,1,0,,1,,,544
155500,RW36A_E-119,30,Sq. Yards,3205,291,3252,685,1,0,,1,,,544
156803,JG23_1728,30,Sq. Yards,3194,280,3200,681,1,0,,1,,,544
159325,RW18.2-2021,30,Sq. Yards,3208,294,3264,703,1,0,,1,,,544
160194,RW27.28.26PII_E-1645,30,Sq. Yards,3205,291,3252,702,1,0,,1,,,544
160611,SSPIII20_E-615,30,Sq. Yards,3202,288,3238,681,1,0,,1,,,544
161615,RW18.2-3095,30,Sq. Yards,3208,294,3264,683,1,0,,1,,,544
162620,RW18.2-3596,30,Sq. Yards,3208,294,3264,708,1,0,,1,,,544
147779,RW18.2-3749,30,Sq. Yards,3208,294,3264,698,1,0,,1,,,544
147930,RK21.2_E-449,30,Sq. Yards,3205,291,3252,683,1,0,,1,,,544
148329,JR9PII_E-182,30,Sq. Yards,3206,292,3257,688,1,0,,1,,,544
149384,KN9.32_E-13,30,Sq. Yards,3197,283,3215,697,1,0,,1,,,544
149648,MG9.10.3_E-241,30,Sq. Yards,3207,293,3259,692,1,0,,1,,,544
150152,SSPIII20_E-799,30,Sq. Yards,3202,288,3238,705,1,0,,1,,,544
150402,RK5_E-162,30,Sq. Yards,3205,291,3252,700,1,0,,1,,,544
150434,RW18.2-3009,30,Sq. Yards,3208,294,3264,683,1,0,,1,,,544
150920,RW27.28.26PII_E-577,30,Sq. Yards,3205,291,3252,696,1,0,,1,,,544
151088,JG22.2_E-574,30,Sq. Yards,3194,280,3200,681,1,0,,1,,,544
151305,KN32_144,30,Sq. Yards,3197,283,3215,696,1,0,,1,,,544
151356,RW18.1_E-59,30,Sq. Yards,3208,294,3264,688,1,0,,1,,,544
151420,RW27.28.26PII_E-1644,30,Sq. Yards,3205,291,3252,690,1,0,,1,,,544
151687,RW18.2-2539,30,Sq. Yards,3208,294,3264,685,1,0,,1,,,544
152423,SD8_E-49,30,Sq. Yards,3200,286,3230,696,1,0,,1,,,544
153010,RW18.1_E-80,30,Sq. Yards,3208,294,3264,689,1,0,,1,,,544
153209,JG23_2251,30,Sq. Yards,3194,280,3200,684,1,0,,1,,,544
153345,RW36A_E-126,30,Sq. Yards,3205,291,3252,702,1,0,,1,,,544
153646,KN9.32_E-109,30,Sq. Yards,3197,283,3215,687,1,0,,1,,,544
154046,PW21_635,30,Sq. Yards,3212,298,3276,682,1,0,,1,,,544
154113,RK21.2_E-73,30,Sq. Yards,3205,291,3252,682,1,0,,1,,,544
154413,JG22.2_E-411,30,Sq. Yards,3194,280,3200,686,1,0,,1,,,544
154414,RW18.2-2486,30,Sq. Yards,3208,294,3264,688,1,0,,1,,,544
154632,PWAP_E-142,30,Sq. Yards,3212,298,3276,706,1,0,,1,,,544
155082,JG22.2_E-357,30,Sq. Yards,3194,280,3200,689,1,0,,1,,,544
155200,GO13.14_209,30,Sq. Yards,3199,285,3221,686,1,0,,1,,,544
155999,RW27.28.26PII_E-174,30,Sq. Yards,3205,291,3252,692,1,0,,1,,,544
156067,RW27.28.26PII_E-916,30,Sq. Yards,3205,291,3252,686,1,0,,1,,,544
157807,MG9.10.3_E-311,30,Sq. Yards,3207,293,3259,686,1,0,,1,,,544
158108,JG23_1223,30,Sq. Yards,3194,280,3200,686,1,0,,1,,,544
158475,RK5_E-171,30,Sq. Yards,3205,291,3252,683,1,0,,1,,,544
159126,JG23_2011,30,Sq. Yards,3194,280,3200,701,1,0,,1,,,544
159261,JR6_E-52,30,Sq. Yards,3206,292,3257,694,1,0,,1,,,544
159462,JR9PII_E-200,30,Sq. Yards,3206,292,3257,686,1,0,,1,,,544
159744,JG24.2_E-123,30,Sq. Yards,3194,280,3200,686,1,0,,1,,,544
160212,JG23_943,30,Sq. Yards,3194,280,3200,683,1,0,,1,,,544
160565,JG23_904,30,Sq. Yards,3194,280,3200,702,1,0,,1,,,544
160712,JG23_1733,30,Sq. Yards,3194,280,3200,702,1,0,,1,,,544
161116,RW27.28.26PII_E-88,30,Sq. Yards,3205,291,3252,686,1,0,,1,,,544
147954,JG23_1382,30,Sq. Yards,3194,280,3200,693,1,0,,1,,,544
148254,RW36A_E-148,30,Sq. Yards,3205,291,3252,701,1,0,,1,,,544
149473,RW19.1_E-8,30,Sq. Yards,3208,294,3264,706,1,0,,1,,,544
149641,RW18.2-2948,30,Sq. Yards,3208,294,3264,699,1,0,,1,,,544
150643,PWAP_E-507,30,Sq. Yards,3212,298,3276,685,1,0,,1,,,544
150911,RW18.2-2692,30,Sq. Yards,3208,294,3264,681,1,0,,1,,,544
151296,GO16_E-319,30,Sq. Yards,3199,285,3221,685,1,0,,1,,,544
152298,RW18.2-2707,30,Sq. Yards,3208,294,3264,697,1,0,,1,,,544
153919,SSPIII20_E-801,30,Sq. Yards,3202,288,3238,705,1,0,,1,,,544
154002,JR6_E-471,30,Sq. Yards,3206,292,3257,695,1,0,,1,,,544
154038,PW21_508,30,Sq. Yards,3212,298,3276,696,1,0,,1,,,544
154355,JG24.2_E-68,30,Sq. Yards,3194,280,3200,701,1,0,,1,,,544
155021,RW27.28.26PII_E-986,30,Sq. Yards,3205,291,3252,698,1,0,,1,,,544
155106,RW18.2-2657,30,Sq. Yards,3208,294,3264,707,1,0,,1,,,544
155591,RW27.28.26PII_E-1628,30,Sq. Yards,3205,291,3252,684,1,0,,1,,,544
156495,JG23_888,30,Sq. Yards,3194,280,3200,702,1,0,,1,,,544
156527,JG23_823,30,Sq. Yards,3194,280,3200,696,1,0,,1,,,544
157597,RW18.2-2312,30,Sq. Yards,3208,294,3264,700,1,0,,1,,,544
157678,GO16_E-175,30,Sq. Yards,3199,285,3221,701,1,0,,1,,,544
158199,JG23_1881,30,Sq. Yards,3194,280,3200,695,1,0,,1,,,544
158584,RK21.2_E-347,30,Sq. Yards,3205,291,3252,683,1,0,,1,,,544
158699,RW27.28.26PII_E-232,30,Sq. Yards,3205,291,3252,701,1,0,,1,,,544
159401,JG22.2_E-171,30,Sq. Yards,3194,280,3200,697,1,0,,1,,,544
159837,FD9_E-105,30,Sq. Yards,3201,287,3233,683,1,0,,1,,,544
160003,CD9_E-160,30,Sq. Yards,3213,299,3279,682,1,0,,1,,,544
160254,PW21_755,30,Sq. Yards,3212,298,3276,708,1,0,,1,,,544
160924,RW18.2-2856,30,Sq. Yards,3208,294,3264,691,1,0,,1,,,544
161205,RW27.28.26PII_E-134,30,Sq. Yards,3205,291,3252,700,1,0,,1,,,544
162092,RW18.2-2606,30,Sq. Yards,3208,294,3264,681,1,0,,1,,,544
159284,JG24.2_E-102,30,Sq. Yards,3194,280,3200,686,1,0,,1,,,544
159503,CD9_E-485,30,Sq. Yards,3213,299,3279,697,1,0,,1,,,544
161173,RW18.2-3541,30,Sq. Yards,3208,294,3264,698,1,0,,1,,,544
161639,FD9_E-28,30,Sq. Yards,3201,287,3233,696,1,0,,1,,,544
161775,JG22.2_E-670,30,Sq. Yards,3194,280,3200,683,1,0,,1,,,544
162058,RW18.2-2779,30,Sq. Yards,3208,294,3264,692,1,0,,1,,,544
162107,JG23_890,30,Sq. Yards,3194,280,3200,683,1,0,,1,,,544
162160,GO13.14_107,30,Sq. Yards,3199,285,3221,690,1,0,,1,,,544
148800,RW19.1_E-126,30,Sq. Yards,3208,294,3264,688,1,0,,1,,,544
149597,JG23_604,30,Sq. Yards,3194,280,3200,698,1,0,,1,,,544
149929,CD9_E-113,30,Sq. Yards,3213,299,3279,682,1,0,,1,,,544
152001,GO16_E-61,30,Sq. Yards,3199,285,3221,688,1,0,,1,,,544
152671,JG23_1498,30,Sq. Yards,3194,280,3200,696,1,0,,1,,,544
152739,GO16_E-277,30,Sq. Yards,3199,285,3221,696,1,0,,1,,,544
153103,RW27.28.26PII_E-1387,30,Sq. Yards,3205,291,3252,683,1,0,,1,,,544
154007,PW21_127,30,Sq. Yards,3212,298,3276,688,1,0,,1,,,544
154382,RW18.2-2327,30,Sq. Yards,3208,294,3264,708,1,0,,1,,,544
154677,RK21.2_E-282,30,Sq. Yards,3205,291,3252,694,1,0,,1,,,544
155313,JG23_2017,30,Sq. Yards,3194,280,3200,1044,1,0,,1,,,544
156088,PW21_257,30,Sq. Yards,3212,298,3276,690,1,0,,1,,,544
156549,JG22.2_E-233,30,Sq. Yards,3194,280,3200,687,1,0,,1,,,544
157560,JR9PII_E-238,30,Sq. Yards,3206,292,3257,683,1,0,,1,,,544
157717,PW21_225,30,Sq. Yards,3212,298,3276,696,1,0,,1,,,544
157953,RW27.28.26PII_E-453,30,Sq. Yards,3205,291,3252,681,1,0,,1,,,544
159930,RW27.28.26PII_E-1001,30,Sq. Yards,3205,291,3252,702,1,0,,1,,,544
160325,JG23_1532,30,Sq. Yards,3194,280,3200,683,1,0,,1,,,544
160802,FD9_E-170,30,Sq. Yards,3201,287,3233,681,1,0,,1,,,544
161270,RW36A_E-205,30,Sq. Yards,3205,291,3252,684,1,0,,1,,,544
161770,JG23_1685,30,Sq. Yards,3194,280,3200,696,1,0,,1,,,544
161936,RW27.28.26PII_E-1343,30,Sq. Yards,3205,291,3252,693,1,0,,1,,,544
162240,RW27.28.26PII_E-82,30,Sq. Yards,3205,291,3252,701,1,0,,1,,,544
147513,PW21_15,30,Sq. Yards,3212,298,3276,708,1,0,,1,,,544
147917,FD9_E-173,30,Sq. Yards,3201,287,3233,692,1,0,,1,,,544
148067,SSPIII20_E-447,30,Sq. Yards,3202,288,3238,681,1,0,,1,,,544
148131,MG9.10.2_E-31,30,Sq. Yards,3207,293,3259,690,1,0,,1,,,544
148235,JG23_1608,30,Sq. Yards,3194,280,3200,685,1,0,,1,,,544
148603,RK21.2_E-25,30,Sq. Yards,3205,291,3252,681,1,0,,1,,,544
149335,JG23_2186,30,Sq. Yards,3194,280,3200,697,1,0,,1,,,544
150825,RW27.28.26PII_E-1022,30,Sq. Yards,3205,291,3252,700,1,0,,1,,,544
151375,FD9_E-3,30,Sq. Yards,3201,287,3233,695,1,0,,1,,,544
151407,PW21_585,30,Sq. Yards,3212,298,3276,689,1,0,,1,,,544
152025,RW27.28.26PII_E-186,30,Sq. Yards,3205,291,3252,690,1,0,,1,,,544
152354,JG22.2_E-727,30,Sq. Yards,3194,280,3200,702,1,0,,1,,,544
152811,JG23_754,30,Sq. Yards,3194,280,3200,688,1,0,,1,,,544
154065,JG23_2238,30,Sq. Yards,3194,280,3200,699,1,0,,1,,,544
154876,RW18.2-2176,30,Sq. Yards,3208,294,3264,684,1,0,,1,,,544
155426,PJ28.1_E-167,30,Sq. Yards,3192,278,3193,944,1,0,,1,,,544
156287,RW18.2-2589,30,Sq. Yards,3208,294,3264,708,1,0,,1,,,544
156591,JR9PII_E-256,30,Sq. Yards,3206,292,3257,681,1,0,,1,,,544
156941,PW21_394,30,Sq. Yards,3212,298,3276,708,1,0,,1,,,544
158270,JG22.1_E-99,30,Sq. Yards,3194,280,3200,684,1,0,,1,,,544
159195,SSPIII20_E-467,30,Sq. Yards,3202,288,3238,851,1,0,,1,,,544
159524,SSPIII20_E-173,30,Sq. Yards,3202,288,3238,694,1,0,,1,,,544
160867,CD1B_E-20,30,Sq. Yards,3213,299,3279,695,1,0,,1,,,544
160935,RW27.28.26PII_E-501,30,Sq. Yards,3205,291,3252,701,1,0,,1,,,544
161310,JG23_673,30,Sq. Yards,3194,280,3200,681,1,0,,1,,,544
161728,FD9_E-100,30,Sq. Yards,3201,287,3233,686,1,0,,1,,,544
150276,CD9_E-493,30,Sq. Yards,3213,299,3279,692,1,0,,1,,,544
150561,JR9PII_E-299,30,Sq. Yards,3206,292,3257,691,1,0,,1,,,544
150993,RW27.28.26PII_E-361,30,Sq. Yards,3205,291,3252,699,1,0,,1,,,544
151797,SSPIII20_E-836,30,Sq. Yards,3202,288,3238,709,1,0,,1,,,544
152348,RW27.28.26PII_E-455,30,Sq. Yards,3205,291,3252,688,1,0,,1,,,544
152484,SSPIII20_E-268,30,Sq. Yards,3202,288,3238,701,1,0,,1,,,544
152999,JR6_E-242,30,Sq. Yards,3206,292,3257,687,1,0,,1,,,544
156571,RW27.28.26PII_E-376,30,Sq. Yards,3205,291,3252,687,1,0,,1,,,544
157600,JG22.1_E-121,30,Sq. Yards,3194,280,3200,695,1,0,,1,,,544
157661,JG22.2_E-760,30,Sq. Yards,3194,280,3200,690,1,0,,1,,,544
157918,RW18.2-3817,30,Sq. Yards,3208,294,3264,705,1,0,,1,,,544
158593,RK21.2_E-419,30,Sq. Yards,3205,291,3252,700,1,0,,1,,,544
159847,RK5_E-364,30,Sq. Yards,3205,291,3252,692,1,0,,1,,,544
148281,KN9.32_E-79,30,Sq. Yards,3197,283,3215,937,1,0,,1,,,544
148946,PJ28.3_E-171,30,Sq. Yards,3192,278,3193,699,1,0,,1,,,544
149149,SD8_E-240,30,Sq. Yards,3200,286,3230,682,1,0,,1,,,544
150049,KN32_116,30,Sq. Yards,3197,283,3215,681,1,0,,1,,,544
150303,RW27.28.26PII_E-1420,30,Sq. Yards,3205,291,3252,681,1,0,,1,,,544
150618,JG23_1277,30,Sq. Yards,3194,280,3200,683,1,0,,1,,,544
151322,RK5_E-145,30,Sq. Yards,3205,291,3252,701,1,0,,1,,,544
151971,RW27.28.26PII_E-1625,30,Sq. Yards,3205,291,3252,692,1,0,,1,,,544
152758,RW27.28.26PII_E-521,30,Sq. Yards,3205,291,3252,682,1,0,,1,,,544
153275,CD9_E-453,30,Sq. Yards,3213,299,3279,693,1,0,,1,,,544
153276,PW21_1160,30,Sq. Yards,3212,298,3276,710,1,0,,1,,,544
153394,JR9PII_E-75,30,Sq. Yards,3206,292,3257,692,1,0,,1,,,544
154244,RW36A_E-155,30,Sq. Yards,3205,291,3252,686,1,0,,1,,,544
154529,RW36A_E-77,30,Sq. Yards,3205,291,3252,682,1,0,,1,,,544
154630,RW27.28.26PII_E-379,30,Sq. Yards,3205,291,3252,682,1,0,,1,,,544
154715,RK5_E-347,30,Sq. Yards,3205,291,3252,699,1,0,,1,,,544
155080,GO16_E-131,30,Sq. Yards,3199,285,3221,691,1,0,,1,,,544
155383,RW27.28.26PII_E-1240,30,Sq. Yards,3205,291,3252,693,1,0,,1,,,544
155551,MG9.10.3_E-332,30,Sq. Yards,3207,293,3259,681,1,0,,1,,,544
155984,MG9.10.3_E-274,30,Sq. Yards,3207,293,3259,693,1,0,,1,,,544
156502,RW18.2-2720,30,Sq. Yards,3208,294,3264,710,1,0,,1,,,544
156520,RW18.2-2034,30,Sq. Yards,3208,294,3264,683,1,0,,1,,,544
156720,RW18.2-3758,30,Sq. Yards,3208,294,3264,704,1,0,,1,,,544
156787,JG23_1522,30,Sq. Yards,3194,280,3200,681,1,0,,1,,,544
157037,RW18.2-3718,30,Sq. Yards,3208,294,3264,683,1,0,,1,,,544
158024,CD9_E-135,30,Sq. Yards,3213,299,3279,701,1,0,,1,,,544
158559,KN32_298,30,Sq. Yards,3197,283,3215,692,1,0,,1,,,544
158642,JG23_1427,30,Sq. Yards,3194,280,3200,695,1,0,,1,,,544
159292,RW27.28.26PII_E-1584,30,Sq. Yards,3205,291,3252,702,1,0,,1,,,544
159459,RW18.2-2249,30,Sq. Yards,3208,294,3264,705,1,0,,1,,,544
159745,RW36A_E-9,30,Sq. Yards,3205,291,3252,698,1,0,,1,,,544
160264,JG22.2_E-562,30,Sq. Yards,3194,280,3200,1047,1,0,,1,,,544
160414,RW27.28.26PII_E-1730,30,Sq. Yards,3205,291,3252,702,1,0,,1,,,544
161367,RW27.28.26PII_E-262,30,Sq. Yards,3205,291,3252,681,1,0,,1,,,544
161649,GO13.14_162,30,Sq. Yards,3199,285,3221,684,1,0,,1,,,544
161999,RW36A_E-63,30,Sq. Yards,3205,291,3252,681,1,0,,1,,,544
162235,JG23_621,30,Sq. Yards,3194,280,3200,688,1,0,,1,,,544
162453,RW18.1_E-8,30,Sq. Yards,3208,294,3264,687,1,0,,1,,,544
147553,RK21.2_E-70,30,Sq. Yards,3205,291,3252,702,1,0,,1,,,544
147621,PW21_543,30,Sq. Yards,3212,298,3276,709,1,0,,1,,,544
148306,GO13.14_150,30,Sq. Yards,3199,285,3221,695,1,0,,1,,,544
148472,JG23_437,30,Sq. Yards,3194,280,3200,700,1,0,,1,,,544
149240,RW18.2-3051,30,Sq. Yards,3208,294,3264,698,1,0,,1,,,544
149376,PJ28.3_E-53,30,Sq. Yards,3192,278,3193,935,1,0,,1,,,544
149576,JG23_1946,30,Sq. Yards,3194,280,3200,684,1,0,,1,,,544
150846,JG22.1_E-23,30,Sq. Yards,3194,280,3200,686,1,0,,1,,,544
150861,JG23_1058,30,Sq. Yards,3194,280,3200,686,1,0,,1,,,544
152367,RW18.2-3818,30,Sq. Yards,3208,294,3264,694,1,0,,1,,,544
153050,SD8_E-248,30,Sq. Yards,3200,286,3230,695,1,0,,1,,,544
153601,RW27.28.26PII_E-1619,30,Sq. Yards,3205,291,3252,692,1,0,,1,,,544
153667,PW21_323,30,Sq. Yards,3212,298,3276,686,1,0,,1,,,544
154288,SD8_E-181,30,Sq. Yards,3200,286,3230,692,1,0,,1,,,544
155158,RW27.28.26PII_E-545,30,Sq. Yards,3205,291,3252,687,1,0,,1,,,544
155305,RW18.2-2401,30,Sq. Yards,3208,294,3264,691,1,0,,1,,,544
155741,FD9_E-81,30,Sq. Yards,3201,287,3233,687,1,0,,1,,,544
157245,PWAP_E-266,30,Sq. Yards,3212,298,3276,921,1,0,,1,,,544
158096,JG22.2_E-57,30,Sq. Yards,3194,280,3200,681,1,0,,1,,,544
158400,JG22.1_E-5,30,Sq. Yards,3194,280,3200,693,1,0,,1,,,544
150935,SSPIII20_E-808,30,Sq. Yards,3202,288,3238,681,1,0,,1,,,544
151707,RW27.28.26PII_E-817,30,Sq. Yards,3205,291,3252,681,1,0,,1,,,544
152540,PW21_241,30,Sq. Yards,3212,298,3276,898,1,0,,1,,,544
152707,RW27.28.26PII_E-154,30,Sq. Yards,3205,291,3252,682,1,0,,1,,,544
152957,RW18.2-2237,30,Sq. Yards,3208,294,3264,688,1,0,,1,,,544
153376,SSPIII20_E-212,30,Sq. Yards,3202,288,3238,701,1,0,,1,,,544
153529,RW27.28.26PII_E-515,30,Sq. Yards,3205,291,3252,686,1,0,,1,,,544
154161,FD9_E-145,30,Sq. Yards,3201,287,3233,685,1,0,,1,,,544
154447,FD9_E-23,30,Sq. Yards,3201,287,3233,686,1,0,,1,,,544
155601,RW27.28.26PII_E-1041,30,Sq. Yards,3205,291,3252,681,1,0,,1,,,544
156183,RW27.28.26PII_E-1027,30,Sq. Yards,3205,291,3252,695,1,0,,1,,,544
157470,RW18.2-2844,30,Sq. Yards,3208,294,3264,698,1,0,,1,,,544
158491,GO13.14_160,30,Sq. Yards,3199,285,3221,684,1,0,,1,,,544
158706,SD8_E-18,30,Sq. Yards,3200,286,3230,683,1,0,,1,,,544
159291,GO13.14_89,30,Sq. Yards,3199,285,3221,700,1,0,,1,,,544
161299,PW21_699,30,Sq. Yards,3212,298,3276,681,1,0,,1,,,544
161668,JG22.2_E-343,30,Sq. Yards,3194,280,3200,681,1,0,,1,,,544
161885,PW21_1036,30,Sq. Yards,3212,298,3276,688,1,0,,1,,,544
161935,FD9_E-98,30,Sq. Yards,3201,287,3233,696,1,0,,1,,,544
162050,JG23_2058,30,Sq. Yards,3194,280,3200,699,1,0,,1,,,544
162553,RW19.1_E-69,30,Sq. Yards,3208,294,3264,681,1,0,,1,,,544
147518,RW27.28.26PII_E-714,30,Sq. Yards,3205,291,3252,686,1,0,,1,,,544
148039,JAJ_E-94,30,Sq. Yards,3200,286,3229,688,1,0,,1,,,544
148637,RW18.2-2579,30,Sq. Yards,3208,294,3264,693,1,0,,1,,,544
148737,RW18.2-3214,30,Sq. Yards,3208,294,3264,693,1,0,,1,,,544
150594,RW27.28.26PII_E-890,30,Sq. Yards,3205,291,3252,698,1,0,,1,,,544
150611,JG22.2_E-715,30,Sq. Yards,3194,280,3200,681,1,0,,1,,,544
151547,GO16_E-171,30,Sq. Yards,3199,285,3221,690,1,0,,1,,,544
151579,SD8_E-29,30,Sq. Yards,3200,286,3230,696,1,0,,1,,,544
152096,PW21_1145,30,Sq. Yards,3212,298,3276,706,1,0,,1,,,544
152800,RW27.28.26PII_E-981,30,Sq. Yards,3205,291,3252,698,1,0,,1,,,544
154304,PJ28.1_E-113,30,Sq. Yards,3192,278,3193,974,1,0,,1,,,544
157297,KN32_212,30,Sq. Yards,3197,283,3215,681,1,0,,1,,,544
157412,RW27.28.26PII_E-1313,30,Sq. Yards,3205,291,3252,690,1,0,,1,,,544
157563,RK21.2_E-488,30,Sq. Yards,3205,291,3252,685,1,0,,1,,,544
158299,SSPIII20_E-307,30,Sq. Yards,3202,288,3238,690,1,0,,1,,,544
158765,JG22.1_E-79,30,Sq. Yards,3194,280,3200,686,1,0,,1,,,544
159267,PWAP_E-182,30,Sq. Yards,3212,298,3276,707,1,0,,1,,,544
160941,JG22.2_E-9,30,Sq. Yards,3194,280,3200,693,1,0,,1,,,544
162328,JG22.2_E-103,30,Sq. Yards,3194,280,3200,692,1,0,,1,,,544
162445,RW18.2-2194,30,Sq. Yards,3208,294,3264,703,1,0,,1,,,544
162560,RW27.28.26PII_E-778,30,Sq. Yards,3205,291,3252,690,1,0,,1,,,544
162692,RW18.2-3777,30,Sq. Yards,3208,294,3264,700,1,0,,1,,,544
147656,CD9_E-189,30,Sq. Yards,3213,299,3279,695,1,0,,1,,,544
148185,PJ28.1_E-36,30,Sq. Yards,3192,278,3193,700,1,0,,1,,,544
148317,RW18.2-3812,30,Sq. Yards,3208,294,3264,682,1,0,,1,,,544
149421,JG22.1_E-72,30,Sq. Yards,3194,280,3200,691,1,0,,1,,,544
150014,RW19.1_E-104,30,Sq. Yards,3208,294,3264,705,1,0,,1,,,544
150078,RW27.28.26PII_E-486,30,Sq. Yards,3205,291,3252,686,1,0,,1,,,544
150221,JG23_968,30,Sq. Yards,3194,280,3200,686,1,0,,1,,,544
150750,JR9PII_E-96,30,Sq. Yards,3206,292,3257,685,1,0,,1,,,544
151357,SSPIII20_E-626,30,Sq. Yards,3202,288,3238,693,1,0,,1,,,544
151661,CD9_E-238,30,Sq. Yards,3213,299,3279,692,1,0,,1,,,544
152093,PWAP_E-50,30,Sq. Yards,3212,298,3276,691,1,0,,1,,,544
152168,SSPIII20_E-160,30,Sq. Yards,3202,288,3238,684,1,0,,1,,,544
152229,JR6_E-108,30,Sq. Yards,3206,292,3257,681,1,0,,1,,,544
152311,JG23_571,30,Sq. Yards,3194,280,3200,692,1,0,,1,,,544
152368,RW18.2-2881,30,Sq. Yards,3208,294,3264,708,1,0,,1,,,544
152897,GO16_E-335,30,Sq. Yards,3199,285,3221,690,1,0,,1,,,544
154644,SSPIII20_E-428,30,Sq. Yards,3202,288,3238,708,1,0,,1,,,544
154894,MG9.10.3_E-195,30,Sq. Yards,3207,293,3259,693,1,0,,1,,,544
155287,PW21_913,30,Sq. Yards,3212,298,3276,768,1,0,,1,,,544
155787,PWAP_E-396,30,Sq. Yards,3212,298,3276,691,1,0,,1,,,544
155898,RW18.2-2330,30,Sq. Yards,3208,294,3264,704,1,0,,1,,,544
149570,SSPIII20_E-702,30,Sq. Yards,3202,288,3238,681,1,0,,1,,,544
153582,JR9PII_E-57,30,Sq. Yards,3206,292,3257,683,1,0,,1,,,544
153882,KN32_271,30,Sq. Yards,3197,283,3215,700,1,0,,1,,,544
154073,RW18.2-2675,30,Sq. Yards,3208,294,3264,708,1,0,,1,,,544
154307,JG22.2_E-491,30,Sq. Yards,3194,280,3200,687,1,0,,1,,,544
154616,KN32_25,30,Sq. Yards,3197,283,3215,681,1,0,,1,,,544
154641,JG22.2_E-279,30,Sq. Yards,3194,280,3200,702,1,0,,1,,,544
155711,GO13.14_115,30,Sq. Yards,3199,285,3221,684,1,0,,1,,,544
155988,SSPIII20_E-431,30,Sq. Yards,3202,288,3238,697,1,0,,1,,,544
156115,RW19.2_E-33,30,Sq. Yards,3208,294,3264,684,1,0,,1,,,544
156279,RW27.28.26PII_E-286,30,Sq. Yards,3205,291,3252,702,1,0,,1,,,544
156558,JG23_1875,30,Sq. Yards,3194,280,3200,701,1,0,,1,,,544
156590,JR6_E-321,30,Sq. Yards,3206,292,3257,681,1,0,,1,,,544
157092,SSPIII20_E-502,30,Sq. Yards,3202,288,3238,683,1,0,,1,,,544
157794,PWAP_E-199,30,Sq. Yards,3212,298,3276,706,1,0,,1,,,544
157919,PW21_32,30,Sq. Yards,3212,298,3276,710,1,0,,1,,,544
157951,CD9_E-52,30,Sq. Yards,3213,299,3279,684,1,0,,1,,,544
157962,RW27.28.26PII_E-1565,30,Sq. Yards,3205,291,3252,692,1,0,,1,,,544
158192,JG23_728,30,Sq. Yards,3194,280,3200,695,1,0,,1,,,544
158596,KN9.32_E-29,30,Sq. Yards,3197,283,3215,700,1,0,,1,,,544
158730,JG22.2_E-738,30,Sq. Yards,3194,280,3200,703,1,0,,1,,,544
159764,JG22.2_E-743,30,Sq. Yards,3194,280,3200,682,1,0,,1,,,544
160434,RW27.28.26PII_E-825,30,Sq. Yards,3205,291,3252,690,1,0,,1,,,544
161427,JG23_400,30,Sq. Yards,3194,280,3200,700,1,0,,1,,,544
147596,RW18.2-2231,30,Sq. Yards,3208,294,3264,695,1,0,,1,,,544
147696,JG23_1678,30,Sq. Yards,3194,280,3200,697,1,0,,1,,,544
147895,JG22.2_E-113,30,Sq. Yards,3194,280,3200,685,1,0,,1,,,544
148077,PJ28.3_E-155,30,Sq. Yards,3192,278,3193,944,1,0,,1,,,544
148445,RW27.28.26PII_E-1483,30,Sq. Yards,3205,291,3252,695,1,0,,1,,,544
149517,JR9PII_E-274,30,Sq. Yards,3206,292,3257,684,1,0,,1,,,544
150150,JG22.2_E-580,30,Sq. Yards,3194,280,3200,682,1,0,,1,,,544
150335,JG23_1970,30,Sq. Yards,3194,280,3200,694,1,0,,1,,,544
150636,KN32_332,30,Sq. Yards,3197,283,3215,681,1,0,,1,,,544
150718,CD9_E-34,30,Sq. Yards,3213,299,3279,692,1,0,,1,,,544
150868,RW27.28.26PII_E-871,30,Sq. Yards,3205,291,3252,684,1,0,,1,,,544
151004,RK21.2_E-232,30,Sq. Yards,3205,291,3252,701,1,0,,1,,,544
151122,RW27.28.26PII_E-447,30,Sq. Yards,3205,291,3252,777,1,0,,1,,,544
152775,KN9.32_E-37,30,Sq. Yards,3197,283,3215,684,1,0,,1,,,544
153126,PW21_808,30,Sq. Yards,3212,298,3276,691,1,0,,1,,,544
153261,CD9_E-365,30,Sq. Yards,3213,299,3279,691,1,0,,1,,,544
153861,RW36A_E-168,30,Sq. Yards,3205,291,3252,691,1,0,,1,,,544
154980,RW18.2-3256,30,Sq. Yards,3208,294,3264,696,1,0,,1,,,544
155565,JG24.1_E-20,30,Sq. Yards,3194,280,3200,683,1,0,,1,,,544
156369,JG23_291,30,Sq. Yards,3194,280,3200,700,1,0,,1,,,544
156601,JR9PII_E-143,30,Sq. Yards,3206,292,3257,682,1,0,,1,,,544
156887,CD9_E-343,30,Sq. Yards,3213,299,3279,692,1,0,,1,,,544
156987,CD9_E-293,30,Sq. Yards,3213,299,3279,681,1,0,,1,,,544
157002,PJ28.3_E-73,30,Sq. Yards,3192,278,3193,944,1,0,,1,,,544
157705,RW18.2-3739,30,Sq. Yards,3208,294,3264,705,1,0,,1,,,544
158373,PW21_928,30,Sq. Yards,3212,298,3276,684,1,0,,1,,,544
159678,SSPIII20_E-150,30,Sq. Yards,3202,288,3238,681,1,0,,1,,,544
160378,GO13.14_249,30,Sq. Yards,3199,285,3221,688,1,0,,1,,,544
160914,RW27.28.26PII_E-542,30,Sq. Yards,3205,291,3252,683,1,0,,1,,,544
161163,RW18.2-2851,30,Sq. Yards,3208,294,3264,708,1,0,,1,,,544
148005,JG22.1_E-50,30,Sq. Yards,3194,280,3200,687,1,0,,1,,,544
148071,GO13.14_217,30,Sq. Yards,3199,285,3221,698,1,0,,1,,,544
148422,MG9.10.2_E-2,30,Sq. Yards,3207,293,3259,693,1,0,,1,,,544
149826,JR6_E-393,30,Sq. Yards,3206,292,3257,694,1,0,,1,,,544
150377,CD1B_E-29,30,Sq. Yards,3213,299,3279,691,1,0,,1,,,544
150479,MG9.10.3_E-239,30,Sq. Yards,3207,293,3259,694,1,0,,1,,,544
150760,GO13.14_85,30,Sq. Yards,3199,285,3221,684,1,0,,1,,,544
150894,FD9_E-165,30,Sq. Yards,3201,287,3233,696,1,0,,1,,,544
151045,SSPIII20_E-39,30,Sq. Yards,3202,288,3238,710,1,0,,1,,,544
151898,SD8_E-45,30,Sq. Yards,3200,286,3230,687,1,0,,1,,,544
147703,RW18.2-3511,30,Sq. Yards,3208,294,3264,685,1,0,,1,,,544
147869,JG23_757,30,Sq. Yards,3194,280,3200,702,1,0,,1,,,544
148724,PW21_948,30,Sq. Yards,3212,298,3276,683,1,0,,1,,,544
149307,SSPIII20_E-2,30,Sq. Yards,3202,288,3238,708,1,0,,1,,,544
149339,SSPIII20_E-530,30,Sq. Yards,3202,288,3238,699,1,0,,1,,,544
149509,PWAP_E-114,30,Sq. Yards,3212,298,3276,710,1,0,,1,,,544
150811,RW27.28.26PII_E-1652,30,Sq. Yards,3205,291,3252,701,1,0,,1,,,544
152381,JR9PII_E-92,30,Sq. Yards,3206,292,3257,698,1,0,,1,,,544
152451,FD9_E-178,30,Sq. Yards,3201,287,3233,684,1,0,,1,,,544
152715,RW18.2-3103,30,Sq. Yards,3208,294,3264,696,1,0,,1,,,544
153032,RW27.28.26PII_E-339,30,Sq. Yards,3205,291,3252,682,1,0,,1,,,544
155793,RK21.2_E-122,30,Sq. Yards,3205,291,3252,702,1,0,,1,,,544
156661,JG23_1795,30,Sq. Yards,3194,280,3200,685,1,0,,1,,,544
156795,KN9.32_E-30,30,Sq. Yards,3197,283,3215,687,1,0,,1,,,544
157731,JG23_1112,30,Sq. Yards,3194,280,3200,696,1,0,,1,,,544
158982,PW21_438,30,Sq. Yards,3212,298,3276,688,1,0,,1,,,544
159101,JG23_453,30,Sq. Yards,3194,280,3200,683,1,0,,1,,,544
159169,JG23_2025,30,Sq. Yards,3194,280,3200,690,1,0,,1,,,544
159286,JR6_E-134,30,Sq. Yards,3206,292,3257,683,1,0,,1,,,544
160286,RW18.2-2308,30,Sq. Yards,3208,294,3264,684,1,0,,1,,,544
161007,JAJ_E-83,30,Sq. Yards,3200,286,3229,682,1,0,,1,,,544
147555,SSPIII20_E-42,30,Sq. Yards,3202,288,3238,851,1,0,,1,,,544
148861,RK21.2_E-353,30,Sq. Yards,3205,291,3252,690,1,0,,1,,,544
149134,JR6_E-143,30,Sq. Yards,3206,292,3257,695,1,0,,1,,,544
151208,SD8_E-187,30,Sq. Yards,3200,286,3230,694,1,0,,1,,,544
151635,RK21.2_E-250,30,Sq. Yards,3205,291,3252,690,1,0,,1,,,544
151908,RW18.2-2661,30,Sq. Yards,3208,294,3264,709,1,0,,1,,,544
152839,JG22.1_E-3,30,Sq. Yards,3194,280,3200,689,1,0,,1,,,544
155388,PJ28.3_E-190,30,Sq. Yards,3192,278,3193,935,1,0,,1,,,544
155420,RW18.2-3724,30,Sq. Yards,3208,294,3264,681,1,0,,1,,,544
155811,JG23_732,30,Sq. Yards,3194,280,3200,701,1,0,,1,,,544
155854,SSPIII20_E-717,30,Sq. Yards,3202,288,3238,701,1,0,,1,,,544
156656,RW27.28.26PII_E-1019,30,Sq. Yards,3205,291,3252,699,1,0,,1,,,544
156949,JR9PII_E-94,30,Sq. Yards,3206,292,3257,684,1,0,,1,,,544
157683,JAJ_E-9,30,Sq. Yards,3200,286,3229,693,1,0,,1,,,544
158362,CD9_E-387,30,Sq. Yards,3213,299,3279,689,1,0,,1,,,544
158460,RW18.2-3113,30,Sq. Yards,3208,294,3264,681,1,0,,1,,,544
158821,RW18.2-3279,30,Sq. Yards,3208,294,3264,688,1,0,,1,,,544
159898,RW18.2-3403,30,Sq. Yards,3208,294,3264,683,1,0,,1,,,544
159959,SD8_E-139,30,Sq. Yards,3200,286,3230,694,1,0,,1,,,544
160657,RW18.2-2029,30,Sq. Yards,3208,294,3264,704,1,0,,1,,,544
160693,RK5_E-106,30,Sq. Yards,3205,291,3252,700,1,0,,1,,,544
160859,JG22.2_E-433,30,Sq. Yards,3194,280,3200,685,1,0,,1,,,544
161259,JG23_1646,30,Sq. Yards,3194,280,3200,681,1,0,,1,,,544
161638,GO13.14_48,30,Sq. Yards,3199,285,3221,699,1,0,,1,,,544
162229,JG24.2_E-59,30,Sq. Yards,3194,280,3200,701,1,0,,1,,,544
148535,SSPIII20_E-714,30,Sq. Yards,3202,288,3238,711,1,0,,1,,,544
148742,RW18.2-3249,30,Sq. Yards,3208,294,3264,682,1,0,,1,,,544
148917,RW27.28.26PII_E-1734,30,Sq. Yards,3205,291,3252,681,1,0,,1,,,544
149153,RW18.2-3803,30,Sq. Yards,3208,294,3264,692,1,0,,1,,,544
149196,JG23_1906,30,Sq. Yards,3194,280,3200,683,1,0,,1,,,544
149210,RW27.28.26PII_E-478,30,Sq. Yards,3205,291,3252,682,1,0,,1,,,544
149803,SD8_E-228,30,Sq. Yards,3200,286,3230,687,1,0,,1,,,544
149828,JG23_1347,30,Sq. Yards,3194,280,3200,691,1,0,,1,,,544
151325,RW18.2-3186,30,Sq. Yards,3208,294,3264,705,1,0,,1,,,544
151525,JG23_1860,30,Sq. Yards,3194,280,3200,698,1,0,,1,,,544
151986,CD9_E-102,30,Sq. Yards,3213,299,3279,685,1,0,,1,,,544
152104,SSPIII20_E-818,30,Sq. Yards,3202,288,3238,711,1,0,,1,,,544
152136,SSPIII20_E-345,30,Sq. Yards,3202,288,3238,766,1,0,,1,,,544
152479,PW21_579,30,Sq. Yards,3212,298,3276,692,1,0,,1,,,544
152711,RW18.2-3435,30,Sq. Yards,3208,294,3264,683,1,0,,1,,,544
152804,PWAP_E-355,30,Sq. Yards,3212,298,3276,697,1,0,,1,,,544
155112,RW27.28.26PII_E-1105,30,Sq. Yards,3205,291,3252,686,1,0,,1,,,544
155151,PWAP_E-237,30,Sq. Yards,3212,298,3276,696,1,0,,1,,,544
155444,CD1B_E-161,30,Sq. Yards,3213,299,3279,686,1,0,,1,,,544
151263,GO16_E-356,30,Sq. Yards,3199,285,3221,696,1,0,,1,,,544
151729,JG23_1046,30,Sq. Yards,3194,280,3200,694,1,0,,1,,,544
151963,RK21.2_E-3,30,Sq. Yards,3205,291,3252,682,1,0,,1,,,544
152516,MG9.10.3_E-300,30,Sq. Yards,3207,293,3259,683,1,0,,1,,,544
152852,JG22.2_E-614,30,Sq. Yards,3194,280,3200,691,1,0,,1,,,544
153152,RW27.28.26PII_E-1591,30,Sq. Yards,3205,291,3252,683,1,0,,1,,,544
154052,SSPIII20_E-822,30,Sq. Yards,3202,288,3238,766,1,0,,1,,,544
154556,CD9_E-134,30,Sq. Yards,3213,299,3279,683,1,0,,1,,,544
155375,JG23_2175,30,Sq. Yards,3194,280,3200,692,1,0,,1,,,544
155809,JG22.2_E-473,30,Sq. Yards,3194,280,3200,702,1,0,,1,,,544
155924,RK5_E-270,30,Sq. Yards,3205,291,3252,690,1,0,,1,,,544
157060,MG9.10.3_E-278,30,Sq. Yards,3207,293,3259,687,1,0,,1,,,544
157145,JG22.2_E-656,30,Sq. Yards,3194,280,3200,695,1,0,,1,,,544
158115,JR6_E-352,30,Sq. Yards,3206,292,3257,694,1,0,,1,,,544
158432,SSPIII20_E-107,30,Sq. Yards,3202,288,3238,692,1,0,,1,,,544
158632,PW21_923,30,Sq. Yards,3212,298,3276,700,1,0,,1,,,544
159685,SSPIII20_E-461,30,Sq. Yards,3202,288,3238,704,1,0,,1,,,544
159904,RW27.28.26PII_E-1542,30,Sq. Yards,3205,291,3252,690,1,0,,1,,,544
159955,PW21_636,30,Sq. Yards,3212,298,3276,774,1,0,,1,,,544
160070,GO16_E-344,30,Sq. Yards,3199,285,3221,691,1,0,,1,,,544
160304,JG23_2023,30,Sq. Yards,3194,280,3200,696,1,0,,1,,,544
162010,JR6_E-474,30,Sq. Yards,3206,292,3257,698,1,0,,1,,,544
147506,RW18.2-2601,30,Sq. Yards,3208,294,3264,685,1,0,,1,,,544
148056,RW36A_E-313,30,Sq. Yards,3205,291,3252,682,1,0,,1,,,544
148335,RW36A_E-249,30,Sq. Yards,3205,291,3252,686,1,0,,1,,,544
148499,JG23_1576,30,Sq. Yards,3194,280,3200,689,1,0,,1,,,544
149067,RW18.2-3402,30,Sq. Yards,3208,294,3264,697,1,0,,1,,,544
151511,RW18.2-3748,30,Sq. Yards,3208,294,3264,683,1,0,,1,,,544
151600,RW18.2-2713,30,Sq. Yards,3208,294,3264,705,1,0,,1,,,544
152636,JG23_1085,30,Sq. Yards,3194,280,3200,690,1,0,,1,,,544
153222,RW27.28.26PII_E-974,30,Sq. Yards,3205,291,3252,685,1,0,,1,,,544
153422,PW21_589,30,Sq. Yards,3212,298,3276,705,1,0,,1,,,544
153665,RW18.2-3158,30,Sq. Yards,3208,294,3264,698,1,0,,1,,,544
154551,JG23_1581,30,Sq. Yards,3194,280,3200,695,1,0,,1,,,544
155437,RK21.2_E-184,30,Sq. Yards,3205,291,3252,688,1,0,,1,,,544
155912,MG9.10.3_E-21,30,Sq. Yards,3207,293,3259,689,1,0,,1,,,544
156380,JG22.2_E-200,30,Sq. Yards,3194,280,3200,685,1,0,,1,,,544
156630,KN32_344,30,Sq. Yards,3197,283,3215,695,1,0,,1,,,544
157459,JG23_1966,30,Sq. Yards,3194,280,3200,685,1,0,,1,,,544
157920,KN32_59,30,Sq. Yards,3197,283,3215,681,1,0,,1,,,544
157952,CD9_E-257,30,Sq. Yards,3213,299,3279,684,1,0,,1,,,544
158059,RW27.28.26PII_E-224,30,Sq. Yards,3205,291,3252,684,1,0,,1,,,544
160224,SSPIII20_E-779,30,Sq. Yards,3202,288,3238,689,1,0,,1,,,544
160260,MG9.10.3_E-206,30,Sq. Yards,3207,293,3259,681,1,0,,1,,,544
160499,PW21_158,30,Sq. Yards,3212,298,3276,700,1,0,,1,,,544
162203,MG9.10.3_E-210,30,Sq. Yards,3207,293,3259,681,1,0,,1,,,544
147558,SD8_E-52,30,Sq. Yards,3200,286,3230,693,1,0,,1,,,544
147708,KN9.32_E-99,30,Sq. Yards,3197,283,3215,975,1,0,,1,,,544
148351,RK5_E-305,30,Sq. Yards,3205,291,3252,684,1,0,,1,,,544
149505,JG23_335,30,Sq. Yards,3194,280,3200,692,1,0,,1,,,544
151248,KN32_194,30,Sq. Yards,3197,283,3215,681,1,0,,1,,,544
152452,PWAP_E-191,30,Sq. Yards,3212,298,3276,685,1,0,,1,,,544
153374,RW18.2-2492,30,Sq. Yards,3208,294,3264,689,1,0,,1,,,544
153499,RW18.2-2186,30,Sq. Yards,3208,294,3264,697,1,0,,1,,,544
153549,RW27.28.26PII_E-480,30,Sq. Yards,3205,291,3252,681,1,0,,1,,,544
154149,MG9.10.3_E-139,30,Sq. Yards,3207,293,3259,693,1,0,,1,,,544
154649,RK5_E-105,30,Sq. Yards,3205,291,3252,681,1,0,,1,,,544
157300,RW27.28.26PII_E-1449,30,Sq. Yards,3205,291,3252,695,1,0,,1,,,544
157518,SSPIII20_E-286,30,Sq. Yards,3202,288,3238,851,1,0,,1,,,544
159633,JR6_E-302,30,Sq. Yards,3206,292,3257,695,1,0,,1,,,544
159683,JG22.2_E-146,30,Sq. Yards,3194,280,3200,688,1,0,,1,,,544
159797,MG9.10.3_E-216,30,Sq. Yards,3207,293,3259,689,1,0,,1,,,544
160265,RW18.2-3523,30,Sq. Yards,3208,294,3264,698,1,0,,1,,,544
160440,GO13.14_195,30,Sq. Yards,3199,285,3221,686,1,0,,1,,,544
161917,JG23_1951,30,Sq. Yards,3194,280,3200,686,1,0,,1,,,544
148539,RW18.2-2688,30,Sq. Yards,3208,294,3264,707,1,0,,1,,,544
149860,PJ28.2_E-23,30,Sq. Yards,3192,278,3193,962,1,0,,1,,,544
151194,JG23_298,30,Sq. Yards,3194,280,3200,698,1,0,,1,,,544
151749,PWAP_E-265,30,Sq. Yards,3212,298,3276,705,1,0,,1,,,544
153651,KN9.32_E-133,30,Sq. Yards,3197,283,3215,699,1,0,,1,,,544
154153,JG23_1195,30,Sq. Yards,3194,280,3200,692,1,0,,1,,,544
154789,JR6_E-17,30,Sq. Yards,3206,292,3257,686,1,0,,1,,,544
156042,RK21.2_E-551,30,Sq. Yards,3205,291,3252,681,1,0,,1,,,544
157548,JG23_811,30,Sq. Yards,3194,280,3200,694,1,0,,1,,,544
159269,PW21_872,30,Sq. Yards,3212,298,3276,684,1,0,,1,,,544
159552,SSPIII20_E-529,30,Sq. Yards,3202,288,3238,685,1,0,,1,,,544
159784,SSPIII20_E-385,30,Sq. Yards,3202,288,3238,709,1,0,,1,,,544
160052,CD9_E-442,30,Sq. Yards,3213,299,3279,696,1,0,,1,,,544
160586,JG23_2122,30,Sq. Yards,3194,280,3200,690,1,0,,1,,,544
160754,JG22.2_E-467,30,Sq. Yards,3194,280,3200,682,1,0,,1,,,544
147892,RW18.2-2348,30,Sq. Yards,3208,294,3264,685,1,0,,1,,,544
147942,RW27.28.26PII_E-268,30,Sq. Yards,3205,291,3252,686,1,0,,1,,,544
148510,PW21_647,30,Sq. Yards,3212,298,3276,696,1,0,,1,,,544
149042,KN9.32_E-45,30,Sq. Yards,3197,283,3215,684,1,0,,1,,,544
149185,RW36A_E-178,30,Sq. Yards,3205,291,3252,692,1,0,,1,,,544
149385,RW18.2-2450,30,Sq. Yards,3208,294,3264,695,1,0,,1,,,544
152186,MG9.10.3_E-185,30,Sq. Yards,3207,293,3259,689,1,0,,1,,,544
152243,CD9_E-390,30,Sq. Yards,3213,299,3279,687,1,0,,1,,,544
152965,RW27.28.26PII_E-438,30,Sq. Yards,3205,291,3252,699,1,0,,1,,,544
154719,RK21.2_E-416,30,Sq. Yards,3205,291,3252,683,1,0,,1,,,544
154794,PW21_777,30,Sq. Yards,3212,298,3276,696,1,0,,1,,,544
154926,RW27.28.26PII_E-690,30,Sq. Yards,3205,291,3252,690,1,0,,1,,,544
155712,RW36A_E-15,30,Sq. Yards,3205,291,3252,683,1,0,,1,,,544
155998,JG23_1955,30,Sq. Yards,3194,280,3200,696,1,0,,1,,,544
156205,SSPIII20_E-90,30,Sq. Yards,3202,288,3238,683,1,0,,1,,,544
156541,RW27.28.26PII_E-472,30,Sq. Yards,3205,291,3252,697,1,0,,1,,,544
157123,RK21.2_E-78,30,Sq. Yards,3205,291,3252,683,1,0,,1,,,544
157466,RW27.28.26PII_E-302,30,Sq. Yards,3205,291,3252,683,1,0,,1,,,544
160399,RW18.2-3770,30,Sq. Yards,3208,294,3264,696,1,0,,1,,,544
161028,PW21_616,30,Sq. Yards,3212,298,3276,711,1,0,,1,,,544
161578,KN32_5,30,Sq. Yards,3197,283,3215,687,1,0,,1,,,544
162639,JR6_E-276,30,Sq. Yards,3206,292,3257,681,1,0,,1,,,544
147653,PJ28.3_E-148,30,Sq. Yards,3192,278,3193,935,1,0,,1,,,544
148053,RW27.28.26PII_E-204,30,Sq. Yards,3205,291,3252,696,1,0,,1,,,544
148655,PJ28.3_E-10,30,Sq. Yards,3192,278,3193,689,1,0,,1,,,544
150042,RW18.2-2738,30,Sq. Yards,3208,294,3264,703,1,0,,1,,,544
150344,RW27.28.26PII_E-1181,30,Sq. Yards,3205,291,3252,695,1,0,,1,,,544
150727,RW27.28.26PII_E-637,30,Sq. Yards,3205,291,3252,700,1,0,,1,,,544
152314,JG23_1959,30,Sq. Yards,3194,280,3200,690,1,0,,1,,,544
152648,RW27.28.26PII_E-190,30,Sq. Yards,3205,291,3252,686,1,0,,1,,,544
153203,SD8_E-128,30,Sq. Yards,3200,286,3230,681,1,0,,1,,,544
153735,SSPIII20_E-271,30,Sq. Yards,3202,288,3238,696,1,0,,1,,,544
153788,SSPIII20_E-394,30,Sq. Yards,3202,288,3238,683,1,0,,1,,,544
155256,JG23_1182,30,Sq. Yards,3194,280,3200,689,1,0,,1,,,544
155324,RW27.28.26PII_E-111,30,Sq. Yards,3205,291,3252,686,1,0,,1,,,544
155758,RW18.1_E-105,30,Sq. Yards,3208,294,3264,695,1,0,,1,,,544
156194,PWAP_E-318,30,Sq. Yards,3212,298,3276,835,1,0,,1,,,544
156209,RW27.28.26PII_E-700,30,Sq. Yards,3205,291,3252,682,1,0,,1,,,544
157362,SSPIII20_E-838,30,Sq. Yards,3202,288,3238,701,1,0,,1,,,544
157847,JG23_2194,30,Sq. Yards,3194,280,3200,697,1,0,,1,,,544
158232,JG22.2_E-413,30,Sq. Yards,3194,280,3200,685,1,0,,1,,,544
159302,JG23_1719,30,Sq. Yards,3194,280,3200,684,1,0,,1,,,544
159468,JR6_E-37,30,Sq. Yards,3206,292,3257,690,1,0,,1,,,544
162344,JG23_1202,30,Sq. Yards,3194,280,3200,691,1,0,,1,,,544
148124,RW27.28.26PII_E-189,30,Sq. Yards,3205,291,3252,681,1,0,,1,,,544
148149,JG23_468,30,Sq. Yards,3194,280,3200,689,1,0,,1,,,544
148542,MG9.10.3_E-207,30,Sq. Yards,3207,293,3259,681,1,0,,1,,,544
148549,JG22.2_E-417,30,Sq. Yards,3194,280,3200,683,1,0,,1,,,544
157887,JR9PII_E-264,30,Sq. Yards,3206,292,3257,695,1,0,,1,,,544
160028,RW36A_E-161,30,Sq. Yards,3205,291,3252,683,1,0,,1,,,544
160196,RW18.2-3137,30,Sq. Yards,3208,294,3264,683,1,0,,1,,,544
160346,RW18.2-3809,30,Sq. Yards,3208,294,3264,692,1,0,,1,,,544
160981,RK21.2_E-105,30,Sq. Yards,3205,291,3252,684,1,0,,1,,,544
161300,SSPIII20_E-217,30,Sq. Yards,3202,288,3238,701,1,0,,1,,,544
161500,JAJ_E-32,30,Sq. Yards,3200,286,3229,686,1,0,,1,,,544
161817,SSPIII20_E-17,30,Sq. Yards,3202,288,3238,690,1,0,,1,,,544
162286,PWAP_E-397,30,Sq. Yards,3212,298,3276,699,1,0,,1,,,544
162299,CD9_E-294,30,Sq. Yards,3213,299,3279,689,1,0,,1,,,544
162367,SD8_E-213,30,Sq. Yards,3200,286,3230,696,1,0,,1,,,544
147619,JG22.2_E-368,30,Sq. Yards,3194,280,3200,686,1,0,,1,,,544
148036,JG23_718,30,Sq. Yards,3194,280,3200,684,1,0,,1,,,544
148070,SSPIII20_E-29,30,Sq. Yards,3202,288,3238,707,1,0,,1,,,544
149040,JG24.2_E-113,30,Sq. Yards,3194,280,3200,685,1,0,,1,,,544
149559,RW27.28.26PII_E-572,30,Sq. Yards,3205,291,3252,681,1,0,,1,,,544
149659,JG22.1_E-110,30,Sq. Yards,3194,280,3200,688,1,0,,1,,,544
149710,MG9.10.3_E-26,30,Sq. Yards,3207,293,3259,683,1,0,,1,,,544
150010,SSPIII20_E-178,30,Sq. Yards,3202,288,3238,699,1,0,,1,,,544
151465,JG23_797,30,Sq. Yards,3194,280,3200,697,1,0,,1,,,544
151514,RW18.2-2699,30,Sq. Yards,3208,294,3264,683,1,0,,1,,,544
151578,JG23_896,30,Sq. Yards,3194,280,3200,683,1,0,,1,,,544
151748,RK5_E-178,30,Sq. Yards,3205,291,3252,681,1,0,,1,,,544
152250,JG22.2_E-504,30,Sq. Yards,3194,280,3200,694,1,0,,1,,,544
152465,GO13.14_194,30,Sq. Yards,3199,285,3221,690,1,0,,1,,,544
152565,RW27.28.26PII_E-1049,30,Sq. Yards,3205,291,3252,681,1,0,,1,,,544
152818,PW21_1137,30,Sq. Yards,3212,298,3276,683,1,0,,1,,,544
152984,PW21_184,30,Sq. Yards,3212,298,3276,921,1,0,,1,,,544
153550,RW18.2-2746,30,Sq. Yards,3208,294,3264,708,1,0,,1,,,544
153988,PW21_1071,30,Sq. Yards,3212,298,3276,692,1,0,,1,,,544
154422,RW19.1_E-23,30,Sq. Yards,3208,294,3264,685,1,0,,1,,,544
154973,GO13.14_25,30,Sq. Yards,3199,285,3221,684,1,0,,1,,,544
154988,RW18.2-2152,30,Sq. Yards,3208,294,3264,697,1,0,,1,,,544
155422,JG22.2_E-132,30,Sq. Yards,3194,280,3200,699,1,0,,1,,,544
155656,RW18.2-2153,30,Sq. Yards,3208,294,3264,681,1,0,,1,,,544
156692,JG23_1514,30,Sq. Yards,3194,280,3200,688,1,0,,1,,,544
157430,RW18.2-2093,30,Sq. Yards,3208,294,3264,692,1,0,,1,,,544
158032,RK5_E-253,30,Sq. Yards,3205,291,3252,685,1,0,,1,,,544
158515,SSPIII20_E-335,30,Sq. Yards,3202,288,3238,686,1,0,,1,,,544
158551,JR6_E-77,30,Sq. Yards,3206,292,3257,685,1,0,,1,,,544
160436,RW18.2-2076,30,Sq. Yards,3208,294,3264,687,1,0,,1,,,544
160757,RW18.2-2837,30,Sq. Yards,3208,294,3264,684,1,0,,1,,,544
161223,SSPIII20_E-524,30,Sq. Yards,3202,288,3238,681,1,0,,1,,,544
161491,JR9_E-3,30,Sq. Yards,3206,292,3257,684,1,0,,1,,,544
162391,RW27.28.26PII_E-917,30,Sq. Yards,3205,291,3252,696,1,0,,1,,,544
148462,KN32_180,30,Sq. Yards,3197,283,3215,975,1,0,,1,,,544
148847,PWAP_E-380,30,Sq. Yards,3212,298,3276,688,1,0,,1,,,544
149933,JG23_1299,30,Sq. Yards,3194,280,3200,690,1,0,,1,,,544
149984,JG23_870,30,Sq. Yards,3194,280,3200,702,1,0,,1,,,544
150669,RW18.2-2360,30,Sq. Yards,3208,294,3264,695,1,0,,1,,,544
150938,KN32_11,30,Sq. Yards,3197,283,3215,681,1,0,,1,,,544
151369,PW21_392,30,Sq. Yards,3212,298,3276,704,1,0,,1,,,544
151756,JG23_1718,30,Sq. Yards,3194,280,3200,697,1,0,,1,,,544
152005,RW27.28.26PII_E-67,30,Sq. Yards,3205,291,3252,694,1,0,,1,,,544
152006,JG22.2_E-310,30,Sq. Yards,3194,280,3200,683,1,0,,1,,,544
152824,RW18.2-3386,30,Sq. Yards,3208,294,3264,685,1,0,,1,,,544
155768,JG23_1204,30,Sq. Yards,3194,280,3200,689,1,0,,1,,,544
156032,PW21_853,30,Sq. Yards,3212,298,3276,684,1,0,,1,,,544
156082,PWAP_E-260,30,Sq. Yards,3212,298,3276,692,1,0,,1,,,544
156118,CD9_E-287,30,Sq. Yards,3213,299,3279,733,1,0,,1,,,544
156618,PJ28.2_E-63,30,Sq. Yards,3192,278,3193,940,1,0,,1,,,544
156671,RW18.2-3410,30,Sq. Yards,3208,294,3264,682,1,0,,1,,,544
156903,SSPIII20_E-340,30,Sq. Yards,3202,288,3238,709,1,0,,1,,,544
157153,RW27.28.26PII_E-1635,30,Sq. Yards,3205,291,3252,700,1,0,,1,,,544
158190,RW27.28.26PII_E-144,30,Sq. Yards,3205,291,3252,685,1,0,,1,,,544
148537,KN32_92,30,Sq. Yards,3197,283,3215,693,1,0,,1,,,544
149058,JG23_1510,30,Sq. Yards,3194,280,3200,683,1,0,,1,,,544
149658,PW21_404,30,Sq. Yards,3212,298,3276,707,1,0,,1,,,544
150192,PW21_873,30,Sq. Yards,3212,298,3276,704,1,0,,1,,,544
150277,PJ28.1_E-85,30,Sq. Yards,3192,278,3193,944,1,0,,1,,,544
150626,PJ28.3_E-47,30,Sq. Yards,3192,278,3193,703,1,0,,1,,,544
150843,JG22.2_E-23,30,Sq. Yards,3194,280,3200,681,1,0,,1,,,544
151281,RW18.2-3311,30,Sq. Yards,3208,294,3264,702,1,0,,1,,,544
151947,RW27.28.26PII_E-1263,30,Sq. Yards,3205,291,3252,701,1,0,,1,,,544
152983,SSPIII20_E-514,30,Sq. Yards,3202,288,3238,700,1,0,,1,,,544
153102,CD1B_E-119,30,Sq. Yards,3213,299,3279,692,1,0,,1,,,544
153183,RK21.2_E-415,30,Sq. Yards,3205,291,3252,687,1,0,,1,,,544
153402,PW21_418,30,Sq. Yards,3212,298,3276,708,1,0,,1,,,544
153887,CD9_E-419,30,Sq. Yards,3213,299,3279,682,1,0,,1,,,544
154138,PWAP_E-187,30,Sq. Yards,3212,298,3276,684,1,0,,1,,,544
154804,SSPIII20_E-137,30,Sq. Yards,3202,288,3238,701,1,0,,1,,,544
155323,PW21_52,30,Sq. Yards,3212,298,3276,686,1,0,,1,,,544
155791,RK21.2_E-44,30,Sq. Yards,3205,291,3252,686,1,0,,1,,,544
156478,PJ28.3_E-188,30,Sq. Yards,3192,278,3193,944,1,0,,1,,,544
158263,RW27.28.26PII_E-170,30,Sq. Yards,3205,291,3252,690,1,0,,1,,,544
158297,RW36A_E-139,30,Sq. Yards,3205,291,3252,682,1,0,,1,,,544
159050,SSPIII20_E-272,30,Sq. Yards,3202,288,3238,694,1,0,,1,,,544
159052,JG23_628,30,Sq. Yards,3194,280,3200,682,1,0,,1,,,544
161607,RW18.2-2242,30,Sq. Yards,3208,294,3264,696,1,0,,1,,,544
162494,RW18.2-3049,30,Sq. Yards,3208,294,3264,694,1,0,,1,,,544
148168,JG23_1837,30,Sq. Yards,3194,280,3200,701,1,0,,1,,,544
148325,CD1B_E-3,30,Sq. Yards,3213,299,3279,691,1,0,,1,,,544
148761,JG23_1258,30,Sq. Yards,3194,280,3200,693,1,0,,1,,,544
150474,CD9_E-218,30,Sq. Yards,3213,299,3279,699,1,0,,1,,,544
150563,PJ28.3_E-179,30,Sq. Yards,3192,278,3193,710,1,0,,1,,,544
151769,JG23_1446,30,Sq. Yards,3194,280,3200,701,1,0,,1,,,544
152137,RW27.28.26PII_E-553,30,Sq. Yards,3205,291,3252,684,1,0,,1,,,544
152873,RW27.28.26PII_E-850,30,Sq. Yards,3205,291,3252,689,1,0,,1,,,544
153807,RW18.2-2996,30,Sq. Yards,3208,294,3264,683,1,0,,1,,,544
155009,SSPIII20_E-418,30,Sq. Yards,3202,288,3238,705,1,0,,1,,,544
155218,JG23_593,30,Sq. Yards,3194,280,3200,691,1,0,,1,,,544
155554,RW18.2-3561,30,Sq. Yards,3208,294,3264,681,1,0,,1,,,544
155756,RW36A_E-209,30,Sq. Yards,3205,291,3252,683,1,0,,1,,,544
155954,RW27.28.26PII_E-1436,30,Sq. Yards,3205,291,3252,682,1,0,,1,,,544
156322,SSPIII20_E-455,30,Sq. Yards,3202,288,3238,766,1,0,,1,,,544
156522,JG22.2_E-337,30,Sq. Yards,3194,280,3200,702,1,0,,1,,,544
156622,SSPIII20_E-500,30,Sq. Yards,3202,288,3238,702,1,0,,1,,,544
157619,RW18.2-3328,30,Sq. Yards,3208,294,3264,685,1,0,,1,,,544
157692,RW18.2-2672,30,Sq. Yards,3208,294,3264,685,1,0,,1,,,544
157758,PWAP_E-136,30,Sq. Yards,3212,298,3276,707,1,0,,1,,,544
158351,RW18.2-2084,30,Sq. Yards,3208,294,3264,692,1,0,,1,,,544
159264,JR9PII_E-249,30,Sq. Yards,3206,292,3257,683,1,0,,1,,,544
159330,JAJ_E-115,30,Sq. Yards,3200,286,3229,691,1,0,,1,,,544
160189,KN32_147,30,Sq. Yards,3197,283,3215,687,1,0,,1,,,544
161661,CD9_E-103,30,Sq. Yards,3213,299,3279,692,1,0,,1,,,544
161995,JG23_682,30,Sq. Yards,3194,280,3200,694,1,0,,1,,,544
162195,PWAP_E-462,30,Sq. Yards,3212,298,3276,683,1,0,,1,,,544
162297,RW27.28.26PII_E-298,30,Sq. Yards,3205,291,3252,690,1,0,,1,,,544
147531,PW21_524,30,Sq. Yards,3212,298,3276,690,1,0,,1,,,544
147767,RK21.2_E-468,30,Sq. Yards,3205,291,3252,684,1,0,,1,,,544
150139,SSPIII20_E-361,30,Sq. Yards,3202,288,3238,682,1,0,,1,,,544
150657,SD8_E-95,30,Sq. Yards,3200,286,3230,682,1,0,,1,,,544
151150,PJ28.1_E-185,30,Sq. Yards,3192,278,3193,935,1,0,,1,,,544
152118,JG23_1526,30,Sq. Yards,3194,280,3200,689,1,0,,1,,,544
152686,JG22.1_E-57,30,Sq. Yards,3194,280,3200,681,1,0,,1,,,544
154001,RW19.1_E-29,30,Sq. Yards,3208,294,3264,704,1,0,,1,,,544
154333,RW18.2-3012,30,Sq. Yards,3208,294,3264,708,1,0,,1,,,544
154751,RW27.28.26PII_E-879,30,Sq. Yards,3205,291,3252,689,1,0,,1,,,544
155387,JG23_843,30,Sq. Yards,3194,280,3200,681,1,0,,1,,,544
156080,RW27.28.26PII_E-711,30,Sq. Yards,3205,291,3252,682,1,0,,1,,,544
157566,PW21_426,30,Sq. Yards,3212,298,3276,695,1,0,,1,,,544
157577,JG22.2_E-255,30,Sq. Yards,3194,280,3200,698,1,0,,1,,,544
157727,JG23_806,30,Sq. Yards,3194,280,3200,686,1,0,,1,,,544
157816,RW18.1_E-2,30,Sq. Yards,3208,294,3264,693,1,0,,1,,,544
158495,SSPIII20_E-706,30,Sq. Yards,3202,288,3238,699,1,0,,1,,,544
158752,PW21_657,30,Sq. Yards,3212,298,3276,921,1,0,,1,,,544
158863,JR6_E-83,30,Sq. Yards,3206,292,3257,687,1,0,,1,,,544
159456,RK21.2_E-462,30,Sq. Yards,3205,291,3252,698,1,0,,1,,,544
159474,FD9_E-166,30,Sq. Yards,3201,287,3233,694,1,0,,1,,,544
161621,JG22.2_E-331,30,Sq. Yards,3194,280,3200,682,1,0,,1,,,544
161671,RW18.2-2953,30,Sq. Yards,3208,294,3264,688,1,0,,1,,,544
147887,MG9.10.3_E-236,30,Sq. Yards,3207,293,3259,689,1,0,,1,,,544
148119,RW18.2-3273,30,Sq. Yards,3208,294,3264,703,1,0,,1,,,544
148404,RK5_E-36,30,Sq. Yards,3205,291,3252,688,1,0,,1,,,544
149893,JG23_1701,30,Sq. Yards,3194,280,3200,1053,1,0,,1,,,544
150544,RW27.28.26PII_E-1251,30,Sq. Yards,3205,291,3252,689,1,0,,1,,,544
150759,RK21.2_E-242,30,Sq. Yards,3205,291,3252,690,1,0,,1,,,544
151461,PW21_252,30,Sq. Yards,3212,298,3276,707,1,0,,1,,,544
151816,JG23_1756,30,Sq. Yards,3194,280,3200,691,1,0,,1,,,544
152499,GO16_E-140,30,Sq. Yards,3199,285,3221,690,1,0,,1,,,544
152548,GO16_E-110,30,Sq. Yards,3199,285,3221,698,1,0,,1,,,544
152935,GO16_E-135,30,Sq. Yards,3199,285,3221,686,1,0,,1,,,544
152967,RW18.2-3367,30,Sq. Yards,3208,294,3264,691,1,0,,1,,,544
153835,RW27.28.26PII_E-290,30,Sq. Yards,3205,291,3252,686,1,0,,1,,,544
153954,RW18.2-3241,30,Sq. Yards,3208,294,3264,698,1,0,,1,,,544
154690,PW21_6,30,Sq. Yards,3212,298,3276,681,1,0,,1,,,544
154841,RW27.28.26PII_E-892,30,Sq. Yards,3205,291,3252,681,1,0,,1,,,544
155090,GO16_E-216,30,Sq. Yards,3199,285,3221,681,1,0,,1,,,544
155507,SSPIII20_E-723,30,Sq. Yards,3202,288,3238,866,1,0,,1,,,544
156860,GO13.14_231,30,Sq. Yards,3199,285,3221,698,1,0,,1,,,544
157481,MG9.10.3_E-204,30,Sq. Yards,3207,293,3259,692,1,0,,1,,,544
158181,RW18.2-3172,30,Sq. Yards,3208,294,3264,696,1,0,,1,,,544
158900,RW27.28.26PII_E-1267,30,Sq. Yards,3205,291,3252,690,1,0,,1,,,544
159451,RK5_E-127,30,Sq. Yards,3205,291,3252,691,1,0,,1,,,544
159570,JG24.1_E-60,30,Sq. Yards,3194,280,3200,696,1,0,,1,,,544
160523,JR9PII_E-22,30,Sq. Yards,3206,292,3257,681,1,0,,1,,,544
161725,KN9.32_E-57,30,Sq. Yards,3197,283,3215,683,1,0,,1,,,544
161908,RW18.2-2843,30,Sq. Yards,3208,294,3264,704,1,0,,1,,,544
147981,RW27.28.26PII_E-684,30,Sq. Yards,3205,291,3252,702,1,0,,1,,,544
148292,RW27.28.26PII_E-397,30,Sq. Yards,3205,291,3252,691,1,0,,1,,,544
149964,JG23_1808,30,Sq. Yards,3194,280,3200,693,1,0,,1,,,544
150071,RK21.2_E-101,30,Sq. Yards,3205,291,3252,693,1,0,,1,,,544
152861,JG23_317,30,Sq. Yards,3194,280,3200,695,1,0,,1,,,544
154090,SSPIII20_E-122,30,Sq. Yards,3202,288,3238,681,1,0,,1,,,544
154126,RW19.1_E-106,30,Sq. Yards,3208,294,3264,711,1,0,,1,,,544
154769,RW27.28.26PII_E-242,30,Sq. Yards,3205,291,3252,686,1,0,,1,,,544
155262,RW18.2-3368,30,Sq. Yards,3208,294,3264,682,1,0,,1,,,544
155873,RW18.2-2583,30,Sq. Yards,3208,294,3264,704,1,0,,1,,,544
156105,GO13.14_174,30,Sq. Yards,3199,285,3221,688,1,0,,1,,,544
156366,SSPIII20_E-247,30,Sq. Yards,3202,288,3238,699,1,0,,1,,,544
156655,RK21.2_E-626,30,Sq. Yards,3205,291,3252,684,1,0,,1,,,544
157341,RK5_E-273,30,Sq. Yards,3205,291,3252,683,1,0,,1,,,544
157791,CD1B_E-190,30,Sq. Yards,3213,299,3279,690,1,0,,1,,,544
157895,SSPIII20_E-700,30,Sq. Yards,3202,288,3238,700,1,0,,1,,,544
158234,RW18.2-3408,30,Sq. Yards,3208,294,3264,682,1,0,,1,,,544
158563,JG23_377,30,Sq. Yards,3194,280,3200,683,1,0,,1,,,544
161764,JG23_975,30,Sq. Yards,3194,280,3200,696,1,0,,1,,,544
162396,RW27.28.26PII_E-483,30,Sq. Yards,3205,291,3252,682,1,0,,1,,,544
162657,KN32_128,30,Sq. Yards,3197,283,3215,695,1,0,,1,,,544
147465,RW27.28.26PII_E-267,30,Sq. Yards,3205,291,3252,695,1,0,,1,,,544
148201,RK21.2_E-501,30,Sq. Yards,3205,291,3252,692,1,0,,1,,,544
148451,JG24.1_E-9,30,Sq. Yards,3194,280,3200,689,1,0,,1,,,544
148601,JG22.2_E-583,30,Sq. Yards,3194,280,3200,685,1,0,,1,,,544
159017,PJ28.1_E-51,30,Sq. Yards,3192,278,3193,935,1,0,,1,,,544
161408,RW27.28.26PII_E-373,30,Sq. Yards,3205,291,3252,686,1,0,,1,,,544
161757,JAJ_E-68,30,Sq. Yards,3200,286,3229,684,1,0,,1,,,544
161957,RK5_E-69,30,Sq. Yards,3205,291,3252,681,1,0,,1,,,544
162393,RW27.28.26PII_E-1011,30,Sq. Yards,3205,291,3252,697,1,0,,1,,,544
162444,RW18.2-3340,30,Sq. Yards,3208,294,3264,681,1,0,,1,,,544
148080,JG22.1_E-68,30,Sq. Yards,3194,280,3200,692,1,0,,1,,,544
148715,RW27.28.26PII_E-1564,30,Sq. Yards,3205,291,3252,681,1,0,,1,,,544
149484,JG23_2166,30,Sq. Yards,3194,280,3200,689,1,0,,1,,,544
150119,RK5_E-122,30,Sq. Yards,3205,291,3252,698,1,0,,1,,,544
150737,RW19.2_E-32,30,Sq. Yards,3208,294,3264,705,1,0,,1,,,544
151206,JG23_1267,30,Sq. Yards,3194,280,3200,701,1,0,,1,,,544
151774,RW27.28.26PII_E-1229,30,Sq. Yards,3205,291,3252,690,1,0,,1,,,544
152441,MG9.10.3_E-289,30,Sq. Yards,3207,293,3259,689,1,0,,1,,,544
153042,RW18.2-2710,30,Sq. Yards,3208,294,3264,683,1,0,,1,,,544
153109,JG23_1172,30,Sq. Yards,3194,280,3200,684,1,0,,1,,,544
153295,JG22.2_E-104,30,Sq. Yards,3194,280,3200,686,1,0,,1,,,544
153392,SSPIII20_E-542,30,Sq. Yards,3202,288,3238,691,1,0,,1,,,544
153777,RW18.2-3387,30,Sq. Yards,3208,294,3264,681,1,0,,1,,,544
153877,SSPIII20_E-601,30,Sq. Yards,3202,288,3238,697,1,0,,1,,,544
155113,RW27.28.26PII_E-982,30,Sq. Yards,3205,291,3252,682,1,0,,1,,,544
155131,RW36A_E-322,30,Sq. Yards,3205,291,3252,686,1,0,,1,,,544
155532,RW18.2-2936,30,Sq. Yards,3208,294,3264,688,1,0,,1,,,544
156553,JG23_1703,30,Sq. Yards,3194,280,3200,693,1,0,,1,,,544
156804,RW18.2-3381,30,Sq. Yards,3208,294,3264,695,1,0,,1,,,544
157404,JG23_717,30,Sq. Yards,3194,280,3200,699,1,0,,1,,,544
157671,JG23_1234,30,Sq. Yards,3194,280,3200,682,1,0,,1,,,544
158125,RW27.28.26PII_E-616,30,Sq. Yards,3205,291,3252,701,1,0,,1,,,544
158926,JR6_E-334,30,Sq. Yards,3206,292,3257,685,1,0,,1,,,544
158943,JG23_863,30,Sq. Yards,3194,280,3200,700,1,0,,1,,,544
159493,CD9_E-156,30,Sq. Yards,3213,299,3279,690,1,0,,1,,,544
159512,RW18.2-2876,30,Sq. Yards,3208,294,3264,682,1,0,,1,,,544
159594,SD8_E-246,30,Sq. Yards,3200,286,3230,687,1,0,,1,,,544
159944,GO13.14_255,30,Sq. Yards,3199,285,3221,682,1,0,,1,,,544
160147,CD9_E-325,30,Sq. Yards,3213,299,3279,691,1,0,,1,,,544
160648,JG23_1397,30,Sq. Yards,3194,280,3200,684,1,0,,1,,,544
160847,JG23_2292,30,Sq. Yards,3194,280,3200,686,1,0,,1,,,544
161665,RW27.28.26PII_E-1706,30,Sq. Yards,3205,291,3252,686,1,0,,1,,,544
161666,RK5_E-111,30,Sq. Yards,3205,291,3252,686,1,0,,1,,,544
161901,PJ28.3_E-90,30,Sq. Yards,3192,278,3193,689,1,0,,1,,,544
161933,JR6_E-223,30,Sq. Yards,3206,292,3257,694,1,0,,1,,,544
147861,PWAP_E-437,30,Sq. Yards,3212,298,3276,699,1,0,,1,,,544
148929,RW27.28.26PII_E-162,30,Sq. Yards,3205,291,3252,694,1,0,,1,,,544
149733,JG22.2_E-767,30,Sq. Yards,3194,280,3200,682,1,0,,1,,,544
150334,CD9_E-348,30,Sq. Yards,3213,299,3279,697,1,0,,1,,,544
150401,KN32_340,30,Sq. Yards,3197,283,3215,681,1,0,,1,,,544
150634,JG23_712,30,Sq. Yards,3194,280,3200,683,1,0,,1,,,544
150651,PW21_690,30,Sq. Yards,3212,298,3276,685,1,0,,1,,,544
150838,PJ28.3_E-54,30,Sq. Yards,3192,278,3193,944,1,0,,1,,,544
151288,RW27.28.26PII_E-799,30,Sq. Yards,3205,291,3252,683,1,0,,1,,,544
151874,RK21.2_E-614,30,Sq. Yards,3205,291,3252,696,1,0,,1,,,544
152373,GO16_E-127,30,Sq. Yards,3199,285,3221,681,1,0,,1,,,544
153159,RW27.28.26PII_E-914,30,Sq. Yards,3205,291,3252,702,1,0,,1,,,544
153678,RK5_E-79,30,Sq. Yards,3205,291,3252,686,1,0,,1,,,544
157322,JG22.2_E-380,30,Sq. Yards,3194,280,3200,683,1,0,,1,,,544
157354,JG22.2_E-462,30,Sq. Yards,3194,280,3200,691,1,0,,1,,,544
157503,RW19.1_E-110,30,Sq. Yards,3208,294,3264,682,1,0,,1,,,544
157707,JR9PII_E-124,30,Sq. Yards,3206,292,3257,683,1,0,,1,,,544
158757,RW18.2-2295,30,Sq. Yards,3208,294,3264,681,1,0,,1,,,544
161198,JG23_1623,30,Sq. Yards,3194,280,3200,691,1,0,,1,,,544
162319,JG23_1830,30,Sq. Yards,3194,280,3200,684,1,0,,1,,,544
162687,PW21_302,30,Sq. Yards,3212,298,3276,709,1,0,,1,,,544
147894,PW21_1051,30,Sq. Yards,3212,298,3276,685,1,0,,1,,,544
147947,JG22.2_E-664,30,Sq. Yards,3194,280,3200,686,1,0,,1,,,544
153335,JG23_369,30,Sq. Yards,3194,280,3200,689,1,0,,1,,,544
154139,MG9.10.3_E-53,30,Sq. Yards,3207,293,3259,693,1,0,,1,,,544
154171,SSPIII20_E-94,30,Sq. Yards,3202,288,3238,681,1,0,,1,,,544
155022,RW36A_E-259,30,Sq. Yards,3205,291,3252,701,1,0,,1,,,544
156760,RW18.2-3371,30,Sq. Yards,3208,294,3264,684,1,0,,1,,,544
156828,CD9_E-314,30,Sq. Yards,3213,299,3279,691,1,0,,1,,,544
157364,RK21.2_E-313,30,Sq. Yards,3205,291,3252,694,1,0,,1,,,544
157381,JG22.2_E-339,30,Sq. Yards,3194,280,3200,695,1,0,,1,,,544
157964,JG23_850,30,Sq. Yards,3194,280,3200,683,1,0,,1,,,544
158464,RK5_E-35,30,Sq. Yards,3205,291,3252,685,1,0,,1,,,544
158651,RW18.2-3594,30,Sq. Yards,3208,294,3264,686,1,0,,1,,,544
158883,RW27.28.26PII_E-255,30,Sq. Yards,3205,291,3252,691,1,0,,1,,,544
159015,PW21_381,30,Sq. Yards,3212,298,3276,699,1,0,,1,,,544
160087,GO16_E-339,30,Sq. Yards,3199,285,3221,702,1,0,,1,,,544
160119,SSPIII20_E-512,30,Sq. Yards,3202,288,3238,681,1,0,,1,,,544
160270,JG24.2_E-2,30,Sq. Yards,3194,280,3200,681,1,0,,1,,,544
160923,RW18.2-3635,30,Sq. Yards,3208,294,3264,682,1,0,,1,,,544
160938,JG23_1921,30,Sq. Yards,3194,280,3200,690,1,0,,1,,,544
161506,RW36A_E-299,30,Sq. Yards,3205,291,3252,690,1,0,,1,,,544
161874,JG22.2_E-131,30,Sq. Yards,3194,280,3200,693,1,0,,1,,,544
162157,JAJ_E-70,30,Sq. Yards,3200,286,3229,682,1,0,,1,,,544
147466,JG22.2_E-398,30,Sq. Yards,3194,280,3200,695,1,0,,1,,,544
147755,SSPIII20_E-161,30,Sq. Yards,3202,288,3238,692,1,0,,1,,,544
148432,RW27.28.26PII_E-607,30,Sq. Yards,3205,291,3252,691,1,0,,1,,,544
148500,RK21.2_E-98,30,Sq. Yards,3205,291,3252,682,1,0,,1,,,544
148802,RW27.28.26PII_E-1232,30,Sq. Yards,3205,291,3252,686,1,0,,1,,,544
149538,JAJ_E-76,30,Sq. Yards,3200,286,3229,682,1,0,,1,,,544
149595,RW27.28.26PII_E-844,30,Sq. Yards,3205,291,3252,695,1,0,,1,,,544
150065,RW18.2-2417,30,Sq. Yards,3208,294,3264,698,1,0,,1,,,544
150765,RW36A_E-198,30,Sq. Yards,3205,291,3252,690,1,0,,1,,,544
152176,RW18.2-2168,30,Sq. Yards,3208,294,3264,698,1,0,,1,,,544
152480,JG23_1625,30,Sq. Yards,3194,280,3200,681,1,0,,1,,,544
152678,PW21_1118,30,Sq. Yards,3212,298,3276,707,1,0,,1,,,544
152746,RW27.28.26PII_E-1657,30,Sq. Yards,3205,291,3252,683,1,0,,1,,,544
154250,KN32_46,30,Sq. Yards,3197,283,3215,685,1,0,,1,,,544
155220,JG23_917,30,Sq. Yards,3194,280,3200,701,1,0,,1,,,544
156447,JG22.2_E-484,30,Sq. Yards,3194,280,3200,691,1,0,,1,,,544
157958,SSPIII20_E-606,30,Sq. Yards,3202,288,3238,701,1,0,,1,,,544
158287,PW21_130,30,Sq. Yards,3212,298,3276,708,1,0,,1,,,544
158996,PWAP_E-341,30,Sq. Yards,3212,298,3276,711,1,0,,1,,,544
159062,RK5_E-173,30,Sq. Yards,3205,291,3252,688,1,0,,1,,,544
159700,RW27.28.26PII_E-1688,30,Sq. Yards,3205,291,3252,692,1,0,,1,,,544
160225,PW21_256,30,Sq. Yards,3212,298,3276,973,1,0,,1,,,544
161595,PJ28.3_E-142,30,Sq. Yards,3192,278,3193,913,1,0,,1,,,544
147760,PJ28.3_E-98,30,Sq. Yards,3192,278,3193,935,1,0,,1,,,544
147977,RW36A_E-20,30,Sq. Yards,3205,291,3252,688,1,0,,1,,,544
150136,MG9.10.3_E-284,30,Sq. Yards,3207,293,3259,682,1,0,,1,,,544
150300,RK5_E-90,30,Sq. Yards,3205,291,3252,700,1,0,,1,,,544
150821,JG23_1694,30,Sq. Yards,3194,280,3200,683,1,0,,1,,,544
151186,GO16_E-7,30,Sq. Yards,3199,285,3221,683,1,0,,1,,,544
151289,KN9.32_E-112,30,Sq. Yards,3197,283,3215,681,1,0,,1,,,544
151640,RW27.28.26PII_E-250,30,Sq. Yards,3205,291,3252,682,1,0,,1,,,544
152022,KN9.32_E-124,30,Sq. Yards,3197,283,3215,681,1,0,,1,,,544
152426,CD9_E-347,30,Sq. Yards,3213,299,3279,697,1,0,,1,,,544
152625,PW21_101,30,Sq. Yards,3212,298,3276,774,1,0,,1,,,544
152676,PJ28.1_E-100,30,Sq. Yards,3192,278,3193,962,1,0,,1,,,544
153258,JG24.1_E-8,30,Sq. Yards,3194,280,3200,685,1,0,,1,,,544
154112,JR6_E-6,30,Sq. Yards,3206,292,3257,686,1,0,,1,,,544
155166,JG23_1721,30,Sq. Yards,3194,280,3200,682,1,0,,1,,,544
155180,RW27.28.26PII_E-771,30,Sq. Yards,3205,291,3252,683,1,0,,1,,,544
155516,RW27.28.26PII_E-1555,30,Sq. Yards,3205,291,3252,681,1,0,,1,,,544
155865,RW18.2-2522,30,Sq. Yards,3208,294,3264,695,1,0,,1,,,544
156051,CD1B_E-189,30,Sq. Yards,3213,299,3279,695,1,0,,1,,,544
156269,PWAP_E-368,30,Sq. Yards,3212,298,3276,691,1,0,,1,,,544
152685,MG9.10.3_E-222,30,Sq. Yards,3207,293,3259,693,1,0,,1,,,544
153066,SSPIII20_E-485,30,Sq. Yards,3202,288,3238,707,1,0,,1,,,544
153536,JG23_2106,30,Sq. Yards,3194,280,3200,696,1,0,,1,,,544
154236,RW18.1_E-146,30,Sq. Yards,3208,294,3264,703,1,0,,1,,,544
154523,JG23_2291,30,Sq. Yards,3194,280,3200,682,1,0,,1,,,544
154857,RW18.2-3253,30,Sq. Yards,3208,294,3264,686,1,0,,1,,,544
155442,JG22.2_E-243,30,Sq. Yards,3194,280,3200,696,1,0,,1,,,544
155674,JG23_607,30,Sq. Yards,3194,280,3200,693,1,0,,1,,,544
156793,RW27.28.26PII_E-357,30,Sq. Yards,3205,291,3252,690,1,0,,1,,,544
156863,FD9_E-4,30,Sq. Yards,3201,287,3233,690,1,0,,1,,,544
156910,MG9.10.2_E-65,30,Sq. Yards,3207,293,3259,695,1,0,,1,,,544
158131,JR9PII_E-133,30,Sq. Yards,3206,292,3257,681,1,0,,1,,,544
158180,RW27.28.26PII_E-53,30,Sq. Yards,3205,291,3252,683,1,0,,1,,,544
158380,CD9_E-309,30,Sq. Yards,3213,299,3279,699,1,0,,1,,,544
158816,CD9_E-290,30,Sq. Yards,3213,299,3279,696,1,0,,1,,,544
158835,SSPIII20_E-206,30,Sq. Yards,3202,288,3238,710,1,0,,1,,,544
159201,CD1B_E-82,30,Sq. Yards,3213,299,3279,688,1,0,,1,,,544
159252,RW36A_E-319,30,Sq. Yards,3205,291,3252,693,1,0,,1,,,544
159303,GO13.14_230,30,Sq. Yards,3199,285,3221,699,1,0,,1,,,544
159771,PJ28.3_E-162,30,Sq. Yards,3192,278,3193,935,1,0,,1,,,544
159820,RK5_E-301,30,Sq. Yards,3205,291,3252,683,1,0,,1,,,544
160154,JG22.2_E-526,30,Sq. Yards,3194,280,3200,683,1,0,,1,,,544
160322,CD1B_E-41,30,Sq. Yards,3213,299,3279,687,1,0,,1,,,544
161556,RK21.2_E-27,30,Sq. Yards,3205,291,3252,699,1,0,,1,,,544
147667,JG24.2_E-90,30,Sq. Yards,3194,280,3200,691,1,0,,1,,,544
147717,MG9.10.3_E-102,30,Sq. Yards,3207,293,3259,690,1,0,,1,,,544
147867,RW18.2-2459,30,Sq. Yards,3208,294,3264,686,1,0,,1,,,544
148042,CD9_E-410,30,Sq. Yards,3213,299,3279,701,1,0,,1,,,544
148767,SSPIII20_E-515,30,Sq. Yards,3202,288,3238,701,1,0,,1,,,544
149278,JR6_E-437,30,Sq. Yards,3206,292,3257,694,1,0,,1,,,544
149678,JG23_1404,30,Sq. Yards,3194,280,3200,710,1,0,,1,,,544
150089,RW18.2-2087,30,Sq. Yards,3208,294,3264,699,1,0,,1,,,544
150407,RW27.28.26PII_E-1013,30,Sq. Yards,3205,291,3252,688,1,0,,1,,,544
150589,SSPIII20_E-588,30,Sq. Yards,3202,288,3238,698,1,0,,1,,,544
150907,JG23_2254,30,Sq. Yards,3194,280,3200,681,1,0,,1,,,544
152361,JG23_1327,30,Sq. Yards,3194,280,3200,699,1,0,,1,,,544
153029,RW19.2_E-36,30,Sq. Yards,3208,294,3264,704,1,0,,1,,,544
154440,PW21_607,30,Sq. Yards,3212,298,3276,686,1,0,,1,,,544
154708,PJ28.3_E-38,30,Sq. Yards,3192,278,3193,697,1,0,,1,,,544
154987,PWAP_E-361,30,Sq. Yards,3212,298,3276,696,1,0,,1,,,544
155905,RW18.1_E-109,30,Sq. Yards,3208,294,3264,695,1,0,,1,,,544
156873,PW21_1133,30,Sq. Yards,3212,298,3276,691,1,0,,1,,,544
157016,RW27.28.26PII_E-1093,30,Sq. Yards,3205,291,3252,690,1,0,,1,,,544
157348,JG23_912,30,Sq. Yards,3194,280,3200,695,1,0,,1,,,544
158277,RK21.2_E-417,30,Sq. Yards,3205,291,3252,702,1,0,,1,,,544
159324,JAJ_E-89,30,Sq. Yards,3200,286,3229,682,1,0,,1,,,544
159406,RK21.2_E-617,30,Sq. Yards,3205,291,3252,685,1,0,,1,,,544
160392,RK21.2_E-233,30,Sq. Yards,3205,291,3252,682,1,0,,1,,,544
162128,RW18.2-2431,30,Sq. Yards,3208,294,3264,693,1,0,,1,,,544
148438,JR9PII_E-1,30,Sq. Yards,3206,292,3257,696,1,0,,1,,,544
148857,RK5_E-75,30,Sq. Yards,3205,291,3252,686,1,0,,1,,,544
148957,JR6_E-435,30,Sq. Yards,3206,292,3257,686,1,0,,1,,,544
149574,JG22.2_E-15,30,Sq. Yards,3194,280,3200,697,1,0,,1,,,544
149693,RW27.28.26PII_E-10,30,Sq. Yards,3205,291,3252,697,1,0,,1,,,544
149742,GO16_E-269,30,Sq. Yards,3199,285,3221,683,1,0,,1,,,544
149974,RW27.28.26PII_E-335,30,Sq. Yards,3205,291,3252,683,1,0,,1,,,544
151229,RW18.2-3687,30,Sq. Yards,3208,294,3264,688,1,0,,1,,,544
151614,RW27.28.26PII_E-1160,30,Sq. Yards,3205,291,3252,702,1,0,,1,,,544
151980,RW27.28.26PII_E-608,30,Sq. Yards,3205,291,3252,688,1,0,,1,,,544
152114,RW27.28.26PII_E-1526,30,Sq. Yards,3205,291,3252,684,1,0,,1,,,544
153069,RW18.2-3053,30,Sq. Yards,3208,294,3264,711,1,0,,1,,,544
153671,MG9.10.3_E-280,30,Sq. Yards,3207,293,3259,686,1,0,,1,,,544
155990,SSPIII20_E-540,30,Sq. Yards,3202,288,3238,704,1,0,,1,,,544
156526,PW21_993,30,Sq. Yards,3212,298,3276,706,1,0,,1,,,544
156611,KN9.32_E-73,30,Sq. Yards,3197,283,3215,700,1,0,,1,,,544
156843,RW18.2-3169,30,Sq. Yards,3208,294,3264,688,1,0,,1,,,544
157413,RW27.28.26PII_E-172,30,Sq. Yards,3205,291,3252,694,1,0,,1,,,544
158013,PWAP_E-503,30,Sq. Yards,3212,298,3276,707,1,0,,1,,,544
158949,GO16_E-341,30,Sq. Yards,3199,285,3221,692,1,0,,1,,,544
159636,JG22.1_E-80,30,Sq. Yards,3194,280,3200,684,1,0,,1,,,544
160738,JG23_2274,30,Sq. Yards,3194,280,3200,697,1,0,,1,,,544
160921,PJ28.2_E-26,30,Sq. Yards,3192,278,3193,940,1,0,,1,,,544
161274,RW18.2-2259,30,Sq. Yards,3208,294,3264,696,1,0,,1,,,544
161440,JG24.2_E-114,30,Sq. Yards,3194,280,3200,702,1,0,,1,,,544
161793,RW18.2-2187,30,Sq. Yards,3208,294,3264,694,1,0,,1,,,544
162027,RW18.2-2138,30,Sq. Yards,3208,294,3264,683,1,0,,1,,,544
162578,JR6_E-137,30,Sq. Yards,3206,292,3257,688,1,0,,1,,,544
162629,SSPIII20_E-667,30,Sq. Yards,3202,288,3238,681,1,0,,1,,,544
147674,PWAP_E-315,30,Sq. Yards,3212,298,3276,709,1,0,,1,,,544
148692,RK21.2_E-114,30,Sq. Yards,3205,291,3252,684,1,0,,1,,,544
151761,JR9_E-43,30,Sq. Yards,3206,292,3257,689,1,0,,1,,,544
151868,RW18.2-2771,30,Sq. Yards,3208,294,3264,684,1,0,,1,,,544
151968,PW21_848,30,Sq. Yards,3212,298,3276,898,1,0,,1,,,544
152704,JR6_E-70,30,Sq. Yards,3206,292,3257,688,1,0,,1,,,544
153015,SSPIII20_E-306,30,Sq. Yards,3202,288,3238,684,1,0,,1,,,544
153647,JR6_E-244,30,Sq. Yards,3206,292,3257,696,1,0,,1,,,544
154115,JR6_E-180,30,Sq. Yards,3206,292,3257,683,1,0,,1,,,544
154240,RW18.2-2293,30,Sq. Yards,3208,294,3264,687,1,0,,1,,,544
154433,RK5_E-17,30,Sq. Yards,3205,291,3252,681,1,0,,1,,,544
155819,PW21_629,30,Sq. Yards,3212,298,3276,706,1,0,,1,,,544
156030,JG23_1095,30,Sq. Yards,3194,280,3200,683,1,0,,1,,,544
156566,RW36A_E-290,30,Sq. Yards,3205,291,3252,683,1,0,,1,,,544
157034,PW21_1106,30,Sq. Yards,3212,298,3276,708,1,0,,1,,,544
157216,RW18.1_E-35,30,Sq. Yards,3208,294,3264,704,1,0,,1,,,544
159599,RK5_E-267,30,Sq. Yards,3205,291,3252,688,1,0,,1,,,544
159917,RK21.2_E-239,30,Sq. Yards,3205,291,3252,686,1,0,,1,,,544
161242,PWAP_E-244,30,Sq. Yards,3212,298,3276,708,1,0,,1,,,544
161335,PJ28.3_E-49,30,Sq. Yards,3192,278,3193,940,1,0,,1,,,544
161753,RK21.2_E-573,30,Sq. Yards,3205,291,3252,687,1,0,,1,,,544
162253,JG23_726,30,Sq. Yards,3194,280,3200,702,1,0,,1,,,544
162257,MG9.10.3_E-86,30,Sq. Yards,3207,293,3259,687,1,0,,1,,,544
162571,PW21_670,30,Sq. Yards,3212,298,3276,688,1,0,,1,,,544
149169,RW27.28.26PII_E-16,30,Sq. Yards,3205,291,3252,690,1,0,,1,,,544
151927,RW27.28.26PII_E-1655,30,Sq. Yards,3205,291,3252,683,1,0,,1,,,544
152352,RW27.28.26PII_E-1065,30,Sq. Yards,3205,291,3252,685,1,0,,1,,,544
153281,PW21_332,30,Sq. Yards,3212,298,3276,692,1,0,,1,,,544
153474,RW27.28.26PII_E-457,30,Sq. Yards,3205,291,3252,683,1,0,,1,,,544
154074,JG23_1155,30,Sq. Yards,3194,280,3200,686,1,0,,1,,,544
155560,JG22.2_E-234,30,Sq. Yards,3194,280,3200,702,1,0,,1,,,544
155571,JG23_2158,30,Sq. Yards,3194,280,3200,690,1,0,,1,,,544
155664,KN9.32_E-110,30,Sq. Yards,3197,283,3215,683,1,0,,1,,,544
155989,JR9PII_E-176,30,Sq. Yards,3206,292,3257,693,1,0,,1,,,544
157375,JAJ_E-4,30,Sq. Yards,3200,286,3229,684,1,0,,1,,,544
158386,JAJ_E-96,30,Sq. Yards,3200,286,3229,693,1,0,,1,,,544
158629,FD9_E-8,30,Sq. Yards,3201,287,3233,684,1,0,,1,,,544
159983,CD9_E-175,30,Sq. Yards,3213,299,3279,684,1,0,,1,,,544
161101,FD9_E-71,30,Sq. Yards,3201,287,3233,688,1,0,,1,,,544
161476,SSPIII20_E-589,30,Sq. Yards,3202,288,3238,705,1,0,,1,,,544
161655,JG23_663,30,Sq. Yards,3194,280,3200,690,1,0,,1,,,544
162423,PJ28.3_E-87,30,Sq. Yards,3192,278,3193,697,1,0,,1,,,544
147718,RW18.2-3322,30,Sq. Yards,3208,294,3264,681,1,0,,1,,,544
147835,RW18.1_E-48,30,Sq. Yards,3208,294,3264,694,1,0,,1,,,544
148052,RK5_E-179,30,Sq. Yards,3205,291,3252,690,1,0,,1,,,544
148907,SSPIII20_E-798,30,Sq. Yards,3202,288,3238,682,1,0,,1,,,544
149022,JG24.2_E-4,30,Sq. Yards,3194,280,3200,688,1,0,,1,,,544
149807,KN32_167,30,Sq. Yards,3197,283,3215,699,1,0,,1,,,544
150358,RW18.2-3664,30,Sq. Yards,3208,294,3264,696,1,0,,1,,,544
150528,RW18.2-2256,30,Sq. Yards,3208,294,3264,700,1,0,,1,,,544
151813,JR9PII_E-209,30,Sq. Yards,3206,292,3257,682,1,0,,1,,,544
152013,JG23_311,30,Sq. Yards,3194,280,3200,682,1,0,,1,,,544
152581,RK21.2_E-103,30,Sq. Yards,3205,291,3252,702,1,0,,1,,,544
153136,RW18.2-3294,30,Sq. Yards,3208,294,3264,710,1,0,,1,,,544
153200,CD9_E-166,30,Sq. Yards,3213,299,3279,692,1,0,,1,,,544
153500,RW18.2-3326,30,Sq. Yards,3208,294,3264,689,1,0,,1,,,544
153704,RW18.2-3567,30,Sq. Yards,3208,294,3264,695,1,0,,1,,,544
154889,SSPIII20_E-312,30,Sq. Yards,3202,288,3238,686,1,0,,1,,,544
155057,RK5_E-49,30,Sq. Yards,3205,291,3252,686,1,0,,1,,,544
155459,RW18.2-3177,30,Sq. Yards,3208,294,3264,711,1,0,,1,,,544
155625,JR9PII_E-104,30,Sq. Yards,3206,292,3257,685,1,0,,1,,,544
156259,GO16_E-321,30,Sq. Yards,3199,285,3221,684,1,0,,1,,,544
156693,JG22.2_E-379,30,Sq. Yards,3194,280,3200,683,1,0,,1,,,544
157146,PW21_1089,30,Sq. Yards,3212,298,3276,682,1,0,,1,,,544
157712,GO16_E-132,30,Sq. Yards,3199,285,3221,702,1,0,,1,,,544
157729,JR6_E-203,30,Sq. Yards,3206,292,3257,693,1,0,,1,,,544
158514,RK5_E-325,30,Sq. Yards,3205,291,3252,681,1,0,,1,,,544
160235,KN32_96,30,Sq. Yards,3197,283,3215,686,1,0,,1,,,544
160839,CD9_E-276,30,Sq. Yards,3213,299,3279,697,1,0,,1,,,544
160971,KN9.32_E-142,30,Sq. Yards,3197,283,3215,975,1,0,,1,,,544
161041,RW18.2-3779,30,Sq. Yards,3208,294,3264,707,1,0,,1,,,544
161392,RW27.28.26PII_E-1712,30,Sq. Yards,3205,291,3252,682,1,0,,1,,,544
161975,RW18.2-3775,30,Sq. Yards,3208,294,3264,705,1,0,,1,,,544
162158,PWAP_E-163,30,Sq. Yards,3212,298,3276,704,1,0,,1,,,544
155780,JAJ_E-97,30,Sq. Yards,3200,286,3229,684,1,0,,1,,,544
155973,JG22.2_E-399,30,Sq. Yards,3194,280,3200,685,1,0,,1,,,544
156430,PW21_568,30,Sq. Yards,3212,298,3276,710,1,0,,1,,,544
156491,JG23_566,30,Sq. Yards,3194,280,3200,681,1,0,,1,,,544
157902,RW18.2-2778,30,Sq. Yards,3208,294,3264,689,1,0,,1,,,544
157977,JG23_2038,30,Sq. Yards,3194,280,3200,684,1,0,,1,,,544
158652,JG23_927,30,Sq. Yards,3194,280,3200,689,1,0,,1,,,544
160292,JG22.2_E-161,30,Sq. Yards,3194,280,3200,686,1,0,,1,,,544
160928,JR9PII_E-126,30,Sq. Yards,3206,292,3257,695,1,0,,1,,,544
161328,JR6_E-376,30,Sq. Yards,3206,292,3257,686,1,0,,1,,,544
162171,PJ28.1_E-14,30,Sq. Yards,3192,278,3193,935,1,0,,1,,,544
148323,RW27.28.26PII_E-1530,30,Sq. Yards,3205,291,3252,699,1,0,,1,,,544
149976,CD9_E-217,30,Sq. Yards,3213,299,3279,699,1,0,,1,,,544
150595,RW27.28.26PII_E-81,30,Sq. Yards,3205,291,3252,681,1,0,,1,,,544
150876,MG9.10.3_E-164,30,Sq. Yards,3207,293,3259,692,1,0,,1,,,544
152197,RW18.1_E-39,30,Sq. Yards,3208,294,3264,690,1,0,,1,,,544
152382,JR6_E-309,30,Sq. Yards,3206,292,3257,693,1,0,,1,,,544
153620,JG23_851,30,Sq. Yards,3194,280,3200,697,1,0,,1,,,544
153769,PW21_518,30,Sq. Yards,3212,298,3276,689,1,0,,1,,,544
154354,JG23_316,30,Sq. Yards,3194,280,3200,695,1,0,,1,,,544
154822,RK5_E-330,30,Sq. Yards,3205,291,3252,684,1,0,,1,,,544
155556,JG23_804,30,Sq. Yards,3194,280,3200,681,1,0,,1,,,544
156326,KN32_186,30,Sq. Yards,3197,283,3215,696,1,0,,1,,,544
156577,KN9.32_E-98,30,Sq. Yards,3197,283,3215,681,1,0,,1,,,544
156626,MG9.10.2_E-61,30,Sq. Yards,3207,293,3259,695,1,0,,1,,,544
157398,PWAP_E-416,30,Sq. Yards,3212,298,3276,692,1,0,,1,,,544
157762,KN32_91,30,Sq. Yards,3197,283,3215,695,1,0,,1,,,544
157764,JR6_E-188,30,Sq. Yards,3206,292,3257,689,1,0,,1,,,544
160253,SSPIII20_E-55,30,Sq. Yards,3202,288,3238,700,1,0,,1,,,544
162293,RW18.2-2965,30,Sq. Yards,3208,294,3264,692,1,0,,1,,,544
162361,GO16_E-42,30,Sq. Yards,3199,285,3221,682,1,0,,1,,,544
148366,RW27.28.26PII_E-1345,30,Sq. Yards,3205,291,3252,683,1,0,,1,,,544
148925,RK21.2_E-524,30,Sq. Yards,3205,291,3252,699,1,0,,1,,,544
151001,JG23_1093,30,Sq. Yards,3194,280,3200,697,1,0,,1,,,544
152235,RW27.28.26PII_E-615,30,Sq. Yards,3205,291,3252,698,1,0,,1,,,544
152844,KN32_124,30,Sq. Yards,3197,283,3215,681,1,0,,1,,,544
154418,PWAP_E-53,30,Sq. Yards,3212,298,3276,704,1,0,,1,,,544
155145,PWAP_E-496,30,Sq. Yards,3212,298,3276,699,1,0,,1,,,544
155611,JG23_1248,30,Sq. Yards,3194,280,3200,688,1,0,,1,,,544
155911,RW27.28.26PII_E-644,30,Sq. Yards,3205,291,3252,684,1,0,,1,,,544
157819,JR6_E-29,30,Sq. Yards,3206,292,3257,686,1,0,,1,,,544
158528,KN9.32_E-108,30,Sq. Yards,3197,283,3215,975,1,0,,1,,,544
159089,SSPIII20_E-810,30,Sq. Yards,3202,288,3238,702,1,0,,1,,,544
159730,JG23_2027,30,Sq. Yards,3194,280,3200,688,1,0,,1,,,544
159732,JG23_1740,30,Sq. Yards,3194,280,3200,696,1,0,,1,,,544
159923,GO16_E-253,30,Sq. Yards,3199,285,3221,682,1,0,,1,,,544
161093,RW36A_E-213,30,Sq. Yards,3205,291,3252,683,1,0,,1,,,544
162438,RW18.2-2283,30,Sq. Yards,3208,294,3264,703,1,0,,1,,,544
148596,PWAP_E-502,30,Sq. Yards,3212,298,3276,683,1,0,,1,,,544
149181,JR6_E-436,30,Sq. Yards,3206,292,3257,682,1,0,,1,,,544
149231,RW27.28.26PII_E-103,30,Sq. Yards,3205,291,3252,688,1,0,,1,,,544
149250,JG23_1066,30,Sq. Yards,3194,280,3200,696,1,0,,1,,,544
149635,FD9_E-24,30,Sq. Yards,3201,287,3233,684,1,0,,1,,,544
149986,JG23_412,30,Sq. Yards,3194,280,3200,687,1,0,,1,,,544
150485,JG23_2116,30,Sq. Yards,3194,280,3200,699,1,0,,1,,,544
150671,PWAP_E-59,30,Sq. Yards,3212,298,3276,692,1,0,,1,,,544
150954,PWAP_E-282,30,Sq. Yards,3212,298,3276,706,1,0,,1,,,544
152726,RW18.2-3144,30,Sq. Yards,3208,294,3264,694,1,0,,1,,,544
153211,PJ28.2_E-1,30,Sq. Yards,3192,278,3193,919,1,0,,1,,,544
153711,PWAP_E-20,30,Sq. Yards,3212,298,3276,688,1,0,,1,,,544
154179,JG23_1044,30,Sq. Yards,3194,280,3200,691,1,0,,1,,,544
154344,SSPIII20_E-56,30,Sq. Yards,3202,288,3238,710,1,0,,1,,,544
155016,GO13.14_99,30,Sq. Yards,3199,285,3221,703,1,0,,1,,,544
156134,CD1B_E-100,30,Sq. Yards,3213,299,3279,695,1,0,,1,,,544
157587,RK21.2_E-371,30,Sq. Yards,3205,291,3252,690,1,0,,1,,,544
162430,JG23_2243,30,Sq. Yards,3194,280,3200,685,1,0,,1,,,544
148205,PWAP_E-151,30,Sq. Yards,3212,298,3276,695,1,0,,1,,,544
148386,PJ28.2_E-30,30,Sq. Yards,3192,278,3193,944,1,0,,1,,,544
148939,RW18.2-2319,30,Sq. Yards,3208,294,3264,689,1,0,,1,,,544
149675,RW18.2-3586,30,Sq. Yards,3208,294,3264,695,1,0,,1,,,544
149977,RW18.2-2248,30,Sq. Yards,3208,294,3264,682,1,0,,1,,,544
150411,JG23_962,30,Sq. Yards,3194,280,3200,690,1,0,,1,,,544
150460,SSPIII20_E-238,30,Sq. Yards,3202,288,3238,690,1,0,,1,,,544
150579,MG9.10.3_E-103,30,Sq. Yards,3207,293,3259,693,1,0,,1,,,544
151011,CD9_E-182,30,Sq. Yards,3213,299,3279,689,1,0,,1,,,544
151177,JG23_2028,30,Sq. Yards,3194,280,3200,690,1,0,,1,,,544
151213,RW27.28.26PII_E-390,30,Sq. Yards,3205,291,3252,702,1,0,,1,,,544
151228,PWAP_E-171,30,Sq. Yards,3212,298,3276,702,1,0,,1,,,544
151647,RW36A_E-230,30,Sq. Yards,3205,291,3252,682,1,0,,1,,,544
151930,FD9_E-128,30,Sq. Yards,3201,287,3233,685,1,0,,1,,,544
152066,RW27.28.26PII_E-282,30,Sq. Yards,3205,291,3252,687,1,0,,1,,,544
153151,SD8_E-2,30,Sq. Yards,3200,286,3230,693,1,0,,1,,,544
154121,PJ28.1_E-44,30,Sq. Yards,3192,278,3193,919,1,0,,1,,,544
154406,RW27.28.26PII_E-231,30,Sq. Yards,3205,291,3252,692,1,0,,1,,,544
155074,JG23_1402,30,Sq. Yards,3194,280,3200,697,1,0,,1,,,544
155289,RW18.2-3715,30,Sq. Yards,3208,294,3264,684,1,0,,1,,,544
155506,RW18.2-3524,30,Sq. Yards,3208,294,3264,704,1,0,,1,,,544
155740,RW27.28.26PII_E-424,30,Sq. Yards,3205,291,3252,702,1,0,,1,,,544
155976,RW18.1_E-98,30,Sq. Yards,3208,294,3264,698,1,0,,1,,,544
156776,RW18.2-2608,30,Sq. Yards,3208,294,3264,685,1,0,,1,,,544
156861,JG22.2_E-514,30,Sq. Yards,3194,280,3200,697,1,0,,1,,,544
159618,PWAP_E-177,30,Sq. Yards,3212,298,3276,709,1,0,,1,,,544
159937,RW18.2-3467,30,Sq. Yards,3208,294,3264,706,1,0,,1,,,544
160824,RW27.28.26PII_E-903,30,Sq. Yards,3205,291,3252,683,1,0,,1,,,544
161224,RK5_E-41,30,Sq. Yards,3205,291,3252,686,1,0,,1,,,544
161507,RW18.2-3229,30,Sq. Yards,3208,294,3264,695,1,0,,1,,,544
161809,PWAP_E-430,30,Sq. Yards,3212,298,3276,708,1,0,,1,,,544
161941,JR6_E-422,30,Sq. Yards,3206,292,3257,688,1,0,,1,,,544
162124,RW18.2-2121,30,Sq. Yards,3208,294,3264,682,1,0,,1,,,544
162558,JG23_505,30,Sq. Yards,3194,280,3200,681,1,0,,1,,,544
148703,JG23_1905,30,Sq. Yards,3194,280,3200,695,1,0,,1,,,544
148778,SSPIII20_E-391,30,Sq. Yards,3202,288,3238,851,1,0,,1,,,544
149628,RW18.2-2928,30,Sq. Yards,3208,294,3264,705,1,0,,1,,,544
150321,JAJ_E-78,30,Sq. Yards,3200,286,3229,681,1,0,,1,,,544
150957,CD9_E-44,30,Sq. Yards,3213,299,3279,692,1,0,,1,,,544
151811,RW27.28.26PII_E-704,30,Sq. Yards,3205,291,3252,700,1,0,,1,,,544
153054,PW21_106,30,Sq. Yards,3212,298,3276,686,1,0,,1,,,544
153440,CD9_E-384,30,Sq. Yards,3213,299,3279,697,1,0,,1,,,544
153490,SSPIII20_E-429,30,Sq. Yards,3202,288,3238,851,1,0,,1,,,544
153758,PW21_333,30,Sq. Yards,3212,298,3276,697,1,0,,1,,,544
153958,RW18.2-2743,30,Sq. Yards,3208,294,3264,705,1,0,,1,,,544
154483,RK5_E-252,30,Sq. Yards,3205,291,3252,686,1,0,,1,,,544
155187,RW18.2-3559,30,Sq. Yards,3208,294,3264,708,1,0,,1,,,544
155369,SSPIII20_E-292,30,Sq. Yards,3202,288,3238,693,1,0,,1,,,544
155812,MG9.10.3_E-215,30,Sq. Yards,3207,293,3259,692,1,0,,1,,,544
156412,JR9PII_E-102,30,Sq. Yards,3206,292,3257,695,1,0,,1,,,544
158284,RW27.28.26PII_E-848,30,Sq. Yards,3205,291,3252,686,1,0,,1,,,544
159238,PW21_998,30,Sq. Yards,3212,298,3276,774,1,0,,1,,,544
159556,RW18.2-2736,30,Sq. Yards,3208,294,3264,693,1,0,,1,,,544
159892,CD9_E-159,30,Sq. Yards,3213,299,3279,683,1,0,,1,,,544
160156,RW18.2-2605,30,Sq. Yards,3208,294,3264,696,1,0,,1,,,544
160310,GO16_E-27,30,Sq. Yards,3199,285,3221,682,1,0,,1,,,544
160917,RW18.2-2767,30,Sq. Yards,3208,294,3264,702,1,0,,1,,,544
161271,JR6_E-62,30,Sq. Yards,3206,292,3257,695,1,0,,1,,,544
162289,PW21_446,30,Sq. Yards,3212,298,3276,690,1,0,,1,,,544
162371,PJ28.3_E-96,30,Sq. Yards,3192,278,3193,691,1,0,,1,,,544
162389,CD1B_E-69,30,Sq. Yards,3213,299,3279,688,1,0,,1,,,544
148408,JG23_307,30,Sq. Yards,3194,280,3200,695,1,0,,1,,,544
149887,RW18.1_E-21,30,Sq. Yards,3208,294,3264,710,1,0,,1,,,544
150398,PW21_967,30,Sq. Yards,3212,298,3276,696,1,0,,1,,,544
151141,PW21_1012,30,Sq. Yards,3212,298,3276,711,1,0,,1,,,544
151659,JG22.2_E-11,30,Sq. Yards,3194,280,3200,684,1,0,,1,,,544
152170,JG23_984,30,Sq. Yards,3194,280,3200,692,1,0,,1,,,544
152177,RW27.28.26PII_E-251,30,Sq. Yards,3205,291,3252,683,1,0,,1,,,544
152981,RW18.2-3318,30,Sq. Yards,3208,294,3264,708,1,0,,1,,,544
153181,GO13.14_10,30,Sq. Yards,3199,285,3221,700,1,0,,1,,,544
153892,GO16_E-258,30,Sq. Yards,3199,285,3221,685,1,0,,1,,,544
154853,RW27.28.26PII_E-1150,30,Sq. Yards,3205,291,3252,695,1,0,,1,,,544
155914,CD1B_E-22,30,Sq. Yards,3213,299,3279,685,1,0,,1,,,544
156264,JG23_514,30,Sq. Yards,3194,280,3200,695,1,0,,1,,,544
156296,PWAP_E-392,30,Sq. Yards,3212,298,3276,710,1,0,,1,,,544
157107,RW27.28.26PII_E-1492,30,Sq. Yards,3205,291,3252,682,1,0,,1,,,544
157650,JG22.2_E-6,30,Sq. Yards,3194,280,3200,699,1,0,,1,,,544
157768,JG23_325,30,Sq. Yards,3194,280,3200,682,1,0,,1,,,544
158093,RK5_E-354,30,Sq. Yards,3205,291,3252,686,1,0,,1,,,544
158304,CD9_E-472,30,Sq. Yards,3213,299,3279,692,1,0,,1,,,544
158897,RW18.2-3546,30,Sq. Yards,3208,294,3264,700,1,0,,1,,,544
159165,JG23_356,30,Sq. Yards,3194,280,3200,691,1,0,,1,,,544
159533,JG23_541,30,Sq. Yards,3194,280,3200,696,1,0,,1,,,544
159640,RW18.2-3286,30,Sq. Yards,3208,294,3264,708,1,0,,1,,,544
159690,KN32_103,30,Sq. Yards,3197,283,3215,687,1,0,,1,,,544
159740,CD9_E-328,30,Sq. Yards,3213,299,3279,685,1,0,,1,,,544
160651,JG22.1_E-77,30,Sq. Yards,3194,280,3200,686,1,0,,1,,,544
161262,JR6_E-254,30,Sq. Yards,3206,292,3257,684,1,0,,1,,,544
147903,GO16_E-266,30,Sq. Yards,3199,285,3221,689,1,0,,1,,,544
148169,SSPIII20_E-603,30,Sq. Yards,3202,288,3238,696,1,0,,1,,,544
148373,KN32_45,30,Sq. Yards,3197,283,3215,693,1,0,,1,,,544
149139,RW27.28.26PII_E-1293,30,Sq. Yards,3205,291,3252,685,1,0,,1,,,544
150143,GO16_E-199,30,Sq. Yards,3199,285,3221,681,1,0,,1,,,544
152568,JG22.2_E-648,30,Sq. Yards,3194,280,3200,692,1,0,,1,,,544
153034,RW27.28.26PII_E-1261,30,Sq. Yards,3205,291,3252,684,1,0,,1,,,544
153251,GO16_E-250,30,Sq. Yards,3199,285,3221,690,1,0,,1,,,544
153283,JG23_2059,30,Sq. Yards,3194,280,3200,686,1,0,,1,,,544
153383,KN32_101,30,Sq. Yards,3197,283,3215,682,1,0,,1,,,544
153504,JG23_1893,30,Sq. Yards,3194,280,3200,1020,1,0,,1,,,544
156273,KN32_213,30,Sq. Yards,3197,283,3215,695,1,0,,1,,,544
157784,RW27.28.26PII_E-1021,30,Sq. Yards,3205,291,3252,689,1,0,,1,,,544
158334,CD9_E-67,30,Sq. Yards,3213,299,3279,683,1,0,,1,,,544
159063,RW27.28.26PII_E-1487,30,Sq. Yards,3205,291,3252,690,1,0,,1,,,544
159095,JG22.2_E-567,30,Sq. Yards,3194,280,3200,685,1,0,,1,,,544
159499,JG24.2_E-131,30,Sq. Yards,3194,280,3200,702,1,0,,1,,,544
159824,JG23_1550,30,Sq. Yards,3194,280,3200,691,1,0,,1,,,544
160024,RW18.2-3116,30,Sq. Yards,3208,294,3264,687,1,0,,1,,,544
160131,CD9_E-339,30,Sq. Yards,3213,299,3279,686,1,0,,1,,,544
160249,KN9.32_E-117,30,Sq. Yards,3197,283,3215,683,1,0,,1,,,544
161135,SSPIII20_E-610,30,Sq. Yards,3202,288,3238,682,1,0,,1,,,544
161285,PJ28.3_E-77,30,Sq. Yards,3192,278,3193,689,1,0,,1,,,544
161396,KN32_287,30,Sq. Yards,3197,283,3215,693,1,0,,1,,,544
162053,PW21_205,30,Sq. Yards,3212,298,3276,689,1,0,,1,,,544
147753,RW18.2-2195,30,Sq. Yards,3208,294,3264,683,1,0,,1,,,544
148172,RW27.28.26PII_E-567,30,Sq. Yards,3205,291,3252,689,1,0,,1,,,544
148206,PW21_341,30,Sq. Yards,3212,298,3276,682,1,0,,1,,,544
148487,JR6_E-370,30,Sq. Yards,3206,292,3257,688,1,0,,1,,,544
148704,JG23_1919,30,Sq. Yards,3194,280,3200,681,1,0,,1,,,544
149072,RW18.2-3355,30,Sq. Yards,3208,294,3264,681,1,0,,1,,,544
150295,RW36A_E-170,30,Sq. Yards,3205,291,3252,683,1,0,,1,,,544
152080,RW18.2-3610,30,Sq. Yards,3208,294,3264,704,1,0,,1,,,544
152199,SSPIII20_E-689,30,Sq. Yards,3202,288,3238,686,1,0,,1,,,544
152448,RW18.2-2071,30,Sq. Yards,3208,294,3264,699,1,0,,1,,,544
152450,RW27.28.26PII_E-668,30,Sq. Yards,3205,291,3252,692,1,0,,1,,,544
153318,PW21_271,30,Sq. Yards,3212,298,3276,695,1,0,,1,,,544
154907,PW21_909,30,Sq. Yards,3212,298,3276,697,1,0,,1,,,544
155175,RW19.2_E-68,30,Sq. Yards,3208,294,3264,695,1,0,,1,,,544
156392,PW21_1010,30,Sq. Yards,3212,298,3276,709,1,0,,1,,,544
157445,FD9_E-55,30,Sq. Yards,3201,287,3233,684,1,0,,1,,,544
157898,CD9_E-399,30,Sq. Yards,3213,299,3279,693,1,0,,1,,,544
158130,PJ28.1_E-191,30,Sq. Yards,3192,278,3193,944,1,0,,1,,,544
158834,CD1B_E-194,30,Sq. Yards,3213,299,3279,692,1,0,,1,,,544
159119,JG24.2_E-144,30,Sq. Yards,3194,280,3200,697,1,0,,1,,,544
160036,PW21_714,30,Sq. Yards,3212,298,3276,694,1,0,,1,,,544
160604,RW27.28.26PII_E-221,30,Sq. Yards,3205,291,3252,692,1,0,,1,,,544
160838,RK21.2_E-208,30,Sq. Yards,3205,291,3252,682,1,0,,1,,,544
160872,CD9_E-59,30,Sq. Yards,3213,299,3279,695,1,0,,1,,,544
162040,CD9_E-108,30,Sq. Yards,3213,299,3279,696,1,0,,1,,,544
162410,JG22.1_E-145,30,Sq. Yards,3194,280,3200,683,1,0,,1,,,544
147525,MG9.10.3_E-247,30,Sq. Yards,3207,293,3259,686,1,0,,1,,,544
147832,PJ28.1_E-198,30,Sq. Yards,3192,278,3193,688,1,0,,1,,,544
150040,RW18.2-2024,30,Sq. Yards,3208,294,3264,691,1,0,,1,,,544
150163,CD1B_E-68,30,Sq. Yards,3213,299,3279,683,1,0,,1,,,544
151408,CD1B_E-60,30,Sq. Yards,3213,299,3279,687,1,0,,1,,,544
151710,PW21_246,30,Sq. Yards,3212,298,3276,686,1,0,,1,,,544
151935,PW21_561,30,Sq. Yards,3212,298,3276,709,1,0,,1,,,544
152171,RW18.2-2762,30,Sq. Yards,3208,294,3264,710,1,0,,1,,,544
152278,PWAP_E-139,30,Sq. Yards,3212,298,3276,684,1,0,,1,,,544
152471,RK21.2_E-470,30,Sq. Yards,3205,291,3252,685,1,0,,1,,,544
152503,CD1B_E-105,30,Sq. Yards,3213,299,3279,694,1,0,,1,,,544
153282,MG9.10.3_E-252,30,Sq. Yards,3207,293,3259,685,1,0,,1,,,544
154416,RW18.2-3496,30,Sq. Yards,3208,294,3264,687,1,0,,1,,,544
155679,FD9_E-83,30,Sq. Yards,3201,287,3233,704,1,0,,1,,,544
155822,PW21_830,30,Sq. Yards,3212,298,3276,685,1,0,,1,,,544
156449,JG22.2_E-67,30,Sq. Yards,3194,280,3200,691,1,0,,1,,,544
156817,RW18.2-2739,30,Sq. Yards,3208,294,3264,704,1,0,,1,,,544
157215,JG22.1_E-26,30,Sq. Yards,3194,280,3200,682,1,0,,1,,,544
157315,JG23_763,30,Sq. Yards,3194,280,3200,696,1,0,,1,,,544
161295,CD1B_E-28,30,Sq. Yards,3213,299,3279,689,1,0,,1,,,544
161502,RW27.28.26PII_E-851,30,Sq. Yards,3205,291,3252,693,1,0,,1,,,544
162263,RW18.2-3265,30,Sq. Yards,3208,294,3264,683,1,0,,1,,,544
147645,RK21.2_E-595,30,Sq. Yards,3205,291,3252,683,1,0,,1,,,544
147713,CD1B_E-73,30,Sq. Yards,3213,299,3279,694,1,0,,1,,,544
148478,SSPIII20_E-570,30,Sq. Yards,3202,288,3238,711,1,0,,1,,,544
148732,JG23_2112,30,Sq. Yards,3194,280,3200,690,1,0,,1,,,544
149449,CD9_E-336,30,Sq. Yards,3213,299,3279,692,1,0,,1,,,544
149667,RK21.2_E-263,30,Sq. Yards,3205,291,3252,699,1,0,,1,,,544
150317,JG23_1570,30,Sq. Yards,3194,280,3200,692,1,0,,1,,,544
150504,CD1B_E-154,30,Sq. Yards,3213,299,3279,691,1,0,,1,,,544
151203,SSPIII20_E-333,30,Sq. Yards,3202,288,3238,692,1,0,,1,,,544
151236,PW21_1019,30,Sq. Yards,3212,298,3276,698,1,0,,1,,,544
151354,GO13.14_7,30,Sq. Yards,3199,285,3221,687,1,0,,1,,,544
151958,JR6_E-369,30,Sq. Yards,3206,292,3257,687,1,0,,1,,,544
152757,PJ28.3_E-116,30,Sq. Yards,3192,278,3193,699,1,0,,1,,,544
153093,KN32_108,30,Sq. Yards,3197,283,3215,681,1,0,,1,,,544
153094,RW18.2-3621,30,Sq. Yards,3208,294,3264,705,1,0,,1,,,544
154029,FD9_E-91,30,Sq. Yards,3201,287,3233,700,1,0,,1,,,544
154497,PW21_926,30,Sq. Yards,3212,298,3276,688,1,0,,1,,,544
154879,RW18.2-3102,30,Sq. Yards,3208,294,3264,703,1,0,,1,,,544
154979,SSPIII20_E-239,30,Sq. Yards,3202,288,3238,709,1,0,,1,,,544
155416,PJ28.2_E-46,30,Sq. Yards,3192,278,3193,711,1,0,,1,,,544
155583,PJ28.1_E-125,30,Sq. Yards,3192,278,3193,685,1,0,,1,,,544
155701,JG23_879,30,Sq. Yards,3194,280,3200,688,1,0,,1,,,544
155733,RW36A_E-101,30,Sq. Yards,3205,291,3252,702,1,0,,1,,,544
157788,JG23_1318,30,Sq. Yards,3194,280,3200,1020,1,0,,1,,,544
157856,PW21_376,30,Sq. Yards,3212,298,3276,696,1,0,,1,,,544
158542,CD1B_E-46,30,Sq. Yards,3213,299,3279,696,1,0,,1,,,544
158606,RW18.2-3380,30,Sq. Yards,3208,294,3264,691,1,0,,1,,,544
160210,SD8_E-21,30,Sq. Yards,3200,286,3230,684,1,0,,1,,,544
160814,JG24.2_E-27,30,Sq. Yards,3194,280,3200,693,1,0,,1,,,544
160831,PWAP_E-95,30,Sq. Yards,3212,298,3276,774,1,0,,1,,,544
161799,PWAP_E-65,30,Sq. Yards,3212,298,3276,706,1,0,,1,,,544
162186,MG9.10.2_E-11,30,Sq. Yards,3207,293,3259,690,1,0,,1,,,544
147737,JG23_1613,30,Sq. Yards,3194,280,3200,686,1,0,,1,,,544
147837,RW27.28.26PII_E-629,30,Sq. Yards,3205,291,3252,685,1,0,,1,,,544
148490,RW18.2-3661,30,Sq. Yards,3208,294,3264,695,1,0,,1,,,544
148973,SSPIII20_E-583,30,Sq. Yards,3202,288,3238,696,1,0,,1,,,544
150477,RW18.2-3671,30,Sq. Yards,3208,294,3264,692,1,0,,1,,,544
150645,KN9.32_E-83,30,Sq. Yards,3197,283,3215,681,1,0,,1,,,544
151847,PW21_483,30,Sq. Yards,3212,298,3276,687,1,0,,1,,,544
152651,RW18.2-2766,30,Sq. Yards,3208,294,3264,685,1,0,,1,,,544
152966,JG24.2_E-3,30,Sq. Yards,3194,280,3200,683,1,0,,1,,,544
154204,SSPIII20_E-343,30,Sq. Yards,3202,288,3238,699,1,0,,1,,,544
155189,RW18.2-2678,30,Sq. Yards,3208,294,3264,682,1,0,,1,,,544
155710,RK5_E-202,30,Sq. Yards,3205,291,3252,682,1,0,,1,,,544
156261,RW27.28.26PII_E-491,30,Sq. Yards,3205,291,3252,684,1,0,,1,,,544
156893,MG9.10.3_E-48,30,Sq. Yards,3207,293,3259,683,1,0,,1,,,544
156895,JG22.1_E-125,30,Sq. Yards,3194,280,3200,681,1,0,,1,,,544
157646,RW18.2-3720,30,Sq. Yards,3208,294,3264,694,1,0,,1,,,544
157748,RW27.28.26PII_E-1582,30,Sq. Yards,3205,291,3252,682,1,0,,1,,,544
158531,CD1B_E-99,30,Sq. Yards,3213,299,3279,682,1,0,,1,,,544
158631,RW18.2-3646,30,Sq. Yards,3208,294,3264,710,1,0,,1,,,544
158784,JG23_1651,30,Sq. Yards,3194,280,3200,685,1,0,,1,,,544
158965,CD1B_E-142,30,Sq. Yards,3213,299,3279,696,1,0,,1,,,544
159001,RW27.28.26PII_E-585,30,Sq. Yards,3205,291,3252,683,1,0,,1,,,544
159116,JG23_786,30,Sq. Yards,3194,280,3200,699,1,0,,1,,,544
159199,JG22.1_E-134,30,Sq. Yards,3194,280,3200,702,1,0,,1,,,544
162509,JR6_E-135,30,Sq. Yards,3206,292,3257,692,1,0,,1,,,544
148642,PW21_1027,30,Sq. Yards,3212,298,3276,685,1,0,,1,,,544
148853,JG22.1_E-96,30,Sq. Yards,3194,280,3200,700,1,0,,1,,,544
150246,GO16_E-146,30,Sq. Yards,3199,285,3221,691,1,0,,1,,,544
150457,JR6_E-74,30,Sq. Yards,3206,292,3257,695,1,0,,1,,,544
150564,JG24.2_E-138,30,Sq. Yards,3194,280,3200,692,1,0,,1,,,544
150800,JG23_1960,30,Sq. Yards,3194,280,3200,681,1,0,,1,,,544
150950,RW27.28.26PII_E-642,30,Sq. Yards,3205,291,3252,690,1,0,,1,,,544
152497,CD1B_E-148,30,Sq. Yards,3213,299,3279,687,1,0,,1,,,544
152979,PJ28.3_E-9,30,Sq. Yards,3192,278,3193,944,1,0,,1,,,544
153379,CD1B_E-116,30,Sq. Yards,3213,299,3279,694,1,0,,1,,,544
153508,JG23_1513,30,Sq. Yards,3194,280,3200,689,1,0,,1,,,544
149094,RW27.28.26PII_E-525,30,Sq. Yards,3205,291,3252,683,1,0,,1,,,544
150048,RW27.28.26PII_E-713,30,Sq. Yards,3205,291,3252,698,1,0,,1,,,544
150330,GO13.14_177,30,Sq. Yards,3199,285,3221,698,1,0,,1,,,544
150705,RW18.2-3188,30,Sq. Yards,3208,294,3264,686,1,0,,1,,,544
152420,SSPIII20_E-349,30,Sq. Yards,3202,288,3238,703,1,0,,1,,,544
152513,RW27.28.26PII_E-226,30,Sq. Yards,3205,291,3252,685,1,0,,1,,,544
153449,PW21_1058,30,Sq. Yards,3212,298,3276,696,1,0,,1,,,544
154124,RW19.2_E-79,30,Sq. Yards,3208,294,3264,690,1,0,,1,,,544
154324,JG22.1_E-112,30,Sq. Yards,3194,280,3200,681,1,0,,1,,,544
155221,MG9.10.3_E-55,30,Sq. Yards,3207,293,3259,694,1,0,,1,,,544
155585,FD9_E-22,30,Sq. Yards,3201,287,3233,690,1,0,,1,,,544
155753,JG22.2_E-726,30,Sq. Yards,3194,280,3200,688,1,0,,1,,,544
156314,MG9.10.3_E-116,30,Sq. Yards,3207,293,3259,693,1,0,,1,,,544
156414,PW21_304,30,Sq. Yards,3212,298,3276,694,1,0,,1,,,544
156625,PW21_574,30,Sq. Yards,3212,298,3276,710,1,0,,1,,,544
157182,RW27.28.26PII_E-1399,30,Sq. Yards,3205,291,3252,688,1,0,,1,,,544
157407,SSPIII20_E-613,30,Sq. Yards,3202,288,3238,704,1,0,,1,,,544
157693,JG23_1410,30,Sq. Yards,3194,280,3200,685,1,0,,1,,,544
157736,RW27.28.26PII_E-1235,30,Sq. Yards,3205,291,3252,682,1,0,,1,,,544
158429,RK21.2_E-134,30,Sq. Yards,3205,291,3252,689,1,0,,1,,,544
158704,MG9.10.3_E-52,30,Sq. Yards,3207,293,3259,690,1,0,,1,,,544
158722,JR6_E-403,30,Sq. Yards,3206,292,3257,692,1,0,,1,,,544
158747,JG23_659,30,Sq. Yards,3194,280,3200,686,1,0,,1,,,544
159054,RW18.2-2217,30,Sq. Yards,3208,294,3264,681,1,0,,1,,,544
159215,JG23_1978,30,Sq. Yards,3194,280,3200,685,1,0,,1,,,544
159672,JG23_868,30,Sq. Yards,3194,280,3200,692,1,0,,1,,,544
159815,GO16_E-362,30,Sq. Yards,3199,285,3221,702,1,0,,1,,,544
161394,JR6_E-75,30,Sq. Yards,3206,292,3257,693,1,0,,1,,,544
161755,KN32_70,30,Sq. Yards,3197,283,3215,700,1,0,,1,,,544
162262,RK21.2_E-469,30,Sq. Yards,3205,291,3252,695,1,0,,1,,,544
162412,RW18.1_E-158,30,Sq. Yards,3208,294,3264,683,1,0,,1,,,544
150545,JG24.2_E-106,30,Sq. Yards,3194,280,3200,684,1,0,,1,,,544
151196,RW18.1_E-122,30,Sq. Yards,3208,294,3264,703,1,0,,1,,,544
152317,SD8_E-215,30,Sq. Yards,3200,286,3230,697,1,0,,1,,,544
152615,JG23_859,30,Sq. Yards,3194,280,3200,681,1,0,,1,,,544
153570,GO16_E-123,30,Sq. Yards,3199,285,3221,681,1,0,,1,,,544
153870,RW18.1_E-172,30,Sq. Yards,3208,294,3264,688,1,0,,1,,,544
155574,SSPIII20_E-22,30,Sq. Yards,3202,288,3238,681,1,0,,1,,,544
155706,SSPIII20_E-263,30,Sq. Yards,3202,288,3238,688,1,0,,1,,,544
157327,JG22.2_E-460,30,Sq. Yards,3194,280,3200,688,1,0,,1,,,544
157546,FD9_E-167,30,Sq. Yards,3201,287,3233,694,1,0,,1,,,544
158197,JR6_E-159,30,Sq. Yards,3206,292,3257,681,1,0,,1,,,544
158899,MG9.10.3_E-359,30,Sq. Yards,3207,293,3259,690,1,0,,1,,,544
159686,RW18.2-3181,30,Sq. Yards,3208,294,3264,682,1,0,,1,,,544
160069,JG22.2_E-707,30,Sq. Yards,3194,280,3200,681,1,0,,1,,,544
160103,RW27.28.26PII_E-355,30,Sq. Yards,3205,291,3252,684,1,0,,1,,,544
160637,GO16_E-96,30,Sq. Yards,3199,285,3221,686,1,0,,1,,,544
160703,RW27.28.26PII_E-934,30,Sq. Yards,3205,291,3252,685,1,0,,1,,,544
160737,FD9_E-168,30,Sq. Yards,3201,287,3233,692,1,0,,1,,,544
161024,MG9.10.3_E-93,30,Sq. Yards,3207,293,3259,683,1,0,,1,,,544
161405,PW21_990,30,Sq. Yards,3212,298,3276,685,1,0,,1,,,544
161609,RW18.1_E-174,30,Sq. Yards,3208,294,3264,707,1,0,,1,,,544
161807,RK5_E-363,30,Sq. Yards,3205,291,3252,700,1,0,,1,,,544
161943,JG23_1147,30,Sq. Yards,3194,280,3200,1053,1,0,,1,,,544
162141,PWAP_E-64,30,Sq. Yards,3212,298,3276,700,1,0,,1,,,544
154415,RK21.2_E-63,30,Sq. Yards,3205,291,3252,696,1,0,,1,,,544
157452,GO13.14_38,30,Sq. Yards,3199,285,3221,686,1,0,,1,,,544
158359,RW18.2-3756,30,Sq. Yards,3208,294,3264,710,1,0,,1,,,544
159481,RK21.2_E-568,30,Sq. Yards,3205,291,3252,690,1,0,,1,,,544
160099,RW27.28.26PII_E-538,30,Sq. Yards,3205,291,3252,681,1,0,,1,,,544
160660,JR6_E-90,30,Sq. Yards,3206,292,3257,694,1,0,,1,,,544
161346,PW21_156,30,Sq. Yards,3212,298,3276,682,1,0,,1,,,544
161746,PJ28.3_E-186,30,Sq. Yards,3192,278,3193,924,1,0,,1,,,544
162564,PW21_1082,30,Sq. Yards,3212,298,3276,704,1,0,,1,,,544
147768,RW18.2-2018,30,Sq. Yards,3208,294,3264,692,1,0,,1,,,544
147836,JG23_386,30,Sq. Yards,3194,280,3200,691,1,0,,1,,,544
148287,PW21_1162,30,Sq. Yards,3212,298,3276,711,1,0,,1,,,544
148319,JG23_572,30,Sq. Yards,3194,280,3200,681,1,0,,1,,,544
148489,JR9PII_E-13,30,Sq. Yards,3206,292,3257,695,1,0,,1,,,544
148623,KN32_208,30,Sq. Yards,3197,283,3215,695,1,0,,1,,,544
148840,RW27.28.26PII_E-1253,30,Sq. Yards,3205,291,3252,699,1,0,,1,,,544
148972,RW18.2-2842,30,Sq. Yards,3208,294,3264,706,1,0,,1,,,544
148991,RW18.1_E-117,30,Sq. Yards,3208,294,3264,710,1,0,,1,,,544
149408,RW19.2_E-26,30,Sq. Yards,3208,294,3264,710,1,0,,1,,,544
150512,JG22.2_E-495,30,Sq. Yards,3194,280,3200,700,1,0,,1,,,544
150961,JG23_476,30,Sq. Yards,3194,280,3200,692,1,0,,1,,,544
151146,PW21_772,30,Sq. Yards,3212,298,3276,928,1,0,,1,,,544
154839,RW27.28.26PII_E-1446,30,Sq. Yards,3205,291,3252,682,1,0,,1,,,544
154905,PWAP_E-495,30,Sq. Yards,3212,298,3276,704,1,0,,1,,,544
155892,RW18.2-2730,30,Sq. Yards,3208,294,3264,683,1,0,,1,,,544
157228,KN32_178,30,Sq. Yards,3197,283,3215,975,1,0,,1,,,544
157394,PJ28.3_E-48,30,Sq. Yards,3192,278,3193,684,1,0,,1,,,544
158300,JR6_E-443,30,Sq. Yards,3206,292,3257,688,1,0,,1,,,544
158681,RK21.2_E-26,30,Sq. Yards,3205,291,3252,699,1,0,,1,,,544
159066,PW21_209,30,Sq. Yards,3212,298,3276,692,1,0,,1,,,544
159100,GO16_E-223,30,Sq. Yards,3199,285,3221,692,1,0,,1,,,544
159268,RW18.2-3641,30,Sq. Yards,3208,294,3264,704,1,0,,1,,,544
159753,JG23_898,30,Sq. Yards,3194,280,3200,693,1,0,,1,,,544
159870,RW19.1_E-113,30,Sq. Yards,3208,294,3264,684,1,0,,1,,,544
161021,CD9_E-8,30,Sq. Yards,3213,299,3279,701,1,0,,1,,,544
161108,CD9_E-362,30,Sq. Yards,3213,299,3279,694,1,0,,1,,,544
162325,JG23_1452,30,Sq. Yards,3194,280,3200,682,1,0,,1,,,544
147831,PWAP_E-439,30,Sq. Yards,3212,298,3276,702,1,0,,1,,,544
148242,RW27.28.26PII_E-895,30,Sq. Yards,3205,291,3252,682,1,0,,1,,,544
148324,RW18.2-3246,30,Sq. Yards,3208,294,3264,692,1,0,,1,,,544
149703,RW27.28.26PII_E-800,30,Sq. Yards,3205,291,3252,685,1,0,,1,,,544
150028,RW27.28.26PII_E-499,30,Sq. Yards,3205,291,3252,698,1,0,,1,,,544
150489,PWAP_E-11,30,Sq. Yards,3212,298,3276,689,1,0,,1,,,544
150614,RW27.28.26PII_E-811,30,Sq. Yards,3205,291,3252,684,1,0,,1,,,544
151393,RW27.28.26PII_E-241,30,Sq. Yards,3205,291,3252,690,1,0,,1,,,544
152143,RK21.2_E-640,30,Sq. Yards,3205,291,3252,683,1,0,,1,,,544
153404,SD8_E-214,30,Sq. Yards,3200,286,3230,685,1,0,,1,,,544
153858,JG23_1862,30,Sq. Yards,3194,280,3200,693,1,0,,1,,,544
153972,PWAP_E-33,30,Sq. Yards,3212,298,3276,682,1,0,,1,,,544
153976,RK5_E-316,30,Sq. Yards,3205,291,3252,695,1,0,,1,,,544
156473,RW36A_E-280,30,Sq. Yards,3205,291,3252,688,1,0,,1,,,544
156680,SSPIII20_E-265,30,Sq. Yards,3202,288,3238,705,1,0,,1,,,544
157166,RW27.28.26PII_E-1632,30,Sq. Yards,3205,291,3252,700,1,0,,1,,,544
157634,JG23_1583,30,Sq. Yards,3194,280,3200,687,1,0,,1,,,544
158788,RK5_E-117,30,Sq. Yards,3205,291,3252,684,1,0,,1,,,544
159967,PW21_619,30,Sq. Yards,3212,298,3276,696,1,0,,1,,,544
160492,PW21_632,30,Sq. Yards,3212,298,3276,682,1,0,,1,,,544
160942,JR9PII_E-202,30,Sq. Yards,3206,292,3257,688,1,0,,1,,,544
161235,JG23_1185,30,Sq. Yards,3194,280,3200,682,1,0,,1,,,544
161646,MG9.10.3_E-97,30,Sq. Yards,3207,293,3259,693,1,0,,1,,,544
161703,SSPIII20_E-573,30,Sq. Yards,3202,288,3238,707,1,0,,1,,,544
147890,PJ28.2_E-78,30,Sq. Yards,3192,278,3193,711,1,0,,1,,,544
148526,JG23_1729,30,Sq. Yards,3194,280,3200,696,1,0,,1,,,544
150323,RW18.2-2786,30,Sq. Yards,3208,294,3264,682,1,0,,1,,,544
154004,RW27.28.26PII_E-63,30,Sq. Yards,3205,291,3252,683,1,0,,1,,,544
154657,KN32_318,30,Sq. Yards,3197,283,3215,693,1,0,,1,,,544
155925,PWAP_E-271,30,Sq. Yards,3212,298,3276,695,1,0,,1,,,544
156627,RW36A_E-218,30,Sq. Yards,3205,291,3252,683,1,0,,1,,,544
156927,JG24.2_E-118,30,Sq. Yards,3194,280,3200,702,1,0,,1,,,544
157129,KN32_132,30,Sq. Yards,3197,283,3215,695,1,0,,1,,,544
157397,RW36A_E-307,30,Sq. Yards,3205,291,3252,698,1,0,,1,,,544
157463,JG23_2263,30,Sq. Yards,3194,280,3200,690,1,0,,1,,,544
158314,JG24.1_E-24,30,Sq. Yards,3194,280,3200,681,1,0,,1,,,544
158416,PW21_709,30,Sq. Yards,3212,298,3276,702,1,0,,1,,,544
159452,CD1B_E-188,30,Sq. Yards,3213,299,3279,681,1,0,,1,,,544
159484,PW21_238,30,Sq. Yards,3212,298,3276,689,1,0,,1,,,544
160337,RW27.28.26PII_E-431,30,Sq. Yards,3205,291,3252,699,1,0,,1,,,544
161056,JG24.1_E-15,30,Sq. Yards,3194,280,3200,694,1,0,,1,,,544
161058,JR9PII_E-196,30,Sq. Yards,3206,292,3257,684,1,0,,1,,,544
161124,PW21_610,30,Sq. Yards,3212,298,3276,939,1,0,,1,,,544
161692,CD9_E-127,30,Sq. Yards,3213,299,3279,698,1,0,,1,,,544
161958,SSPIII20_E-183,30,Sq. Yards,3202,288,3238,689,1,0,,1,,,544
162643,JG23_1419,30,Sq. Yards,3194,280,3200,697,1,0,,1,,,544
158208,RW27.28.26PII_E-1668,30,Sq. Yards,3205,291,3252,696,1,0,,1,,,544
158489,PW21_11,30,Sq. Yards,3212,298,3276,682,1,0,,1,,,544
159308,JR9PII_E-4,30,Sq. Yards,3206,292,3257,693,1,0,,1,,,544
159876,PW21_231,30,Sq. Yards,3212,298,3276,684,1,0,,1,,,544
160447,CD9_E-147,30,Sq. Yards,3213,299,3279,693,1,0,,1,,,544
161348,CD9_E-247,30,Sq. Yards,3213,299,3279,684,1,0,,1,,,544
161447,PW21_1097,30,Sq. Yards,3212,298,3276,697,1,0,,1,,,544
161534,JG23_1866,30,Sq. Yards,3194,280,3200,690,1,0,,1,,,544
162470,SSPIII20_E-362,30,Sq. Yards,3202,288,3238,681,1,0,,1,,,544
147830,JG23_1008,30,Sq. Yards,3194,280,3200,696,1,0,,1,,,544
147912,PWAP_E-513,30,Sq. Yards,3212,298,3276,710,1,0,,1,,,544
148629,RW18.2-3730,30,Sq. Yards,3208,294,3264,692,1,0,,1,,,544
148730,JR6_E-7,30,Sq. Yards,3206,292,3257,686,1,0,,1,,,544
149365,FD9_E-72,30,Sq. Yards,3201,287,3233,685,1,0,,1,,,544
151019,RW18.1_E-126,30,Sq. Yards,3208,294,3264,686,1,0,,1,,,544
151152,JG23_454,30,Sq. Yards,3194,280,3200,699,1,0,,1,,,544
151505,GO16_E-311,30,Sq. Yards,3199,285,3221,692,1,0,,1,,,544
151824,RK21.2_E-266,30,Sq. Yards,3205,291,3252,681,1,0,,1,,,544
154146,RW27.28.26PII_E-471,30,Sq. Yards,3205,291,3252,687,1,0,,1,,,544
154578,RK5_E-159,30,Sq. Yards,3205,291,3252,682,1,0,,1,,,544
156236,SSPIII20_E-459,30,Sq. Yards,3202,288,3238,711,1,0,,1,,,544
156771,RW18.2-2634,30,Sq. Yards,3208,294,3264,704,1,0,,1,,,544
157053,JG23_1911,30,Sq. Yards,3194,280,3200,699,1,0,,1,,,544
158740,MG9.10.3_E-307,30,Sq. Yards,3207,293,3259,682,1,0,,1,,,544
158775,JR6_E-434,30,Sq. Yards,3206,292,3257,692,1,0,,1,,,544
159411,JG24.2_E-38,30,Sq. Yards,3194,280,3200,686,1,0,,1,,,544
160011,JG23_1054,30,Sq. Yards,3194,280,3200,693,1,0,,1,,,544
160865,RW27.28.26PII_E-1695,30,Sq. Yards,3205,291,3252,696,1,0,,1,,,544
161784,RW18.2-3039,30,Sq. Yards,3208,294,3264,710,1,0,,1,,,544
161952,FD9_E-66,30,Sq. Yards,3201,287,3233,684,1,0,,1,,,544
162252,PW21_615,30,Sq. Yards,3212,298,3276,709,1,0,,1,,,544
162570,MG9.10.3_E-345,30,Sq. Yards,3207,293,3259,687,1,0,,1,,,544
147529,RW18.2-3156,30,Sq. Yards,3208,294,3264,692,1,0,,1,,,544
149615,SSPIII20_E-19,30,Sq. Yards,3202,288,3238,866,1,0,,1,,,544
150169,RW27.28.26PII_E-626,30,Sq. Yards,3205,291,3252,683,1,0,,1,,,544
150620,RW27.28.26PII_E-1162,30,Sq. Yards,3205,291,3252,682,1,0,,1,,,544
150852,CD9_E-291,30,Sq. Yards,3213,299,3279,692,1,0,,1,,,544
151438,RW18.2-3396,30,Sq. Yards,3208,294,3264,697,1,0,,1,,,544
151823,MG9.10.3_E-318,30,Sq. Yards,3207,293,3259,688,1,0,,1,,,544
152074,RW18.2-2690,30,Sq. Yards,3208,294,3264,681,1,0,,1,,,544
152123,SSPIII20_E-50,30,Sq. Yards,3202,288,3238,866,1,0,,1,,,544
153510,CD9_E-321,30,Sq. Yards,3213,299,3279,682,1,0,,1,,,544
155499,PWAP_E-74,30,Sq. Yards,3212,298,3276,688,1,0,,1,,,544
155582,RK5_E-183,30,Sq. Yards,3205,291,3252,681,1,0,,1,,,544
155631,PW21_330,30,Sq. Yards,3212,298,3276,709,1,0,,1,,,544
156335,RW36A_E-173,30,Sq. Yards,3205,291,3252,696,1,0,,1,,,544
157203,PW21_531,30,Sq. Yards,3212,298,3276,687,1,0,,1,,,544
157204,GO13.14_186,30,Sq. Yards,3199,285,3221,702,1,0,,1,,,544
157521,JR6_E-272,30,Sq. Yards,3206,292,3257,696,1,0,,1,,,544
157822,PW21_329,30,Sq. Yards,3212,298,3276,710,1,0,,1,,,544
158004,RW27.28.26PII_E-1097,30,Sq. Yards,3205,291,3252,690,1,0,,1,,,544
158907,SSPIII20_E-43,30,Sq. Yards,3202,288,3238,706,1,0,,1,,,544
159676,RW27.28.26PII_E-325,30,Sq. Yards,3205,291,3252,685,1,0,,1,,,544
159776,JG22.2_E-680,30,Sq. Yards,3194,280,3200,685,1,0,,1,,,544
160111,RW18.2-2887,30,Sq. Yards,3208,294,3264,694,1,0,,1,,,544
160244,CD9_E-129,30,Sq. Yards,3213,299,3279,689,1,0,,1,,,544
160929,RW18.2-2131,30,Sq. Yards,3208,294,3264,685,1,0,,1,,,544
161233,GO13.14_242,30,Sq. Yards,3199,285,3221,683,1,0,,1,,,544
161333,MG9.10.2_E-1,30,Sq. Yards,3207,293,3259,687,1,0,,1,,,544
161366,PW21_988,30,Sq. Yards,3212,298,3276,706,1,0,,1,,,544
161548,RK5_E-217,30,Sq. Yards,3205,291,3252,702,1,0,,1,,,544
161798,JR9PII_E-273,30,Sq. Yards,3206,292,3257,694,1,0,,1,,,544
162083,JG23_1505,30,Sq. Yards,3194,280,3200,686,1,0,,1,,,544
162434,GO13.14_5,30,Sq. Yards,3199,285,3221,690,1,0,,1,,,544
148171,JG23_1440,30,Sq. Yards,3194,280,3200,682,1,0,,1,,,544
148437,JG23_756,30,Sq. Yards,3194,280,3200,699,1,0,,1,,,544
149124,SSPIII20_E-453,30,Sq. Yards,3202,288,3238,863,1,0,,1,,,544
149656,CD1B_E-132,30,Sq. Yards,3213,299,3279,682,1,0,,1,,,544
149841,SSPIII20_E-797,30,Sq. Yards,3202,288,3238,851,1,0,,1,,,544
149958,PW21_917,30,Sq. Yards,3212,298,3276,696,1,0,,1,,,544
150726,RW18.2-3640,30,Sq. Yards,3208,294,3264,685,1,0,,1,,,544
151632,RW27.28.26PII_E-946,30,Sq. Yards,3205,291,3252,681,1,0,,1,,,544
151779,GO16_E-247,30,Sq. Yards,3199,285,3221,682,1,0,,1,,,544
151796,RW18.2-2039,30,Sq. Yards,3208,294,3264,686,1,0,,1,,,544
153568,JG23_2110,30,Sq. Yards,3194,280,3200,686,1,0,,1,,,544
153687,JG22.2_E-274,30,Sq. Yards,3194,280,3200,682,1,0,,1,,,544
154102,RK21.2_E-17,30,Sq. Yards,3205,291,3252,688,1,0,,1,,,544
154955,JG23_540,30,Sq. Yards,3194,280,3200,685,1,0,,1,,,544
156108,JR9PII_E-139,30,Sq. Yards,3206,292,3257,687,1,0,,1,,,544
156544,RW18.2-2322,30,Sq. Yards,3208,294,3264,689,1,0,,1,,,544
157180,RW27.28.26PII_E-706,30,Sq. Yards,3205,291,3252,682,1,0,,1,,,544
157195,RW36A_E-43,30,Sq. Yards,3205,291,3252,690,1,0,,1,,,544
157246,RW18.2-2321,30,Sq. Yards,3208,294,3264,684,1,0,,1,,,544
157529,CD9_E-426,30,Sq. Yards,3213,299,3279,690,1,0,,1,,,544
158163,RW18.2-2177,30,Sq. Yards,3208,294,3264,682,1,0,,1,,,544
158414,JR6_E-396,30,Sq. Yards,3206,292,3257,699,1,0,,1,,,544
158567,PW21_557,30,Sq. Yards,3212,298,3276,706,1,0,,1,,,544
158731,SSPIII20_E-795,30,Sq. Yards,3202,288,3238,693,1,0,,1,,,544
158748,CD9_E-213,30,Sq. Yards,3213,299,3279,687,1,0,,1,,,544
160018,RW18.2-2014,30,Sq. Yards,3208,294,3264,693,1,0,,1,,,544
160188,JR6_E-231,30,Sq. Yards,3206,292,3257,683,1,0,,1,,,544
160288,CD1B_E-181,30,Sq. Yards,3213,299,3279,691,1,0,,1,,,544
160371,RW27.28.26PII_E-49,30,Sq. Yards,3205,291,3252,695,1,0,,1,,,544
160888,KN9.32_E-32,30,Sq. Yards,3197,283,3215,975,1,0,,1,,,544
161073,JG22.2_E-759,30,Sq. Yards,3194,280,3200,683,1,0,,1,,,544
161707,RW27.28.26PII_E-238,30,Sq. Yards,3205,291,3252,686,1,0,,1,,,544
162109,JG22.2_E-24,30,Sq. Yards,3194,280,3200,690,1,0,,1,,,544
162194,RK5_E-315,30,Sq. Yards,3205,291,3252,700,1,0,,1,,,544
149695,JG22.2_E-444,30,Sq. Yards,3194,280,3200,694,1,0,,1,,,544
150299,JG23_605,30,Sq. Yards,3194,280,3200,702,1,0,,1,,,544
150908,RW18.2-3303,30,Sq. Yards,3208,294,3264,704,1,0,,1,,,544
150933,MG9.10.2_E-34,30,Sq. Yards,3207,293,3259,694,1,0,,1,,,544
151176,JG23_1049,30,Sq. Yards,3194,280,3200,691,1,0,,1,,,544
151240,JR6_E-336,30,Sq. Yards,3206,292,3257,686,1,0,,1,,,544
151535,CD9_E-69,30,Sq. Yards,3213,299,3279,684,1,0,,1,,,544
151776,GO16_E-299,30,Sq. Yards,3199,285,3221,694,1,0,,1,,,544
151967,JG23_1055,30,Sq. Yards,3194,280,3200,684,1,0,,1,,,544
152680,RK21.2_E-7,30,Sq. Yards,3205,291,3252,687,1,0,,1,,,544
152905,RW18.1_E-74,30,Sq. Yards,3208,294,3264,692,1,0,,1,,,544
153082,RK5_E-220,30,Sq. Yards,3205,291,3252,681,1,0,,1,,,544
153650,RW19.2_E-51,30,Sq. Yards,3208,294,3264,684,1,0,,1,,,544
153875,RK5_E-1,30,Sq. Yards,3205,291,3252,699,1,0,,1,,,544
154218,RK21.2_E-497,30,Sq. Yards,3205,291,3252,700,1,0,,1,,,544
154343,SSPIII20_E-740,30,Sq. Yards,3202,288,3238,697,1,0,,1,,,544
154875,JG23_2097,30,Sq. Yards,3194,280,3200,690,1,0,,1,,,544
155245,JG22.2_E-546,30,Sq. Yards,3194,280,3200,684,1,0,,1,,,544
156413,RW27.28.26PII_E-670,30,Sq. Yards,3205,291,3252,698,1,0,,1,,,544
156490,JG23_1340,30,Sq. Yards,3194,280,3200,692,1,0,,1,,,544
156822,JG23_2220,30,Sq. Yards,3194,280,3200,699,1,0,,1,,,544
158119,SSPIII20_E-21,30,Sq. Yards,3202,288,3238,698,1,0,,1,,,544
158998,PJ28.1_E-88,30,Sq. Yards,3192,278,3193,944,1,0,,1,,,544
159725,JR9PII_E-297,30,Sq. Yards,3206,292,3257,686,1,0,,1,,,544
159766,MG9.10.3_E-196,30,Sq. Yards,3207,293,3259,694,1,0,,1,,,544
159891,RW19.1_E-2,30,Sq. Yards,3208,294,3264,697,1,0,,1,,,544
160602,JG22.1_E-140,30,Sq. Yards,3194,280,3200,685,1,0,,1,,,544
160636,GO16_E-56,30,Sq. Yards,3199,285,3221,695,1,0,,1,,,544
160927,RW18.2-2173,30,Sq. Yards,3208,294,3264,696,1,0,,1,,,544
161034,RW27.28.26PII_E-284,30,Sq. Yards,3205,291,3252,697,1,0,,1,,,544
161368,RW18.2-3560,30,Sq. Yards,3208,294,3264,693,1,0,,1,,,544
161827,JG23_2120,30,Sq. Yards,3194,280,3200,1027,1,0,,1,,,544
162708,RW18.2-2065,30,Sq. Yards,3208,294,3264,704,1,0,,1,,,544
147631,FD9_E-51,30,Sq. Yards,3201,287,3233,691,1,0,,1,,,544
148903,RW18.2-2447,30,Sq. Yards,3208,294,3264,689,1,0,,1,,,544
149896,JG22.2_E-633,30,Sq. Yards,3194,280,3200,683,1,0,,1,,,544
150039,FD9_E-14,30,Sq. Yards,3201,287,3233,686,1,0,,1,,,544
150364,RW18.2-2997,30,Sq. Yards,3208,294,3264,689,1,0,,1,,,544
151482,CD1B_E-32,30,Sq. Yards,3213,299,3279,700,1,0,,1,,,544
152772,MG9.10.3_E-259,30,Sq. Yards,3207,293,3259,683,1,0,,1,,,544
152990,MG9.10.3_E-227,30,Sq. Yards,3207,293,3259,681,1,0,,1,,,544
153797,PW21_13,30,Sq. Yards,3212,298,3276,692,1,0,,1,,,544
154265,RW18.2-2810,30,Sq. Yards,3208,294,3264,698,1,0,,1,,,544
154419,SSPIII20_E-432,30,Sq. Yards,3202,288,3238,689,1,0,,1,,,544
155630,RW27.28.26PII_E-875,30,Sq. Yards,3205,291,3252,687,1,0,,1,,,544
155844,PJ28.2_E-6,30,Sq. Yards,3192,278,3193,687,1,0,,1,,,544
156398,PW21_942,30,Sq. Yards,3212,298,3276,706,1,0,,1,,,544
156984,CD1B_E-84,30,Sq. Yards,3213,299,3279,695,1,0,,1,,,544
157945,SSPIII20_E-571,30,Sq. Yards,3202,288,3238,711,1,0,,1,,,544
158320,CD9_E-455,30,Sq. Yards,3213,299,3279,681,1,0,,1,,,544
158395,RK21.2_E-583,30,Sq. Yards,3205,291,3252,686,1,0,,1,,,544
158520,RW19.1_E-136,30,Sq. Yards,3208,294,3264,707,1,0,,1,,,544
159295,JG23_1330,30,Sq. Yards,3194,280,3200,683,1,0,,1,,,544
159449,RW18.2-3210,30,Sq. Yards,3208,294,3264,692,1,0,,1,,,544
160335,JG23_805,30,Sq. Yards,3194,280,3200,683,1,0,,1,,,544
160524,JAJ_E-118,30,Sq. Yards,3200,286,3229,693,1,0,,1,,,544
160910,JG23_1923,30,Sq. Yards,3194,280,3200,688,1,0,,1,,,544
161167,SSPIII20_E-697,30,Sq. Yards,3202,288,3238,707,1,0,,1,,,544
161246,PW21_914,30,Sq. Yards,3212,298,3276,709,1,0,,1,,,544
161978,JG23_563,30,Sq. Yards,3194,280,3200,685,1,0,,1,,,544
162646,JG22.1_E-122,30,Sq. Yards,3194,280,3200,692,1,0,,1,,,544
147570,JR9PII_E-88,30,Sq. Yards,3206,292,3257,696,1,0,,1,,,544
148423,JG23_536,30,Sq. Yards,3194,280,3200,702,1,0,,1,,,544
148689,RW36A_E-79,30,Sq. Yards,3205,291,3252,683,1,0,,1,,,544
149508,RW18.2-3827,30,Sq. Yards,3208,294,3264,684,1,0,,1,,,544
150510,JG23_1096,30,Sq. Yards,3194,280,3200,693,1,0,,1,,,544
150578,GO16_E-298,30,Sq. Yards,3199,285,3221,692,1,0,,1,,,544
150812,RW27.28.26PII_E-1529,30,Sq. Yards,3205,291,3252,690,1,0,,1,,,544
151997,RW18.2-2482,30,Sq. Yards,3208,294,3264,690,1,0,,1,,,544
151999,JR9PII_E-280,30,Sq. Yards,3206,292,3257,681,1,0,,1,,,544
152099,PW21_417,30,Sq. Yards,3212,298,3276,708,1,0,,1,,,544
152950,GO16_E-327,30,Sq. Yards,3199,285,3221,699,1,0,,1,,,544
153320,JG22.2_E-605,30,Sq. Yards,3194,280,3200,682,1,0,,1,,,544
153971,RW18.2-3804,30,Sq. Yards,3208,294,3264,682,1,0,,1,,,544
156311,JG23_486,30,Sq. Yards,3194,280,3200,702,1,0,,1,,,544
156360,JAJ_E-122,30,Sq. Yards,3200,286,3229,682,1,0,,1,,,544
156394,JG24.2_E-108,30,Sq. Yards,3194,280,3200,681,1,0,,1,,,544
157111,RW27.28.26PII_E-543,30,Sq. Yards,3205,291,3252,682,1,0,,1,,,544
157579,RK21.2_E-107,30,Sq. Yards,3205,291,3252,681,1,0,,1,,,544
158481,JG23_1594,30,Sq. Yards,3194,280,3200,696,1,0,,1,,,544
160236,SSPIII20_E-658,30,Sq. Yards,3202,288,3238,692,1,0,,1,,,544
160989,PJ28.3_E-4,30,Sq. Yards,3192,278,3193,689,1,0,,1,,,544
161057,PWAP_E-485,30,Sq. Yards,3212,298,3276,928,1,0,,1,,,544
161172,KN32_50,30,Sq. Yards,3197,283,3215,681,1,0,,1,,,544
147932,RW27.28.26PII_E-648,30,Sq. Yards,3205,291,3252,686,1,0,,1,,,544
148327,GO13.14_137,30,Sq. Yards,3199,285,3221,688,1,0,,1,,,544
148502,GO13.14_16,30,Sq. Yards,3199,285,3221,683,1,0,,1,,,544
149729,JG23_730,30,Sq. Yards,3194,280,3200,681,1,0,,1,,,544
149836,JG22.2_E-569,30,Sq. Yards,3194,280,3200,686,1,0,,1,,,544
149970,RW27.28.26PII_E-391,30,Sq. Yards,3205,291,3252,700,1,0,,1,,,544
150172,GO13.14_154,30,Sq. Yards,3199,285,3221,700,1,0,,1,,,544
150942,PWAP_E-327,30,Sq. Yards,3212,298,3276,921,1,0,,1,,,544
151135,PJ28.3_E-70,30,Sq. Yards,3192,278,3193,681,1,0,,1,,,544
151174,RW18.2-3552,30,Sq. Yards,3208,294,3264,682,1,0,,1,,,544
151333,PW21_81,30,Sq. Yards,3212,298,3276,703,1,0,,1,,,544
151910,RK21.2_E-190,30,Sq. Yards,3205,291,3252,700,1,0,,1,,,544
157855,PJ28.3_E-170,30,Sq. Yards,3192,278,3193,905,1,0,,1,,,544
159160,JG23_1456,30,Sq. Yards,3194,280,3200,691,1,0,,1,,,544
159345,JG23_2124,30,Sq. Yards,3194,280,3200,695,1,0,,1,,,544
159391,JG24.2_E-110,30,Sq. Yards,3194,280,3200,683,1,0,,1,,,544
159995,JG22.2_E-353,30,Sq. Yards,3194,280,3200,698,1,0,,1,,,544
160546,RW18.2-2890,30,Sq. Yards,3208,294,3264,1062,1,0,,1,,,544
160663,RW27.28.26PII_E-909,30,Sq. Yards,3205,291,3252,682,1,0,,1,,,544
161196,PW21_460,30,Sq. Yards,3212,298,3276,696,1,0,,1,,,544
162618,RW27.28.26PII_E-1036,30,Sq. Yards,3205,291,3252,697,1,0,,1,,,544
162668,JR9_E-35,30,Sq. Yards,3206,292,3257,682,1,0,,1,,,544
147484,CD9_E-149,30,Sq. Yards,3213,299,3279,692,1,0,,1,,,544
148590,RW18.2-2900,30,Sq. Yards,3208,294,3264,687,1,0,,1,,,544
149122,JR6_E-448,30,Sq. Yards,3206,292,3257,693,1,0,,1,,,544
149373,GO16_E-222,30,Sq. Yards,3199,285,3221,681,1,0,,1,,,544
150024,CD9_E-221,30,Sq. Yards,3213,299,3279,694,1,0,,1,,,544
150345,RW18.2-2442,30,Sq. Yards,3208,294,3264,685,1,0,,1,,,544
150813,RW27.28.26PII_E-693,30,Sq. Yards,3205,291,3252,686,1,0,,1,,,544
155576,RW18.2-2696,30,Sq. Yards,3208,294,3264,684,1,0,,1,,,544
155759,RK5_E-342,30,Sq. Yards,3205,291,3252,684,1,0,,1,,,544
156025,RW18.2-2301,30,Sq. Yards,3208,294,3264,681,1,0,,1,,,544
156059,RW36A_E-13,30,Sq. Yards,3205,291,3252,682,1,0,,1,,,544
156512,RW18.2-3005,30,Sq. Yards,3208,294,3264,685,1,0,,1,,,544
156729,RW18.2-2961,30,Sq. Yards,3208,294,3264,698,1,0,,1,,,544
156810,PW21_110,30,Sq. Yards,3212,298,3276,702,1,0,,1,,,544
157514,JR6_E-190,30,Sq. Yards,3206,292,3257,682,1,0,,1,,,544
158499,RK21.2_E-571,30,Sq. Yards,3205,291,3252,685,1,0,,1,,,544
159520,RW27.28.26PII_E-824,30,Sq. Yards,3205,291,3252,690,1,0,,1,,,544
159803,RW36A_E-127,30,Sq. Yards,3205,291,3252,698,1,0,,1,,,544
160871,JG23_824,30,Sq. Yards,3194,280,3200,696,1,0,,1,,,544
161592,RK5_E-229,30,Sq. Yards,3205,291,3252,689,1,0,,1,,,544
162024,RW27.28.26PII_E-442,30,Sq. Yards,3205,291,3252,687,1,0,,1,,,544
162294,JG23_2127,30,Sq. Yards,3194,280,3200,686,1,0,,1,,,544
162428,RW18.2-2362,30,Sq. Yards,3208,294,3264,693,1,0,,1,,,544
148267,RW27.28.26PII_E-393,30,Sq. Yards,3205,291,3252,701,1,0,,1,,,544
148367,JR9PII_E-191,30,Sq. Yards,3206,292,3257,689,1,0,,1,,,544
148792,JG23_498,30,Sq. Yards,3194,280,3200,690,1,0,,1,,,544
150557,RW18.2-2546,30,Sq. Yards,3208,294,3264,704,1,0,,1,,,544
151018,CD9_E-360,30,Sq. Yards,3213,299,3279,682,1,0,,1,,,544
151993,KN9.32_E-161,30,Sq. Yards,3197,283,3215,698,1,0,,1,,,544
152754,SSPIII20_E-344,30,Sq. Yards,3202,288,3238,705,1,0,,1,,,544
154076,FD9_E-99,30,Sq. Yards,3201,287,3233,700,1,0,,1,,,544
154858,RW27.28.26PII_E-97,30,Sq. Yards,3205,291,3252,690,1,0,,1,,,544
154869,SSPIII20_E-346,30,Sq. Yards,3202,288,3238,863,1,0,,1,,,544
157273,RW18.2-2755,30,Sq. Yards,3208,294,3264,692,1,0,,1,,,544
157627,CD9_E-447,30,Sq. Yards,3213,299,3279,699,1,0,,1,,,544
157934,JG23_798,30,Sq. Yards,3194,280,3200,684,1,0,,1,,,544
158988,JG23_1932,30,Sq. Yards,3194,280,3200,689,1,0,,1,,,544
159588,RW18.2-2349,30,Sq. Yards,3208,294,3264,689,1,0,,1,,,544
160074,PWAP_E-119,30,Sq. Yards,3212,298,3276,705,1,0,,1,,,544
160231,RW18.1_E-41,30,Sq. Yards,3208,294,3264,701,1,0,,1,,,544
160435,RW18.2-3216,30,Sq. Yards,3208,294,3264,711,1,0,,1,,,544
161178,PJ28.2_E-73,30,Sq. Yards,3192,278,3193,940,1,0,,1,,,544
161685,PW21_992,30,Sq. Yards,3212,298,3276,689,1,0,,1,,,544
161871,RW18.2-2576,30,Sq. Yards,3208,294,3264,684,1,0,,1,,,544
147821,RW27.28.26PII_E-1429,30,Sq. Yards,3205,291,3252,702,1,0,,1,,,544
148553,PW21_1155,30,Sq. Yards,3212,298,3276,684,1,0,,1,,,544
150027,RW18.2-3453,30,Sq. Yards,3208,294,3264,699,1,0,,1,,,544
150076,PW21_243,30,Sq. Yards,3212,298,3276,698,1,0,,1,,,544
151010,RW19.2_E-13,30,Sq. Yards,3208,294,3264,683,1,0,,1,,,544
151865,RW27.28.26PII_E-775,30,Sq. Yards,3205,291,3252,701,1,0,,1,,,544
152265,RK21.2_E-507,30,Sq. Yards,3205,291,3252,683,1,0,,1,,,544
152316,RW18.2-2964,30,Sq. Yards,3208,294,3264,705,1,0,,1,,,544
153067,RK5_E-149,30,Sq. Yards,3205,291,3252,684,1,0,,1,,,544
153503,GO16_E-5,30,Sq. Yards,3199,285,3221,697,1,0,,1,,,544
147980,MG9.10.3_E-123,30,Sq. Yards,3207,293,3259,684,1,0,,1,,,544
148697,JG23_791,30,Sq. Yards,3194,280,3200,689,1,0,,1,,,544
150702,JG23_1855,30,Sq. Yards,3194,280,3200,695,1,0,,1,,,544
151806,RW27.28.26PII_E-1080,30,Sq. Yards,3205,291,3252,683,1,0,,1,,,544
151891,RW27.28.26PII_E-999,30,Sq. Yards,3205,291,3252,699,1,0,,1,,,544
151974,PW21_884,30,Sq. Yards,3212,298,3276,939,1,0,,1,,,544
152274,JG22.2_E-117,30,Sq. Yards,3194,280,3200,683,1,0,,1,,,544
152292,RK21.2_E-413,30,Sq. Yards,3205,291,3252,700,1,0,,1,,,544
153127,JG23_1698,30,Sq. Yards,3194,280,3200,696,1,0,,1,,,544
153242,RW27.28.26PII_E-338,30,Sq. Yards,3205,291,3252,683,1,0,,1,,,544
153310,CD9_E-232,30,Sq. Yards,3213,299,3279,691,1,0,,1,,,544
153459,PW21_562,30,Sq. Yards,3212,298,3276,711,1,0,,1,,,544
153560,JG23_294,30,Sq. Yards,3194,280,3200,691,1,0,,1,,,544
154278,RW18.2-2397,30,Sq. Yards,3208,294,3264,704,1,0,,1,,,544
154395,GO16_E-231,30,Sq. Yards,3199,285,3221,698,1,0,,1,,,544
155632,RW18.2-2920,30,Sq. Yards,3208,294,3264,704,1,0,,1,,,544
155749,JR9PII_E-151,30,Sq. Yards,3206,292,3257,689,1,0,,1,,,544
155750,JR6_E-192,30,Sq. Yards,3206,292,3257,684,1,0,,1,,,544
156467,RW27.28.26PII_E-1416,30,Sq. Yards,3205,291,3252,688,1,0,,1,,,544
156753,RW18.2-2615,30,Sq. Yards,3208,294,3264,698,1,0,,1,,,544
156985,JG23_1811,30,Sq. Yards,3194,280,3200,1047,1,0,,1,,,544
157386,RK21.2_E-581,30,Sq. Yards,3205,291,3252,700,1,0,,1,,,544
158008,MG9.10.3_E-31,30,Sq. Yards,3207,293,3259,692,1,0,,1,,,544
158626,JR6_E-463,30,Sq. Yards,3206,292,3257,685,1,0,,1,,,544
159176,PW21_421,30,Sq. Yards,3212,298,3276,708,1,0,,1,,,544
159561,KN32_209,30,Sq. Yards,3197,283,3215,686,1,0,,1,,,544
160379,RW27.28.26PII_E-898,30,Sq. Yards,3205,291,3252,702,1,0,,1,,,544
160765,RK21.2_E-336,30,Sq. Yards,3205,291,3252,701,1,0,,1,,,544
162102,JG22.2_E-191,30,Sq. Yards,3194,280,3200,683,1,0,,1,,,544
162316,RW18.2-2130,30,Sq. Yards,3208,294,3264,707,1,0,,1,,,544
147637,PW21_877,30,Sq. Yards,3212,298,3276,688,1,0,,1,,,544
147871,RK21.2_E-331,30,Sq. Yards,3205,291,3252,692,1,0,,1,,,544
148103,PJ28.3_E-46,30,Sq. Yards,3192,278,3193,905,1,0,,1,,,544
148739,SD8_E-51,30,Sq. Yards,3200,286,3230,684,1,0,,1,,,544
149390,JG23_2152,30,Sq. Yards,3194,280,3200,689,1,0,,1,,,544
149626,RW27.28.26PII_E-1271,30,Sq. Yards,3205,291,3252,682,1,0,,1,,,544
153851,GO13.14_3,30,Sq. Yards,3199,285,3221,696,1,0,,1,,,544
155542,RW19.1_E-77,30,Sq. Yards,3208,294,3264,697,1,0,,1,,,544
156812,RK5_E-23,30,Sq. Yards,3205,291,3252,684,1,0,,1,,,544
158833,KN32_67,30,Sq. Yards,3197,283,3215,686,1,0,,1,,,544
159518,RW27.28.26PII_E-1087,30,Sq. Yards,3205,291,3252,692,1,0,,1,,,544
160571,RW19.2_E-11,30,Sq. Yards,3208,294,3264,705,1,0,,1,,,544
161188,RW18.1_E-153,30,Sq. Yards,3208,294,3264,701,1,0,,1,,,544
161256,RK21.2_E-30,30,Sq. Yards,3205,291,3252,701,1,0,,1,,,544
162075,RW18.2-3470,30,Sq. Yards,3208,294,3264,704,1,0,,1,,,544
148068,GO16_E-154,30,Sq. Yards,3199,285,3221,699,1,0,,1,,,544
148198,JR6_E-4,30,Sq. Yards,3206,292,3257,694,1,0,,1,,,544
148334,RK21.2_E-163,30,Sq. Yards,3205,291,3252,686,1,0,,1,,,544
148491,RK5_E-185,30,Sq. Yards,3205,291,3252,681,1,0,,1,,,544
148868,PJ28.3_E-23,30,Sq. Yards,3192,278,3193,684,1,0,,1,,,544
149304,RW18.2-3233,30,Sq. Yards,3208,294,3264,681,1,0,,1,,,544
150733,PWAP_E-55,30,Sq. Yards,3212,298,3276,708,1,0,,1,,,544
152344,JR9PII_E-162,30,Sq. Yards,3206,292,3257,696,1,0,,1,,,544
153146,PW21_197,30,Sq. Yards,3212,298,3276,686,1,0,,1,,,544
153573,KN32_157,30,Sq. Yards,3197,283,3215,681,1,0,,1,,,544
154175,JAJ_E-129,30,Sq. Yards,3200,286,3229,692,1,0,,1,,,544
154182,RW18.2-2756,30,Sq. Yards,3208,294,3264,691,1,0,,1,,,544
154516,JG22.2_E-602,30,Sq. Yards,3194,280,3200,701,1,0,,1,,,544
154609,PW21_457,30,Sq. Yards,3212,298,3276,698,1,0,,1,,,544
155343,RW19.1_E-94,30,Sq. Yards,3208,294,3264,681,1,0,,1,,,544
155986,JG22.2_E-278,30,Sq. Yards,3194,280,3200,1045,1,0,,1,,,544
156379,JG23_910,30,Sq. Yards,3194,280,3200,686,1,0,,1,,,544
156647,PW21_601,30,Sq. Yards,3212,298,3276,697,1,0,,1,,,544
157894,RK21.2_E-610,30,Sq. Yards,3205,291,3252,685,1,0,,1,,,544
158385,RW18.2-2196,30,Sq. Yards,3208,294,3264,704,1,0,,1,,,544
158928,RW18.2-3290,30,Sq. Yards,3208,294,3264,711,1,0,,1,,,544
159223,JG22.2_E-627,30,Sq. Yards,3194,280,3200,681,1,0,,1,,,544
160600,CD9_E-315,30,Sq. Yards,3213,299,3279,682,1,0,,1,,,544
161568,KN32_218,30,Sq. Yards,3197,283,3215,683,1,0,,1,,,544
161972,RW18.2-2315,30,Sq. Yards,3208,294,3264,699,1,0,,1,,,544
162136,JG23_945,30,Sq. Yards,3194,280,3200,702,1,0,,1,,,544
147806,SSPIII20_E-85,30,Sq. Yards,3202,288,3238,701,1,0,,1,,,544
148192,SD8_E-84,30,Sq. Yards,3200,286,3230,682,1,0,,1,,,544
148424,JG22.2_E-98,30,Sq. Yards,3194,280,3200,1019,1,0,,1,,,544
150857,JG23_1854,30,Sq. Yards,3194,280,3200,681,1,0,,1,,,544
151132,RW27.28.26PII_E-967,30,Sq. Yards,3205,291,3252,694,1,0,,1,,,544
153372,JG22.1_E-67,30,Sq. Yards,3194,280,3200,682,1,0,,1,,,544
156423,JG22.2_E-772,30,Sq. Yards,3194,280,3200,683,1,0,,1,,,544
156791,RK21.2_E-83,30,Sq. Yards,3205,291,3252,692,1,0,,1,,,544
156848,RK21.2_E-503,30,Sq. Yards,3205,291,3252,681,1,0,,1,,,544
157559,JG23_915,30,Sq. Yards,3194,280,3200,690,1,0,,1,,,544
158945,MG9.10.3_E-87,30,Sq. Yards,3207,293,3259,693,1,0,,1,,,544
159381,RW18.2-3239,30,Sq. Yards,3208,294,3264,687,1,0,,1,,,544
161078,RW27.28.26PII_E-126,30,Sq. Yards,3205,291,3252,681,1,0,,1,,,544
162321,GO16_E-233,30,Sq. Yards,3199,285,3221,686,1,0,,1,,,544
148055,RW27.28.26PII_E-640,30,Sq. Yards,3205,291,3252,696,1,0,,1,,,544
148289,GO13.14_156,30,Sq. Yards,3199,285,3221,701,1,0,,1,,,544
148723,JG22.2_E-710,30,Sq. Yards,3194,280,3200,699,1,0,,1,,,544
148738,RK21.2_E-544,30,Sq. Yards,3205,291,3252,700,1,0,,1,,,544
149389,RW18.2-2108,30,Sq. Yards,3208,294,3264,682,1,0,,1,,,544
149776,RK5_E-328,30,Sq. Yards,3205,291,3252,681,1,0,,1,,,544
150244,RK21.2_E-574,30,Sq. Yards,3205,291,3252,690,1,0,,1,,,544
150995,PW21_450,30,Sq. Yards,3212,298,3276,705,1,0,,1,,,544
151731,SD8_E-20,30,Sq. Yards,3200,286,3230,695,1,0,,1,,,544
151812,JG24.2_E-73,30,Sq. Yards,3194,280,3200,684,1,0,,1,,,544
152299,JG23_1835,30,Sq. Yards,3194,280,3200,695,1,0,,1,,,544
153386,KN32_161,30,Sq. Yards,3197,283,3215,699,1,0,,1,,,544
154537,PJ28.1_E-10,30,Sq. Yards,3192,278,3193,691,1,0,,1,,,544
155173,RW18.2-2896,30,Sq. Yards,3208,294,3264,692,1,0,,1,,,544
156109,JG22.2_E-75,30,Sq. Yards,3194,280,3200,690,1,0,,1,,,544
156175,GO13.14_257,30,Sq. Yards,3199,285,3221,684,1,0,,1,,,544
157013,RW27.28.26PII_E-765,30,Sq. Yards,3205,291,3252,686,1,0,,1,,,544
157043,GO16_E-283,30,Sq. Yards,3199,285,3221,698,1,0,,1,,,544
157662,RW27.28.26PII_E-697,30,Sq. Yards,3205,291,3252,683,1,0,,1,,,544
157779,PW21_573,30,Sq. Yards,3212,298,3276,682,1,0,,1,,,544
158215,RW18.2-2415,30,Sq. Yards,3208,294,3264,699,1,0,,1,,,544
158330,GO13.14_66,30,Sq. Yards,3199,285,3221,681,1,0,,1,,,544
159334,PW21_959,30,Sq. Yards,3212,298,3276,683,1,0,,1,,,544
159419,JG23_1040,30,Sq. Yards,3194,280,3200,683,1,0,,1,,,544
159485,PWAP_E-144,30,Sq. Yards,3212,298,3276,696,1,0,,1,,,544
160021,JG23_2178,30,Sq. Yards,3194,280,3200,686,1,0,,1,,,544
161374,RW18.2-2379,30,Sq. Yards,3208,294,3264,709,1,0,,1,,,544
161689,RW27.28.26PII_E-1280,30,Sq. Yards,3205,291,3252,686,1,0,,1,,,544
161974,RW27.28.26PII_E-1629,30,Sq. Yards,3205,291,3252,682,1,0,,1,,,544
162559,PWAP_E-217,30,Sq. Yards,3212,298,3276,699,1,0,,1,,,544
162610,RW18.2-3793,30,Sq. Yards,3208,294,3264,697,1,0,,1,,,544
147864,SSPIII20_E-395,30,Sq. Yards,3202,288,3238,682,1,0,,1,,,544
148227,RK21.2_E-302,30,Sq. Yards,3205,291,3252,684,1,0,,1,,,544
148793,JG23_582,30,Sq. Yards,3194,280,3200,681,1,0,,1,,,544
149870,RK21.2_E-543,30,Sq. Yards,3205,291,3252,683,1,0,,1,,,544
149931,KN32_295,30,Sq. Yards,3197,283,3215,681,1,0,,1,,,544
149972,RK5_E-340,30,Sq. Yards,3205,291,3252,685,1,0,,1,,,544
149995,JG22.2_E-301,30,Sq. Yards,3194,280,3200,688,1,0,,1,,,544
150306,RW18.2-2267,30,Sq. Yards,3208,294,3264,682,1,0,,1,,,544
150431,KN32_41,30,Sq. Yards,3197,283,3215,681,1,0,,1,,,544
154384,SD8_E-56,30,Sq. Yards,3200,286,3230,691,1,0,,1,,,544
154577,RW27.28.26PII_E-421,30,Sq. Yards,3205,291,3252,686,1,0,,1,,,544
155345,SSPIII20_E-301,30,Sq. Yards,3202,288,3238,694,1,0,,1,,,544
156188,JG23_1739,30,Sq. Yards,3194,280,3200,682,1,0,,1,,,544
156256,JG22.2_E-457,30,Sq. Yards,3194,280,3200,691,1,0,,1,,,544
156588,JG22.2_E-524,30,Sq. Yards,3194,280,3200,690,1,0,,1,,,544
156681,RW18.2-2409,30,Sq. Yards,3208,294,3264,686,1,0,,1,,,544
156892,JG23_589,30,Sq. Yards,3194,280,3200,695,1,0,,1,,,544
156992,SSPIII20_E-510,30,Sq. Yards,3202,288,3238,707,1,0,,1,,,544
157649,RK21.2_E-153,30,Sq. Yards,3205,291,3252,702,1,0,,1,,,544
158117,PW21_639,30,Sq. Yards,3212,298,3276,706,1,0,,1,,,544
158285,RW27.28.26PII_E-287,30,Sq. Yards,3205,291,3252,700,1,0,,1,,,544
158455,RW18.2-3702,30,Sq. Yards,3208,294,3264,698,1,0,,1,,,544
158696,JG22.2_E-271,30,Sq. Yards,3194,280,3200,685,1,0,,1,,,544
160925,JG23_1637,30,Sq. Yards,3194,280,3200,692,1,0,,1,,,544
161363,JG22.2_E-256,30,Sq. Yards,3194,280,3200,695,1,0,,1,,,544
161493,PWAP_E-354,30,Sq. Yards,3212,298,3276,692,1,0,,1,,,544
162104,RK5_E-172,30,Sq. Yards,3205,291,3252,683,1,0,,1,,,544
150267,MG9.10.3_E-360,30,Sq. Yards,3207,293,3259,687,1,0,,1,,,544
150586,RW18.2-2302,30,Sq. Yards,3208,294,3264,697,1,0,,1,,,544
150936,RW18.2-3505,30,Sq. Yards,3208,294,3264,706,1,0,,1,,,544
152389,JG24.2_E-44,30,Sq. Yards,3194,280,3200,690,1,0,,1,,,544
152790,SSPIII20_E-773,30,Sq. Yards,3202,288,3238,692,1,0,,1,,,544
153057,SSPIII20_E-558,30,Sq. Yards,3202,288,3238,707,1,0,,1,,,544
153612,RW18.2-2059,30,Sq. Yards,3208,294,3264,696,1,0,,1,,,544
153961,PW21_892,30,Sq. Yards,3212,298,3276,704,1,0,,1,,,544
154162,PWAP_E-31,30,Sq. Yards,3212,298,3276,691,1,0,,1,,,544
154398,GO16_E-355,30,Sq. Yards,3199,285,3221,698,1,0,,1,,,544
154615,RW18.2-2898,30,Sq. Yards,3208,294,3264,690,1,0,,1,,,544
155198,RW27.28.26PII_E-818,30,Sq. Yards,3205,291,3252,684,1,0,,1,,,544
155851,KN32_224,30,Sq. Yards,3197,283,3215,694,1,0,,1,,,544
156420,RW27.28.26PII_E-1438,30,Sq. Yards,3205,291,3252,681,1,0,,1,,,544
156433,RW27.28.26PII_E-1639,30,Sq. Yards,3205,291,3252,687,1,0,,1,,,544
156519,CD9_E-20,30,Sq. Yards,3213,299,3279,685,1,0,,1,,,544
157320,RW27.28.26PII_E-886,30,Sq. Yards,3205,291,3252,700,1,0,,1,,,544
157356,PW21_510,30,Sq. Yards,3212,298,3276,709,1,0,,1,,,544
157824,PW21_1130,30,Sq. Yards,3212,298,3276,682,1,0,,1,,,544
158123,KN32_154,30,Sq. Yards,3197,283,3215,975,1,0,,1,,,544
158206,SSPIII20_E-319,30,Sq. Yards,3202,288,3238,681,1,0,,1,,,544
158877,RW36A_E-312,30,Sq. Yards,3205,291,3252,682,1,0,,1,,,544
158992,CD9_E-227,30,Sq. Yards,3213,299,3279,687,1,0,,1,,,544
159710,RW27.28.26PII_E-271,30,Sq. Yards,3205,291,3252,690,1,0,,1,,,544
160563,JG23_2049,30,Sq. Yards,3194,280,3200,685,1,0,,1,,,544
160863,RW27.28.26PII_E-1202,30,Sq. Yards,3205,291,3252,682,1,0,,1,,,544
160982,JG22.2_E-662,30,Sq. Yards,3194,280,3200,694,1,0,,1,,,544
161014,RW36A_E-6,30,Sq. Yards,3205,291,3252,683,1,0,,1,,,544
161549,GO16_E-6,30,Sq. Yards,3199,285,3221,703,1,0,,1,,,544
147688,RW18.2-2369,30,Sq. Yards,3208,294,3264,681,1,0,,1,,,544
149790,JG23_2082,30,Sq. Yards,3194,280,3200,681,1,0,,1,,,544
150124,JR6_E-476,30,Sq. Yards,3206,292,3257,696,1,0,,1,,,544
150862,RW18.1_E-118,30,Sq. Yards,3208,294,3264,692,1,0,,1,,,544
150877,RW27.28.26PII_E-1563,30,Sq. Yards,3205,291,3252,690,1,0,,1,,,544
151294,SSPIII20_E-190,30,Sq. Yards,3202,288,3238,689,1,0,,1,,,544
151479,JG22.2_E-121,30,Sq. Yards,3194,280,3200,682,1,0,,1,,,544
151896,JR6_E-339,30,Sq. Yards,3206,292,3257,688,1,0,,1,,,544
152113,PW21_916,30,Sq. Yards,3212,298,3276,682,1,0,,1,,,544
153670,RW27.28.26PII_E-504,30,Sq. Yards,3205,291,3252,700,1,0,,1,,,544
155055,RW36A_E-38,30,Sq. Yards,3205,291,3252,685,1,0,,1,,,544
155072,KN32_181,30,Sq. Yards,3197,283,3215,686,1,0,,1,,,544
157448,SSPIII20_E-410,30,Sq. Yards,3202,288,3238,686,1,0,,1,,,544
157812,JG23_745,30,Sq. Yards,3194,280,3200,684,1,0,,1,,,544
157982,RK5_E-188,30,Sq. Yards,3205,291,3252,683,1,0,,1,,,544
158918,JR9PII_E-204,30,Sq. Yards,3206,292,3257,684,1,0,,1,,,544
159152,RW27.28.26PII_E-187,30,Sq. Yards,3205,291,3252,690,1,0,,1,,,544
159218,RW18.2-3547,30,Sq. Yards,3208,294,3264,686,1,0,,1,,,544
159486,SSPIII20_E-621,30,Sq. Yards,3202,288,3238,683,1,0,,1,,,544
159703,JG22.2_E-25,30,Sq. Yards,3194,280,3200,696,1,0,,1,,,544
159835,RW27.28.26PII_E-1218,30,Sq. Yards,3205,291,3252,681,1,0,,1,,,544
150380,RK21.2_E-509,30,Sq. Yards,3205,291,3252,690,1,0,,1,,,544
150884,GO13.14_182,30,Sq. Yards,3199,285,3221,688,1,0,,1,,,544
151009,PJ28.1_E-111,30,Sq. Yards,3192,278,3193,944,1,0,,1,,,544
151391,MG9.10.3_E-16,30,Sq. Yards,3207,293,3259,683,1,0,,1,,,544
153213,GO13.14_21,30,Sq. Yards,3199,285,3221,692,1,0,,1,,,544
153874,JR9PII_E-216,30,Sq. Yards,3206,292,3257,691,1,0,,1,,,544
154442,SSPIII20_E-378,30,Sq. Yards,3202,288,3238,684,1,0,,1,,,544
155396,RW27.28.26PII_E-198,30,Sq. Yards,3205,291,3252,694,1,0,,1,,,544
156982,RW19.1_E-44,30,Sq. Yards,3208,294,3264,707,1,0,,1,,,544
157275,JG22.2_E-513,30,Sq. Yards,3194,280,3200,691,1,0,,1,,,544
157632,RK5_E-85,30,Sq. Yards,3205,291,3252,694,1,0,,1,,,544
157750,JG23_295,30,Sq. Yards,3194,280,3200,690,1,0,,1,,,544
158936,RW18.1_E-42,30,Sq. Yards,3208,294,3264,696,1,0,,1,,,544
158972,RK5_E-254,30,Sq. Yards,3205,291,3252,685,1,0,,1,,,544
160844,PW21_671,30,Sq. Yards,3212,298,3276,698,1,0,,1,,,544
161033,CD1B_E-1,30,Sq. Yards,3213,299,3279,690,1,0,,1,,,544
161401,RW18.2-3001,30,Sq. Yards,3208,294,3264,684,1,0,,1,,,544
161712,GO13.14_121,30,Sq. Yards,3199,285,3221,682,1,0,,1,,,544
162062,PJ28.1_E-52,30,Sq. Yards,3192,278,3193,692,1,0,,1,,,544
162705,JG23_1612,30,Sq. Yards,3194,280,3200,682,1,0,,1,,,544
148054,RW18.2-2889,30,Sq. Yards,3208,294,3264,704,1,0,,1,,,544
148573,JR9PII_E-233,30,Sq. Yards,3206,292,3257,681,1,0,,1,,,544
151013,JG23_1285,30,Sq. Yards,3194,280,3200,701,1,0,,1,,,544
151062,GO13.14_33,30,Sq. Yards,3199,285,3221,702,1,0,,1,,,544
151164,JG23_564,30,Sq. Yards,3194,280,3200,685,1,0,,1,,,544
151362,JG23_1484,30,Sq. Yards,3194,280,3200,681,1,0,,1,,,544
151396,RW27.28.26PII_E-1442,30,Sq. Yards,3205,291,3252,693,1,0,,1,,,544
151581,RW27.28.26PII_E-79,30,Sq. Yards,3205,291,3252,684,1,0,,1,,,544
151981,CD1B_E-30,30,Sq. Yards,3213,299,3279,689,1,0,,1,,,544
152081,MG9.10.3_E-77,30,Sq. Yards,3207,293,3259,690,1,0,,1,,,544
153802,JG22.1_E-87,30,Sq. Yards,3194,280,3200,690,1,0,,1,,,544
155391,RW18.2-3532,30,Sq. Yards,3208,294,3264,685,1,0,,1,,,544
156912,PWAP_E-412,30,Sq. Yards,3212,298,3276,707,1,0,,1,,,544
157095,RW19.1_E-54,30,Sq. Yards,3208,294,3264,686,1,0,,1,,,544
159637,SD8_E-198,30,Sq. Yards,3200,286,3230,694,1,0,,1,,,544
160203,JR9PII_E-275,30,Sq. Yards,3206,292,3257,690,1,0,,1,,,544
160837,RW18.2-2538,30,Sq. Yards,3208,294,3264,698,1,0,,1,,,544
160954,RW27.28.26PII_E-587,30,Sq. Yards,3205,291,3252,702,1,0,,1,,,544
162341,RW19.1_E-137,30,Sq. Yards,3208,294,3264,682,1,0,,1,,,544
156319,JG23_1630,30,Sq. Yards,3194,280,3200,681,1,0,,1,,,544
157187,RK21.2_E-363,30,Sq. Yards,3205,291,3252,682,1,0,,1,,,544
157269,RW27.28.26PII_E-1364,30,Sq. Yards,3205,291,3252,694,1,0,,1,,,544
157270,RW27.28.26PII_E-234,30,Sq. Yards,3205,291,3252,688,1,0,,1,,,544
158106,RW36A_E-242,30,Sq. Yards,3205,291,3252,681,1,0,,1,,,544
158174,RW18.2-3232,30,Sq. Yards,3208,294,3264,683,1,0,,1,,,544
158342,JG22.2_E-651,30,Sq. Yards,3194,280,3200,686,1,0,,1,,,544
158656,PWAP_E-312,30,Sq. Yards,3212,298,3276,710,1,0,,1,,,544
159092,JR6_E-439,30,Sq. Yards,3206,292,3257,693,1,0,,1,,,544
159109,RW18.2-3649,30,Sq. Yards,3208,294,3264,711,1,0,,1,,,544
162017,PWAP_E-419,30,Sq. Yards,3212,298,3276,684,1,0,,1,,,544
162067,PW21_897,30,Sq. Yards,3212,298,3276,942,1,0,,1,,,544
162386,MG9.10.3_E-347,30,Sq. Yards,3207,293,3259,683,1,0,,1,,,544
162636,JG22.2_E-623,30,Sq. Yards,3194,280,3200,697,1,0,,1,,,544
148273,JG23_1358,30,Sq. Yards,3194,280,3200,682,1,0,,1,,,544
148303,RW18.2-3412,30,Sq. Yards,3208,294,3264,681,1,0,,1,,,544
148722,JR6_E-165,30,Sq. Yards,3206,292,3257,697,1,0,,1,,,544
149290,JG22.1_E-52,30,Sq. Yards,3194,280,3200,695,1,0,,1,,,544
152064,JG23_1695,30,Sq. Yards,3194,280,3200,683,1,0,,1,,,544
152364,GO16_E-151,30,Sq. Yards,3199,285,3221,688,1,0,,1,,,544
153368,RK5_E-237,30,Sq. Yards,3205,291,3252,700,1,0,,1,,,544
153534,PJ28.3_E-94,30,Sq. Yards,3192,278,3193,682,1,0,,1,,,544
153619,RW27.28.26PII_E-1590,30,Sq. Yards,3205,291,3252,682,1,0,,1,,,544
154470,PWAP_E-436,30,Sq. Yards,3212,298,3276,898,1,0,,1,,,544
155608,PW21_748,30,Sq. Yards,3212,298,3276,686,1,0,,1,,,544
156061,PJ28.3_E-92,30,Sq. Yards,3192,278,3193,944,1,0,,1,,,544
157378,JR9PII_E-21,30,Sq. Yards,3206,292,3257,687,1,0,,1,,,544
157680,GO16_E-74,30,Sq. Yards,3199,285,3221,685,1,0,,1,,,544
159150,SSPIII20_E-41,30,Sq. Yards,3202,288,3238,701,1,0,,1,,,544
159603,JG23_2205,30,Sq. Yards,3194,280,3200,684,1,0,,1,,,544
160020,SSPIII20_E-543,30,Sq. Yards,3202,288,3238,698,1,0,,1,,,544
160252,JG23_1453,30,Sq. Yards,3194,280,3200,692,1,0,,1,,,544
160369,PWAP_E-16,30,Sq. Yards,3212,298,3276,684,1,0,,1,,,544
162175,RW27.28.26PII_E-1151,30,Sq. Yards,3205,291,3252,687,1,0,,1,,,544
148435,RW27.28.26PII_E-622,30,Sq. Yards,3205,291,3252,702,1,0,,1,,,544
148935,MG9.10.3_E-115,30,Sq. Yards,3207,293,3259,685,1,0,,1,,,544
149771,SSPIII20_E-140,30,Sq. Yards,3202,288,3238,697,1,0,,1,,,544
150189,CD1B_E-166,30,Sq. Yards,3213,299,3279,694,1,0,,1,,,544
151368,RW27.28.26PII_E-1599,30,Sq. Yards,3205,291,3252,695,1,0,,1,,,544
153179,PW21_624,30,Sq. Yards,3212,298,3276,703,1,0,,1,,,544
153597,CD9_E-282,30,Sq. Yards,3213,299,3279,685,1,0,,1,,,544
153640,GO13.14_165,30,Sq. Yards,3199,285,3221,691,1,0,,1,,,544
153715,JR6_E-278,30,Sq. Yards,3206,292,3257,695,1,0,,1,,,544
154140,RW18.2-3527,30,Sq. Yards,3208,294,3264,689,1,0,,1,,,544
154833,JG23_939,30,Sq. Yards,3194,280,3200,686,1,0,,1,,,544
154933,RW27.28.26PII_E-1704,30,Sq. Yards,3205,291,3252,686,1,0,,1,,,544
156780,JG22.2_E-135,30,Sq. Yards,3194,280,3200,691,1,0,,1,,,544
157098,GO16_E-31,30,Sq. Yards,3199,285,3221,685,1,0,,1,,,544
158838,JG22.2_E-679,30,Sq. Yards,3194,280,3200,692,1,0,,1,,,544
160149,RK21.2_E-335,30,Sq. Yards,3205,291,3252,700,1,0,,1,,,544
160385,JG22.2_E-459,30,Sq. Yards,3194,280,3200,695,1,0,,1,,,544
160574,RK21.2_E-272,30,Sq. Yards,3205,291,3252,690,1,0,,1,,,544
160774,JG22.2_E-70,30,Sq. Yards,3194,280,3200,682,1,0,,1,,,544
161253,RW18.1_E-85,30,Sq. Yards,3208,294,3264,700,1,0,,1,,,544
161303,JG23_1930,30,Sq. Yards,3194,280,3200,697,1,0,,1,,,544
161553,PW21_505,30,Sq. Yards,3212,298,3276,706,1,0,,1,,,544
162146,RW27.28.26PII_E-866,30,Sq. Yards,3205,291,3252,683,1,0,,1,,,544
162482,PW21_560,30,Sq. Yards,3212,298,3276,707,1,0,,1,,,544
147668,RK21.2_E-245,30,Sq. Yards,3205,291,3252,682,1,0,,1,,,544
148272,KN9.32_E-88,30,Sq. Yards,3197,283,3215,700,1,0,,1,,,544
148604,PW21_745,30,Sq. Yards,3212,298,3276,682,1,0,,1,,,544
149623,CD9_E-338,30,Sq. Yards,3213,299,3279,695,1,0,,1,,,544
150461,JAJ_E-51,30,Sq. Yards,3200,286,3229,682,1,0,,1,,,544
151127,RW18.2-3643,30,Sq. Yards,3208,294,3264,711,1,0,,1,,,544
154388,JG23_499,30,Sq. Yards,3194,280,3200,686,1,0,,1,,,544
156458,JG23_1148,30,Sq. Yards,3194,280,3200,696,1,0,,1,,,544
156960,JG22.1_E-102,30,Sq. Yards,3194,280,3200,1053,1,0,,1,,,544
157096,PW21_1028,30,Sq. Yards,3212,298,3276,709,1,0,,1,,,544
158664,RW19.1_E-13,30,Sq. Yards,3208,294,3264,683,1,0,,1,,,544
158668,SD8_E-175,30,Sq. Yards,3200,286,3230,684,1,0,,1,,,544
158781,KN32_139,30,Sq. Yards,3197,283,3215,687,1,0,,1,,,544
159317,RW27.28.26PII_E-901,30,Sq. Yards,3205,291,3252,698,1,0,,1,,,544
159517,RW36A_E-318,30,Sq. Yards,3205,291,3252,685,1,0,,1,,,544
160353,SSPIII20_E-580,30,Sq. Yards,3202,288,3238,694,1,0,,1,,,544
161038,RW27.28.26PII_E-659,30,Sq. Yards,3205,291,3252,696,1,0,,1,,,544
161291,RW18.1_E-162,30,Sq. Yards,3208,294,3264,682,1,0,,1,,,544
161391,SSPIII20_E-83,30,Sq. Yards,3202,288,3238,699,1,0,,1,,,544
162395,RW27.28.26PII_E-1717,30,Sq. Yards,3205,291,3252,700,1,0,,1,,,544
147999,FD9_E-185,30,Sq. Yards,3201,287,3233,697,1,0,,1,,,544
148349,RK21.2_E-253,30,Sq. Yards,3205,291,3252,696,1,0,,1,,,544
149221,RW18.2-3415,30,Sq. Yards,3208,294,3264,707,1,0,,1,,,544
149371,JG23_1622,30,Sq. Yards,3194,280,3200,699,1,0,,1,,,544
149453,RK21.2_E-357,30,Sq. Yards,3205,291,3252,684,1,0,,1,,,544
150764,JG22.2_E-770,30,Sq. Yards,3194,280,3200,689,1,0,,1,,,544
151693,PWAP_E-245,30,Sq. Yards,3212,298,3276,684,1,0,,1,,,544
151936,RW19.1_E-6,30,Sq. Yards,3208,294,3264,686,1,0,,1,,,544
152922,RK21.2_E-504,30,Sq. Yards,3205,291,3252,690,1,0,,1,,,544
153465,JG22.2_E-749,30,Sq. Yards,3194,280,3200,698,1,0,,1,,,544
154962,JG22.2_E-195,30,Sq. Yards,3194,280,3200,690,1,0,,1,,,544
156237,RW27.28.26PII_E-618,30,Sq. Yards,3205,291,3252,689,1,0,,1,,,544
156505,MG9.10.2_E-59,30,Sq. Yards,3207,293,3259,689,1,0,,1,,,544
156516,PWAP_E-488,30,Sq. Yards,3212,298,3276,696,1,0,,1,,,544
157752,JG22.2_E-547,30,Sq. Yards,3194,280,3200,701,1,0,,1,,,544
157870,JG23_1372,30,Sq. Yards,3194,280,3200,692,1,0,,1,,,544
158377,RW18.2-2875,30,Sq. Yards,3208,294,3264,697,1,0,,1,,,544
158452,RW18.2-2807,30,Sq. Yards,3208,294,3264,692,1,0,,1,,,544
158670,JG23_1619,30,Sq. Yards,3194,280,3200,694,1,0,,1,,,544
159388,RW27.28.26PII_E-62,30,Sq. Yards,3205,291,3252,683,1,0,,1,,,544
159899,RK5_E-137,30,Sq. Yards,3205,291,3252,690,1,0,,1,,,544
160510,RW18.2-2238,30,Sq. Yards,3208,294,3264,696,1,0,,1,,,544
160685,CD1B_E-121,30,Sq. Yards,3213,299,3279,694,1,0,,1,,,544
160692,JG23_1500,30,Sq. Yards,3194,280,3200,697,1,0,,1,,,544
161142,SD8_E-209,30,Sq. Yards,3200,286,3230,695,1,0,,1,,,544
161735,PW21_775,30,Sq. Yards,3212,298,3276,707,1,0,,1,,,544
161821,PW21_1119,30,Sq. Yards,3212,298,3276,708,1,0,,1,,,544
147658,JR9PII_E-159,30,Sq. Yards,3206,292,3257,681,1,0,,1,,,544
148494,RW27.28.26PII_E-459,30,Sq. Yards,3205,291,3252,698,1,0,,1,,,544
148751,JG23_482,30,Sq. Yards,3194,280,3200,683,1,0,,1,,,544
149605,JG23_1158,30,Sq. Yards,3194,280,3200,701,1,0,,1,,,544
149619,RK21.2_E-126,30,Sq. Yards,3205,291,3252,690,1,0,,1,,,544
150230,RW18.2-2924,30,Sq. Yards,3208,294,3264,694,1,0,,1,,,544
150580,JG23_1897,30,Sq. Yards,3194,280,3200,682,1,0,,1,,,544
151073,RW18.2-3298,30,Sq. Yards,3208,294,3264,688,1,0,,1,,,544
152413,SSPIII20_E-480,30,Sq. Yards,3202,288,3238,684,1,0,,1,,,544
152731,SD8_E-76,30,Sq. Yards,3200,286,3230,681,1,0,,1,,,544
152788,RW18.2-3458,30,Sq. Yards,3208,294,3264,697,1,0,,1,,,544
153906,GO13.14_32,30,Sq. Yards,3199,285,3221,687,1,0,,1,,,544
154560,JG23_1939,30,Sq. Yards,3194,280,3200,692,1,0,,1,,,544
155321,MG9.10.2_E-30,30,Sq. Yards,3207,293,3259,688,1,0,,1,,,544
156239,MG9.10.3_E-106,30,Sq. Yards,3207,293,3259,685,1,0,,1,,,544
157118,PW21_306,30,Sq. Yards,3212,298,3276,690,1,0,,1,,,544
157232,JG22.2_E-589,30,Sq. Yards,3194,280,3200,692,1,0,,1,,,544
157450,JG23_1034,30,Sq. Yards,3194,280,3200,681,1,0,,1,,,544
157861,JG23_1841,30,Sq. Yards,3194,280,3200,686,1,0,,1,,,544
157868,JG23_2135,30,Sq. Yards,3194,280,3200,699,1,0,,1,,,544
158411,RW18.2-3195,30,Sq. Yards,3208,294,3264,708,1,0,,1,,,544
158929,GO13.14_139,30,Sq. Yards,3199,285,3221,682,1,0,,1,,,544
160465,JG22.1_E-100,30,Sq. Yards,3194,280,3200,698,1,0,,1,,,544
161594,JG24.1_E-1,30,Sq. Yards,3194,280,3200,690,1,0,,1,,,544
161662,RW27.28.26PII_E-85,30,Sq. Yards,3205,291,3252,688,1,0,,1,,,544
162098,RW27.28.26PII_E-1691,30,Sq. Yards,3205,291,3252,685,1,0,,1,,,544
162373,JG23_619,30,Sq. Yards,3194,280,3200,681,1,0,,1,,,544
162462,JG22.1_E-29,30,Sq. Yards,3194,280,3200,684,1,0,,1,,,544
148088,RK21.2_E-312,30,Sq. Yards,3205,291,3252,690,1,0,,1,,,544
149105,GO13.14_213,30,Sq. Yards,3199,285,3221,689,1,0,,1,,,544
150243,KN9.32_E-125,30,Sq. Yards,3197,283,3215,696,1,0,,1,,,544
150660,RW18.2-2372,30,Sq. Yards,3208,294,3264,689,1,0,,1,,,544
150796,RW18.2-2373,30,Sq. Yards,3208,294,3264,685,1,0,,1,,,544
151247,GO16_E-203,30,Sq. Yards,3199,285,3221,683,1,0,,1,,,544
152215,JG22.2_E-766,30,Sq. Yards,3194,280,3200,693,1,0,,1,,,544
152283,PW21_303,30,Sq. Yards,3212,298,3276,709,1,0,,1,,,544
152600,RW18.2-2116,30,Sq. Yards,3208,294,3264,697,1,0,,1,,,544
152885,CD1B_E-196,30,Sq. Yards,3213,299,3279,688,1,0,,1,,,544
153734,MG9.10.3_E-277,30,Sq. Yards,3207,293,3259,689,1,0,,1,,,544
155155,RW27.28.26PII_E-1059,30,Sq. Yards,3205,291,3252,686,1,0,,1,,,544
155291,SD8_E-125,30,Sq. Yards,3200,286,3230,694,1,0,,1,,,544
156176,RW18.2-2870,30,Sq. Yards,3208,294,3264,688,1,0,,1,,,544
156208,RK21.2_E-393,30,Sq. Yards,3205,291,3252,684,1,0,,1,,,544
156961,RW18.2-2060,30,Sq. Yards,3208,294,3264,695,1,0,,1,,,544
159720,RW18.2-2090,30,Sq. Yards,3208,294,3264,698,1,0,,1,,,544
159888,SSPIII20_E-168,30,Sq. Yards,3202,288,3238,705,1,0,,1,,,544
160054,GO16_E-48,30,Sq. Yards,3199,285,3221,701,1,0,,1,,,544
160269,JG23_433,30,Sq. Yards,3194,280,3200,685,1,0,,1,,,544
160503,JR6_E-404,30,Sq. Yards,3206,292,3257,689,1,0,,1,,,544
160854,JR6_E-468,30,Sq. Yards,3206,292,3257,690,1,0,,1,,,544
161273,JG23_487,30,Sq. Yards,3194,280,3200,684,1,0,,1,,,544
161339,JG23_1486,30,Sq. Yards,3194,280,3200,690,1,0,,1,,,544
161541,KN32_76,30,Sq. Yards,3197,283,3215,686,1,0,,1,,,544
161709,JR9PII_E-100,30,Sq. Yards,3206,292,3257,694,1,0,,1,,,544
151969,SD8_E-225,30,Sq. Yards,3200,286,3230,689,1,0,,1,,,544
152612,RW27.28.26PII_E-810,30,Sq. Yards,3205,291,3252,694,1,0,,1,,,544
152814,RK5_E-322,30,Sq. Yards,3205,291,3252,686,1,0,,1,,,544
153546,JG22.1_E-123,30,Sq. Yards,3194,280,3200,691,1,0,,1,,,544
154884,PWAP_E-7,30,Sq. Yards,3212,298,3276,707,1,0,,1,,,544
155411,RK21.2_E-460,30,Sq. Yards,3205,291,3252,690,1,0,,1,,,544
155856,RW18.2-2641,30,Sq. Yards,3208,294,3264,697,1,0,,1,,,544
156079,PW21_728,30,Sq. Yards,3212,298,3276,703,1,0,,1,,,544
157249,RW36A_E-169,30,Sq. Yards,3205,291,3252,684,1,0,,1,,,544
157685,RW27.28.26PII_E-90,30,Sq. Yards,3205,291,3252,692,1,0,,1,,,544
157985,CD9_E-15,30,Sq. Yards,3213,299,3279,700,1,0,,1,,,544
158585,JG24.1_E-29,30,Sq. Yards,3194,280,3200,690,1,0,,1,,,544
158796,JG23_880,30,Sq. Yards,3194,280,3200,689,1,0,,1,,,544
160198,JG23_1303,30,Sq. Yards,3194,280,3200,686,1,0,,1,,,544
161195,PW21_167,30,Sq. Yards,3212,298,3276,702,1,0,,1,,,544
161395,RW18.2-3746,30,Sq. Yards,3208,294,3264,709,1,0,,1,,,544
162204,RW27.28.26PII_E-993,30,Sq. Yards,3205,291,3252,690,1,0,,1,,,544
147677,JG22.2_E-46,30,Sq. Yards,3194,280,3200,697,1,0,,1,,,544
147710,SSPIII20_E-164,30,Sq. Yards,3202,288,3238,686,1,0,,1,,,544
148681,JG23_1631,30,Sq. Yards,3194,280,3200,697,1,0,,1,,,544
148881,CD9_E-368,30,Sq. Yards,3213,299,3279,693,1,0,,1,,,544
149100,CD9_E-92,30,Sq. Yards,3213,299,3279,690,1,0,,1,,,544
149267,JG23_1357,30,Sq. Yards,3194,280,3200,693,1,0,,1,,,544
149882,FD9_E-142,30,Sq. Yards,3201,287,3233,805,1,0,,1,,,544
150554,RW27.28.26PII_E-856,30,Sq. Yards,3205,291,3252,686,1,0,,1,,,544
150921,RW18.2-3008,30,Sq. Yards,3208,294,3264,696,1,0,,1,,,544
151571,JG23_1520,30,Sq. Yards,3194,280,3200,683,1,0,,1,,,544
151839,RW27.28.26PII_E-645,30,Sq. Yards,3205,291,3252,686,1,0,,1,,,544
152626,SD8_E-204,30,Sq. Yards,3200,286,3230,686,1,0,,1,,,544
152743,JG23_358,30,Sq. Yards,3194,280,3200,683,1,0,,1,,,544
152793,JAJ_E-69,30,Sq. Yards,3200,286,3229,685,1,0,,1,,,544
153662,PW21_941,30,Sq. Yards,3212,298,3276,711,1,0,,1,,,544
154412,GO13.14_47,30,Sq. Yards,3199,285,3221,690,1,0,,1,,,544
155566,FD9_E-111,30,Sq. Yards,3201,287,3233,688,1,0,,1,,,544
155765,PW21_509,30,Sq. Yards,3212,298,3276,706,1,0,,1,,,544
156301,PWAP_E-393,30,Sq. Yards,3212,298,3276,697,1,0,,1,,,544
156737,RW27.28.26PII_E-1094,30,Sq. Yards,3205,291,3252,684,1,0,,1,,,544
156955,RW36A_E-153,30,Sq. Yards,3205,291,3252,682,1,0,,1,,,544
158055,KN32_176,30,Sq. Yards,3197,283,3215,696,1,0,,1,,,544
159010,RW27.28.26PII_E-125,30,Sq. Yards,3205,291,3252,700,1,0,,1,,,544
161281,RW27.28.26PII_E-283,30,Sq. Yards,3205,291,3252,700,1,0,,1,,,544
161782,SSPIII20_E-721,30,Sq. Yards,3202,288,3238,711,1,0,,1,,,544
147801,RK5_E-29,30,Sq. Yards,3205,291,3252,691,1,0,,1,,,544
149192,CD9_E-145,30,Sq. Yards,3213,299,3279,691,1,0,,1,,,544
149809,RW18.2-3329,30,Sq. Yards,3208,294,3264,683,1,0,,1,,,544
149824,CD9_E-60,30,Sq. Yards,3213,299,3279,693,1,0,,1,,,544
150058,RW18.2-3572,30,Sq. Yards,3208,294,3264,707,1,0,,1,,,544
150745,KN9.32_E-121,30,Sq. Yards,3197,283,3215,687,1,0,,1,,,544
151413,PW21_814,30,Sq. Yards,3212,298,3276,688,1,0,,1,,,544
152517,JG23_465,30,Sq. Yards,3194,280,3200,707,1,0,,1,,,544
152717,RW18.1_E-88,30,Sq. Yards,3208,294,3264,704,1,0,,1,,,544
152917,JAJ_E-81,30,Sq. Yards,3200,286,3229,686,1,0,,1,,,544
153519,PW21_997,30,Sq. Yards,3212,298,3276,704,1,0,,1,,,544
153585,RW27.28.26PII_E-1617,30,Sq. Yards,3205,291,3252,696,1,0,,1,,,544
156210,CD1B_E-70,30,Sq. Yards,3213,299,3279,695,1,0,,1,,,544
156876,JG22.2_E-253,30,Sq. Yards,3194,280,3200,684,1,0,,1,,,544
156946,RK21.2_E-124,30,Sq. Yards,3205,291,3252,685,1,0,,1,,,544
157295,KN32_131,30,Sq. Yards,3197,283,3215,681,1,0,,1,,,544
159035,RW18.2-2603,30,Sq. Yards,3208,294,3264,707,1,0,,1,,,544
159718,KN9.32_E-18,30,Sq. Yards,3197,283,3215,694,1,0,,1,,,544
160137,MG9.10.2_E-5,30,Sq. Yards,3207,293,3259,687,1,0,,1,,,544
160469,PJ28.1_E-55,30,Sq. Yards,3192,278,3193,687,1,0,,1,,,544
160671,RK21.2_E-355,30,Sq. Yards,3205,291,3252,684,1,0,,1,,,544
161756,RW27.28.26PII_E-318,30,Sq. Yards,3205,291,3252,696,1,0,,1,,,544
162077,MG9.10.2_E-44,30,Sq. Yards,3207,293,3259,692,1,0,,1,,,544
162528,PW21_859,30,Sq. Yards,3212,298,3276,681,1,0,,1,,,544
162645,RW36A_E-29,30,Sq. Yards,3205,291,3252,699,1,0,,1,,,544
148810,JG23_1240,30,Sq. Yards,3194,280,3200,701,1,0,,1,,,544
149096,RW27.28.26PII_E-889,30,Sq. Yards,3205,291,3252,681,1,0,,1,,,544
149103,JR9PII_E-270,30,Sq. Yards,3206,292,3257,684,1,0,,1,,,544
149553,RW18.2-2088,30,Sq. Yards,3208,294,3264,698,1,0,,1,,,544
149989,PJ28.2_E-2,30,Sq. Yards,3192,278,3193,684,1,0,,1,,,544
150232,JG23_854,30,Sq. Yards,3194,280,3200,697,1,0,,1,,,544
150432,PJ28.1_E-169,30,Sq. Yards,3192,278,3193,700,1,0,,1,,,544
150707,JG23_1682,30,Sq. Yards,3194,280,3200,685,1,0,,1,,,544
151418,JG23_830,30,Sq. Yards,3194,280,3200,683,1,0,,1,,,544
151861,RW18.2-3784,30,Sq. Yards,3208,294,3264,686,1,0,,1,,,544
152586,RW36A_E-71,30,Sq. Yards,3205,291,3252,684,1,0,,1,,,544
152736,PW21_8,30,Sq. Yards,3212,298,3276,699,1,0,,1,,,544
153840,RW18.1_E-89,30,Sq. Yards,3208,294,3264,693,1,0,,1,,,544
154208,GO13.14_193,30,Sq. Yards,3199,285,3221,699,1,0,,1,,,544
154215,RW27.28.26PII_E-477,30,Sq. Yards,3205,291,3252,690,1,0,,1,,,544
155237,RK21.2_E-607,30,Sq. Yards,3205,291,3252,688,1,0,,1,,,544
155744,MG9.10.3_E-49,30,Sq. Yards,3207,293,3259,685,1,0,,1,,,544
155869,RW27.28.26PII_E-1514,30,Sq. Yards,3205,291,3252,683,1,0,,1,,,544
156841,JG23_642,30,Sq. Yards,3194,280,3200,681,1,0,,1,,,544
157059,SSPIII20_E-363,30,Sq. Yards,3202,288,3238,709,1,0,,1,,,544
157384,PW21_1024,30,Sq. Yards,3212,298,3276,696,1,0,,1,,,544
158227,PW21_673,30,Sq. Yards,3212,298,3276,689,1,0,,1,,,544
158545,RW18.2-2796,30,Sq. Yards,3208,294,3264,704,1,0,,1,,,544
159767,RW18.2-2935,30,Sq. Yards,3208,294,3264,710,1,0,,1,,,544
159831,JG23_387,30,Sq. Yards,3194,280,3200,702,1,0,,1,,,544
160467,CD9_E-379,30,Sq. Yards,3213,299,3279,697,1,0,,1,,,544
161192,RW27.28.26PII_E-860,30,Sq. Yards,3205,291,3252,685,1,0,,1,,,544
161710,JR6_E-454,30,Sq. Yards,3206,292,3257,694,1,0,,1,,,544
161828,RW27.28.26PII_E-639,30,Sq. Yards,3205,291,3252,695,1,0,,1,,,544
148072,JG23_2239,30,Sq. Yards,3194,280,3200,701,1,0,,1,,,544
148353,JG23_648,30,Sq. Yards,3194,280,3200,700,1,0,,1,,,544
149055,JG23_1493,30,Sq. Yards,3194,280,3200,689,1,0,,1,,,544
149440,SSPIII20_E-174,30,Sq. Yards,3202,288,3238,704,1,0,,1,,,544
150576,RW19.1_E-131,30,Sq. Yards,3208,294,3264,694,1,0,,1,,,544
150827,JG22.1_E-108,30,Sq. Yards,3194,280,3200,681,1,0,,1,,,544
151648,RW27.28.26PII_E-1471,30,Sq. Yards,3205,291,3252,682,1,0,,1,,,544
154656,RW18.2-2593,30,Sq. Yards,3208,294,3264,683,1,0,,1,,,544
154939,RW18.2-3363,30,Sq. Yards,3208,294,3264,693,1,0,,1,,,544
155322,RK5_E-28,30,Sq. Yards,3205,291,3252,686,1,0,,1,,,544
155609,RK21.2_E-342,30,Sq. Yards,3205,291,3252,688,1,0,,1,,,544
155858,JG22.2_E-525,30,Sq. Yards,3194,280,3200,681,1,0,,1,,,544
155960,JG22.2_E-692,30,Sq. Yards,3194,280,3200,683,1,0,,1,,,544
156545,RW18.2-3549,30,Sq. Yards,3208,294,3264,692,1,0,,1,,,544
156894,FD9_E-143,30,Sq. Yards,3201,287,3233,702,1,0,,1,,,544
156943,RW18.2-3391,30,Sq. Yards,3208,294,3264,686,1,0,,1,,,544
157160,RW27.28.26PII_E-1389,30,Sq. Yards,3205,291,3252,701,1,0,,1,,,544
157930,PWAP_E-389,30,Sq. Yards,3212,298,3276,693,1,0,,1,,,544
158149,RW18.2-2003,30,Sq. Yards,3208,294,3264,681,1,0,,1,,,544
158649,RW18.2-2053,30,Sq. Yards,3208,294,3264,704,1,0,,1,,,544
159236,GO16_E-51,30,Sq. Yards,3199,285,3221,701,1,0,,1,,,544
161123,RW18.2-2010,30,Sq. Yards,3208,294,3264,705,1,0,,1,,,544
161206,PW21_1109,30,Sq. Yards,3212,298,3276,686,1,0,,1,,,544
161859,SSPIII20_E-556,30,Sq. Yards,3202,288,3238,696,1,0,,1,,,544
162110,PWAP_E-335,30,Sq. Yards,3212,298,3276,687,1,0,,1,,,544
162342,SD8_E-93,30,Sq. Yards,3200,286,3230,690,1,0,,1,,,544
147474,PW21_328,30,Sq. Yards,3212,298,3276,696,1,0,,1,,,544
148960,SSPIII20_E-489,30,Sq. Yards,3202,288,3238,703,1,0,,1,,,544
149246,RW27.28.26PII_E-408,30,Sq. Yards,3205,291,3252,691,1,0,,1,,,544
152061,GO16_E-87,30,Sq. Yards,3199,285,3221,688,1,0,,1,,,544
152411,RW27.28.26PII_E-978,30,Sq. Yards,3205,291,3252,692,1,0,,1,,,544
153065,JR6_E-300,30,Sq. Yards,3206,292,3257,693,1,0,,1,,,544
160471,RW36A_E-193,30,Sq. Yards,3205,291,3252,688,1,0,,1,,,544
161307,JG23_1542,30,Sq. Yards,3194,280,3200,703,1,0,,1,,,544
161522,JG22.2_E-89,30,Sq. Yards,3194,280,3200,686,1,0,,1,,,544
161726,JG23_820,30,Sq. Yards,3194,280,3200,693,1,0,,1,,,544
148867,JG23_1203,30,Sq. Yards,3194,280,3200,692,1,0,,1,,,544
149128,RW27.28.26PII_E-1193,30,Sq. Yards,3205,291,3252,701,1,0,,1,,,544
149360,JG22.1_E-39,30,Sq. Yards,3194,280,3200,691,1,0,,1,,,544
150082,CD9_E-288,30,Sq. Yards,3213,299,3279,699,1,0,,1,,,544
150650,GO16_E-22,30,Sq. Yards,3199,285,3221,700,1,0,,1,,,544
150975,JG23_1302,30,Sq. Yards,3194,280,3200,699,1,0,,1,,,544
151218,JG23_1288,30,Sq. Yards,3194,280,3200,683,1,0,,1,,,544
151543,JG23_1401,30,Sq. Yards,3194,280,3200,683,1,0,,1,,,544
151625,PWAP_E-465,30,Sq. Yards,3212,298,3276,688,1,0,,1,,,544
151675,JG23_1603,30,Sq. Yards,3194,280,3200,683,1,0,,1,,,544
151750,RW27.28.26PII_E-1545,30,Sq. Yards,3205,291,3252,684,1,0,,1,,,544
152661,RW36A_E-81,30,Sq. Yards,3205,291,3252,702,1,0,,1,,,544
152797,PJ28.3_E-145,30,Sq. Yards,3192,278,3193,944,1,0,,1,,,544
153572,RW27.28.26PII_E-614,30,Sq. Yards,3205,291,3252,694,1,0,,1,,,544
153740,RW18.1_E-82,30,Sq. Yards,3208,294,3264,705,1,0,,1,,,544
155887,PWAP_E-116,30,Sq. Yards,3212,298,3276,696,1,0,,1,,,544
156723,RW18.2-3218,30,Sq. Yards,3208,294,3264,693,1,0,,1,,,544
156959,JG22.2_E-591,30,Sq. Yards,3194,280,3200,685,1,0,,1,,,544
158195,RW27.28.26PII_E-1309,30,Sq. Yards,3205,291,3252,686,1,0,,1,,,544
158438,PJ28.1_E-128,30,Sq. Yards,3192,278,3193,704,1,0,,1,,,544
158806,PJ28.1_E-199,30,Sq. Yards,3192,278,3193,940,1,0,,1,,,544
159581,CD9_E-137,30,Sq. Yards,3213,299,3279,694,1,0,,1,,,544
159674,RW27.28.26PII_E-1081,30,Sq. Yards,3205,291,3252,682,1,0,,1,,,544
160274,CD9_E-188,30,Sq. Yards,3213,299,3279,693,1,0,,1,,,544
161017,RW18.2-3252,30,Sq. Yards,3208,294,3264,683,1,0,,1,,,544
161739,PWAP_E-201,30,Sq. Yards,3212,298,3276,690,1,0,,1,,,544
162457,SSPIII20_E-660,30,Sq. Yards,3202,288,3238,688,1,0,,1,,,544
148372,RW27.28.26PII_E-605,30,Sq. Yards,3205,291,3252,686,1,0,,1,,,544
148806,JG22.2_E-509,30,Sq. Yards,3194,280,3200,692,1,0,,1,,,544
148908,PJ28.3_E-173,30,Sq. Yards,3192,278,3193,935,1,0,,1,,,544
149123,GO13.14_192,30,Sq. Yards,3199,285,3221,694,1,0,,1,,,544
149208,JG23_1624,30,Sq. Yards,3194,280,3200,688,1,0,,1,,,544
149476,JG23_2066,30,Sq. Yards,3194,280,3200,695,1,0,,1,,,544
149993,MG9.10.2_E-26,30,Sq. Yards,3207,293,3259,691,1,0,,1,,,544
150880,SSPIII20_E-434,30,Sq. Yards,3202,288,3238,866,1,0,,1,,,544
151097,CD9_E-256,30,Sq. Yards,3213,299,3279,683,1,0,,1,,,544
151163,MG9.10.3_E-7,30,Sq. Yards,3207,293,3259,683,1,0,,1,,,544
151965,PJ28.1_E-144,30,Sq. Yards,3192,278,3193,700,1,0,,1,,,544
152082,RW19.2_E-3,30,Sq. Yards,3208,294,3264,707,1,0,,1,,,544
152701,RW19.2_E-45,30,Sq. Yards,3208,294,3264,697,1,0,,1,,,544
153901,RW36A_E-268,30,Sq. Yards,3205,291,3252,690,1,0,,1,,,544
154220,PWAP_E-71,30,Sq. Yards,3212,298,3276,709,1,0,,1,,,544
157830,RW18.2-2874,30,Sq. Yards,3208,294,3264,684,1,0,,1,,,544
157832,JG24.1_E-5,30,Sq. Yards,3194,280,3200,683,1,0,,1,,,544
158634,JG22.1_E-1,30,Sq. Yards,3194,280,3200,700,1,0,,1,,,544
158768,SSPIII20_E-493,30,Sq. Yards,3202,288,3238,699,1,0,,1,,,544
159266,GO13.14_88,30,Sq. Yards,3199,285,3221,685,1,0,,1,,,544
159366,RW18.2-3590,30,Sq. Yards,3208,294,3264,681,1,0,,1,,,544
159834,PWAP_E-190,30,Sq. Yards,3212,298,3276,691,1,0,,1,,,544
160104,JG23_1938,30,Sq. Yards,3194,280,3200,702,1,0,,1,,,544
160172,JG23_886,30,Sq. Yards,3194,280,3200,696,1,0,,1,,,544
161606,RK21.2_E-561,30,Sq. Yards,3205,291,3252,693,1,0,,1,,,544
161659,JR6_E-287,30,Sq. Yards,3206,292,3257,684,1,0,,1,,,544
148081,RW18.2-2803,30,Sq. Yards,3208,294,3264,687,1,0,,1,,,544
148985,PW21_334,30,Sq. Yards,3212,298,3276,939,1,0,,1,,,544
149303,RK5_E-112,30,Sq. Yards,3205,291,3252,690,1,0,,1,,,544
149396,JG23_792,30,Sq. Yards,3194,280,3200,685,1,0,,1,,,544
149578,RW18.2-3122,30,Sq. Yards,3208,294,3264,689,1,0,,1,,,544
149621,SSPIII20_E-438,30,Sq. Yards,3202,288,3238,701,1,0,,1,,,544
150182,CD1B_E-138,30,Sq. Yards,3213,299,3279,697,1,0,,1,,,544
151212,RW36A_E-54,30,Sq. Yards,3205,291,3252,692,1,0,,1,,,544
151746,PW21_1161,30,Sq. Yards,3212,298,3276,696,1,0,,1,,,544
151763,RW18.2-2726,30,Sq. Yards,3208,294,3264,704,1,0,,1,,,544
152131,JG22.2_E-169,30,Sq. Yards,3194,280,3200,695,1,0,,1,,,544
153537,JG23_2131,30,Sq. Yards,3194,280,3200,702,1,0,,1,,,544
154154,JG23_2170,30,Sq. Yards,3194,280,3200,699,1,0,,1,,,544
154637,RW36A_E-302,30,Sq. Yards,3205,291,3252,700,1,0,,1,,,544
154856,PWAP_E-299,30,Sq. Yards,3212,298,3276,690,1,0,,1,,,544
154873,JR6_E-460,30,Sq. Yards,3206,292,3257,688,1,0,,1,,,544
155424,RW27.28.26PII_E-576,30,Sq. Yards,3205,291,3252,701,1,0,,1,,,544
155624,JG23_2255,30,Sq. Yards,3194,280,3200,685,1,0,,1,,,544
155994,RW18.2-3388,30,Sq. Yards,3208,294,3264,691,1,0,,1,,,544
156158,JG22.2_E-725,30,Sq. Yards,3194,280,3200,681,1,0,,1,,,544
156243,KN32_32,30,Sq. Yards,3197,283,3215,696,1,0,,1,,,544
157530,FD9_E-41,30,Sq. Yards,3201,287,3233,686,1,0,,1,,,544
157564,PJ28.1_E-66,30,Sq. Yards,3192,278,3193,929,1,0,,1,,,544
157615,JG23_348,30,Sq. Yards,3194,280,3200,697,1,0,,1,,,544
157645,RW27.28.26PII_E-518,30,Sq. Yards,3205,291,3252,701,1,0,,1,,,544
157879,PW21_813,30,Sq. Yards,3212,298,3276,684,1,0,,1,,,544
158866,JG22.1_E-73,30,Sq. Yards,3194,280,3200,698,1,0,,1,,,544
159902,GO13.14_83,30,Sq. Yards,3199,285,3221,698,1,0,,1,,,544
160053,JG22.2_E-643,30,Sq. Yards,3194,280,3200,698,1,0,,1,,,544
160370,RK21.2_E-389,30,Sq. Yards,3205,291,3252,682,1,0,,1,,,544
160857,PJ28.3_E-1,30,Sq. Yards,3192,278,3193,681,1,0,,1,,,544
161474,JAJ_E-14,30,Sq. Yards,3200,286,3229,693,1,0,,1,,,544
161559,PW21_289,30,Sq. Yards,3212,298,3276,681,1,0,,1,,,544
161674,PJ28.1_E-154,30,Sq. Yards,3192,278,3193,700,1,0,,1,,,544
162695,PW21_722,30,Sq. Yards,3212,298,3276,939,1,0,,1,,,544
147824,RW18.2-2849,30,Sq. Yards,3208,294,3264,687,1,0,,1,,,544
149403,KN9.32_E-132,30,Sq. Yards,3197,283,3215,686,1,0,,1,,,544
149646,JG24.2_E-100,30,Sq. Yards,3194,280,3200,711,1,0,,1,,,544
150675,RW27.28.26PII_E-1696,30,Sq. Yards,3205,291,3252,683,1,0,,1,,,544
152886,RK21.2_E-109,30,Sq. Yards,3205,291,3252,690,1,0,,1,,,544
153090,PJ28.2_E-86,30,Sq. Yards,3192,278,3193,935,1,0,,1,,,544
153354,JG23_1657,30,Sq. Yards,3194,280,3200,682,1,0,,1,,,544
153415,JG23_553,30,Sq. Yards,3194,280,3200,686,1,0,,1,,,544
153672,KN32_274,30,Sq. Yards,3197,283,3215,694,1,0,,1,,,544
153890,FD9_E-149,30,Sq. Yards,3201,287,3233,684,1,0,,1,,,544
153990,CD1B_E-83,30,Sq. Yards,3213,299,3279,699,1,0,,1,,,544
154151,RW18.2-3705,30,Sq. Yards,3208,294,3264,696,1,0,,1,,,544
154326,JG23_759,30,Sq. Yards,3194,280,3200,682,1,0,,1,,,544
154358,RW36A_E-82,30,Sq. Yards,3205,291,3252,698,1,0,,1,,,544
155137,JG23_1971,30,Sq. Yards,3194,280,3200,689,1,0,,1,,,544
155162,JG23_2104,30,Sq. Yards,3194,280,3200,684,1,0,,1,,,544
155537,JG23_352,30,Sq. Yards,3194,280,3200,697,1,0,,1,,,544
155980,PW21_890,30,Sq. Yards,3212,298,3276,696,1,0,,1,,,544
156698,RW27.28.26PII_E-54,30,Sq. Yards,3205,291,3252,684,1,0,,1,,,544
157616,RW18.2-3444,30,Sq. Yards,3208,294,3264,709,1,0,,1,,,544
159213,FD9_E-172,30,Sq. Yards,3201,287,3233,686,1,0,,1,,,544
159270,JR9PII_E-195,30,Sq. Yards,3206,292,3257,692,1,0,,1,,,544
159699,JR6_E-72,30,Sq. Yards,3206,292,3257,683,1,0,,1,,,544
160517,SSPIII20_E-762,30,Sq. Yards,3202,288,3238,766,1,0,,1,,,544
160567,RW27.28.26PII_E-272,30,Sq. Yards,3205,291,3252,681,1,0,,1,,,544
160953,SD8_E-202,30,Sq. Yards,3200,286,3230,682,1,0,,1,,,544
161846,JG23_1219,30,Sq. Yards,3194,280,3200,682,1,0,,1,,,544
161878,PJ28.3_E-176,30,Sq. Yards,3192,278,3193,944,1,0,,1,,,544
161903,PW21_221,30,Sq. Yards,3212,298,3276,696,1,0,,1,,,544
161946,RK5_E-39,30,Sq. Yards,3205,291,3252,684,1,0,,1,,,544
162414,JG23_1131,30,Sq. Yards,3194,280,3200,701,1,0,,1,,,544
162514,JR9_E-66,30,Sq. Yards,3206,292,3257,682,1,0,,1,,,544
162557,JR9_E-6,30,Sq. Yards,3206,292,3257,683,1,0,,1,,,544
147483,RW18.2-2198,30,Sq. Yards,3208,294,3264,681,1,0,,1,,,544
147858,RW19.2_E-66,30,Sq. Yards,3208,294,3264,684,1,0,,1,,,544
148369,RW18.2-2809,30,Sq. Yards,3208,294,3264,708,1,0,,1,,,544
149462,JG23_1191,30,Sq. Yards,3194,280,3200,682,1,0,,1,,,544
153315,RW27.28.26PII_E-728,30,Sq. Yards,3205,291,3252,700,1,0,,1,,,544
153479,RK5_E-158,30,Sq. Yards,3205,291,3252,702,1,0,,1,,,544
153540,JG23_1062,30,Sq. Yards,3194,280,3200,1012,1,0,,1,,,544
155044,RW18.2-2982,30,Sq. Yards,3208,294,3264,684,1,0,,1,,,544
155251,PJ28.3_E-37,30,Sq. Yards,3192,278,3193,935,1,0,,1,,,544
155344,KN32_19,30,Sq. Yards,3197,283,3215,975,1,0,,1,,,544
155351,PJ28.2_E-21,30,Sq. Yards,3192,278,3193,935,1,0,,1,,,544
155462,PW21_633,30,Sq. Yards,3212,298,3276,704,1,0,,1,,,544
156573,RW27.28.26PII_E-435,30,Sq. Yards,3205,291,3252,690,1,0,,1,,,544
156741,RW18.2-3018,30,Sq. Yards,3208,294,3264,685,1,0,,1,,,544
156934,RK21.2_E-244,30,Sq. Yards,3205,291,3252,681,1,0,,1,,,544
157541,RW19.1_E-76,30,Sq. Yards,3208,294,3264,704,1,0,,1,,,544
158177,PW21_54,30,Sq. Yards,3212,298,3276,696,1,0,,1,,,544
158913,JG22.1_E-89,30,Sq. Yards,3194,280,3200,681,1,0,,1,,,544
159313,RW18.1_E-171,30,Sq. Yards,3208,294,3264,687,1,0,,1,,,544
159792,PWAP_E-224,30,Sq. Yards,3212,298,3276,699,1,0,,1,,,544
160424,RW18.2-2571,30,Sq. Yards,3208,294,3264,689,1,0,,1,,,544
160699,RW18.2-3543,30,Sq. Yards,3208,294,3264,711,1,0,,1,,,544
161067,PW21_487,30,Sq. Yards,3212,298,3276,683,1,0,,1,,,544
161428,JG22.2_E-266,30,Sq. Yards,3194,280,3200,681,1,0,,1,,,544
161546,RK5_E-277,30,Sq. Yards,3205,291,3252,688,1,0,,1,,,544
162314,JG22.1_E-88,30,Sq. Yards,3194,280,3200,684,1,0,,1,,,544
162621,CD9_E-41,30,Sq. Yards,3213,299,3279,696,1,0,,1,,,544
147472,RW27.28.26PII_E-1377,30,Sq. Yards,3205,291,3252,684,1,0,,1,,,544
148133,RW27.28.26PII_E-132,30,Sq. Yards,3205,291,3252,685,1,0,,1,,,544
148758,PW21_675,30,Sq. Yards,3212,298,3276,685,1,0,,1,,,544
148783,JG22.2_E-328,30,Sq. Yards,3194,280,3200,685,1,0,,1,,,544
150055,JG24.2_E-41,30,Sq. Yards,3194,280,3200,683,1,0,,1,,,544
150616,RW18.2-2286,30,Sq. Yards,3208,294,3264,702,1,0,,1,,,544
151634,SSPIII20_E-777,30,Sq. Yards,3202,288,3238,693,1,0,,1,,,544
151716,RW27.28.26PII_E-620,30,Sq. Yards,3205,291,3252,702,1,0,,1,,,544
154206,JG22.2_E-216,30,Sq. Yards,3194,280,3200,690,1,0,,1,,,544
154817,PJ28.1_E-110,30,Sq. Yards,3192,278,3193,700,1,0,,1,,,544
154960,JG23_882,30,Sq. Yards,3194,280,3200,684,1,0,,1,,,544
155171,JG23_1832,30,Sq. Yards,3194,280,3200,1027,1,0,,1,,,544
155839,RW27.28.26PII_E-326,30,Sq. Yards,3205,291,3252,690,1,0,,1,,,544
155896,RW27.28.26PII_E-309,30,Sq. Yards,3205,291,3252,689,1,0,,1,,,544
156564,JG23_842,30,Sq. Yards,3194,280,3200,685,1,0,,1,,,544
156596,RW27.28.26PII_E-540,30,Sq. Yards,3205,291,3252,702,1,0,,1,,,544
158336,RW18.2-2421,30,Sq. Yards,3208,294,3264,704,1,0,,1,,,544
159390,PJ28.1_E-197,30,Sq. Yards,3192,278,3193,944,1,0,,1,,,544
159722,JG23_1200,30,Sq. Yards,3194,280,3200,687,1,0,,1,,,544
160090,RW18.2-2215,30,Sq. Yards,3208,294,3264,704,1,0,,1,,,544
160126,SD8_E-159,30,Sq. Yards,3200,286,3230,695,1,0,,1,,,544
160526,RW18.2-2262,30,Sq. Yards,3208,294,3264,704,1,0,,1,,,544
160719,RW27.28.26PII_E-1333,30,Sq. Yards,3205,291,3252,684,1,0,,1,,,544
161426,RW27.28.26PII_E-937,30,Sq. Yards,3205,291,3252,700,1,0,,1,,,544
161830,PJ28.1_E-183,30,Sq. Yards,3192,278,3193,944,1,0,,1,,,544
161887,RK21.2_E-630,30,Sq. Yards,3205,291,3252,690,1,0,,1,,,544
162180,RW18.2-2228,30,Sq. Yards,3208,294,3264,692,1,0,,1,,,544
162541,JG24.1_E-61,30,Sq. Yards,3194,280,3200,702,1,0,,1,,,544
147937,PJ28.3_E-222,30,Sq. Yards,3192,278,3193,935,1,0,,1,,,544
148152,RW18.2-3432,30,Sq. Yards,3208,294,3264,704,1,0,,1,,,544
148256,RW27.28.26PII_E-1102,30,Sq. Yards,3205,291,3252,702,1,0,,1,,,544
148905,GO16_E-337,30,Sq. Yards,3199,285,3221,684,1,0,,1,,,544
149107,RW18.2-3436,30,Sq. Yards,3208,294,3264,683,1,0,,1,,,544
149992,PW21_854,30,Sq. Yards,3212,298,3276,695,1,0,,1,,,544
150947,RW18.2-3695,30,Sq. Yards,3208,294,3264,687,1,0,,1,,,544
151630,RW18.2-3797,30,Sq. Yards,3208,294,3264,683,1,0,,1,,,544
151998,RK21.2_E-431,30,Sq. Yards,3205,291,3252,690,1,0,,1,,,544
152332,PW21_838,30,Sq. Yards,3212,298,3276,695,1,0,,1,,,544
152551,RW18.2-2670,30,Sq. Yards,3208,294,3264,691,1,0,,1,,,544
152583,SD8_E-42,30,Sq. Yards,3200,286,3230,688,1,0,,1,,,544
153202,RW27.28.26PII_E-1669,30,Sq. Yards,3205,291,3252,686,1,0,,1,,,544
150173,RW27.28.26PII_E-927,30,Sq. Yards,3205,291,3252,686,1,0,,1,,,544
150441,GO16_E-360,30,Sq. Yards,3199,285,3221,685,1,0,,1,,,544
151852,RK21.2_E-594,30,Sq. Yards,3205,291,3252,682,1,0,,1,,,544
152963,JR6_E-87,30,Sq. Yards,3206,292,3257,682,1,0,,1,,,544
155053,PW21_1157,30,Sq. Yards,3212,298,3276,692,1,0,,1,,,544
156432,RK5_E-80,30,Sq. Yards,3205,291,3252,699,1,0,,1,,,544
157432,RK21.2_E-265,30,Sq. Yards,3205,291,3252,688,1,0,,1,,,544
157593,RW27.28.26PII_E-1076,30,Sq. Yards,3205,291,3252,696,1,0,,1,,,544
158000,RW18.2-3607,30,Sq. Yards,3208,294,3264,681,1,0,,1,,,544
158561,JG22.1_E-54,30,Sq. Yards,3194,280,3200,686,1,0,,1,,,544
159808,RW18.2-2025,30,Sq. Yards,3208,294,3264,688,1,0,,1,,,544
160115,RW18.2-3428,30,Sq. Yards,3208,294,3264,705,1,0,,1,,,544
160226,RW27.28.26PII_E-1554,30,Sq. Yards,3205,291,3252,681,1,0,,1,,,544
160801,PJ28.1_E-193,30,Sq. Yards,3192,278,3193,847,1,0,,1,,,544
161062,RW36A_E-75,30,Sq. Yards,3205,291,3252,690,1,0,,1,,,544
161201,PWAP_E-93,30,Sq. Yards,3212,298,3276,691,1,0,,1,,,544
161537,RW27.28.26PII_E-1322,30,Sq. Yards,3205,291,3252,695,1,0,,1,,,544
162441,PW21_1105,30,Sq. Yards,3212,298,3276,707,1,0,,1,,,544
148203,RW27.28.26PII_E-365,30,Sq. Yards,3205,291,3252,682,1,0,,1,,,544
148371,FD9_E-92,30,Sq. Yards,3201,287,3233,701,1,0,,1,,,544
149456,GO16_E-211,30,Sq. Yards,3199,285,3221,690,1,0,,1,,,544
150094,PWAP_E-247,30,Sq. Yards,3212,298,3276,685,1,0,,1,,,544
150158,SSPIII20_E-357,30,Sq. Yards,3202,288,3238,708,1,0,,1,,,544
150994,GO16_E-117,30,Sq. Yards,3199,285,3221,695,1,0,,1,,,544
151464,GO16_E-21,30,Sq. Yards,3199,285,3221,689,1,0,,1,,,544
152115,GO16_E-338,30,Sq. Yards,3199,285,3221,698,1,0,,1,,,544
152464,MG9.10.3_E-158,30,Sq. Yards,3207,293,3259,693,1,0,,1,,,544
152500,PW21_725,30,Sq. Yards,3212,298,3276,928,1,0,,1,,,544
153266,JG22.2_E-235,30,Sq. Yards,3194,280,3200,1055,1,0,,1,,,544
153838,PJ28.3_E-83,30,Sq. Yards,3192,278,3193,685,1,0,,1,,,544
154438,RW18.2-3616,30,Sq. Yards,3208,294,3264,683,1,0,,1,,,544
154653,RK5_E-160,30,Sq. Yards,3205,291,3252,684,1,0,,1,,,544
155725,SSPIII20_E-30,30,Sq. Yards,3202,288,3238,710,1,0,,1,,,544
157814,SSPIII20_E-607,30,Sq. Yards,3202,288,3238,683,1,0,,1,,,544
157829,GO13.14_40,30,Sq. Yards,3199,285,3221,684,1,0,,1,,,544
160439,PJ28.1_E-89,30,Sq. Yards,3192,278,3193,682,1,0,,1,,,544
160520,RK21.2_E-383,30,Sq. Yards,3205,291,3252,683,1,0,,1,,,544
160622,JG23_396,30,Sq. Yards,3194,280,3200,697,1,0,,1,,,544
160856,RW27.28.26PII_E-1231,30,Sq. Yards,3205,291,3252,701,1,0,,1,,,544
161190,JR9PII_E-69,30,Sq. Yards,3206,292,3257,698,1,0,,1,,,544
162409,PJ28.3_E-11,30,Sq. Yards,3192,278,3193,944,1,0,,1,,,544
153417,PWAP_E-105,30,Sq. Yards,3212,298,3276,691,1,0,,1,,,544
154085,JG22.2_E-635,30,Sq. Yards,3194,280,3200,702,1,0,,1,,,544
156159,JR9_E-13,30,Sq. Yards,3206,292,3257,682,1,0,,1,,,544
156342,PWAP_E-283,30,Sq. Yards,3212,298,3276,695,1,0,,1,,,544
156993,JG23_1989,30,Sq. Yards,3194,280,3200,682,1,0,,1,,,544
157361,JG23_2012,30,Sq. Yards,3194,280,3200,702,1,0,,1,,,544
157682,RW18.2-2785,30,Sq. Yards,3208,294,3264,692,1,0,,1,,,544
158497,GO13.14_201,30,Sq. Yards,3199,285,3221,702,1,0,,1,,,544
159501,RW27.28.26PII_E-653,30,Sq. Yards,3205,291,3252,690,1,0,,1,,,544
159601,JG23_1043,30,Sq. Yards,3194,280,3200,683,1,0,,1,,,544
159969,JG23_401,30,Sq. Yards,3194,280,3200,700,1,0,,1,,,544
160486,JG22.2_E-369,30,Sq. Yards,3194,280,3200,699,1,0,,1,,,544
160654,SSPIII20_E-528,30,Sq. Yards,3202,288,3238,707,1,0,,1,,,544
161322,PJ28.1_E-39,30,Sq. Yards,3192,278,3193,700,1,0,,1,,,544
161741,RW18.2-2577,30,Sq. Yards,3208,294,3264,705,1,0,,1,,,544
150850,RW18.2-2685,30,Sq. Yards,3208,294,3264,686,1,0,,1,,,544
151475,RW36A_E-171,30,Sq. Yards,3205,291,3252,691,1,0,,1,,,544
151768,JG24.2_E-71,30,Sq. Yards,3194,280,3200,681,1,0,,1,,,544
152086,PW21_604,30,Sq. Yards,3212,298,3276,687,1,0,,1,,,544
152204,RK21.2_E-93,30,Sq. Yards,3205,291,3252,692,1,0,,1,,,544
152529,RK21.2_E-228,30,Sq. Yards,3205,291,3252,694,1,0,,1,,,544
152747,JG23_569,30,Sq. Yards,3194,280,3200,1047,1,0,,1,,,544
152854,JG22.2_E-356,30,Sq. Yards,3194,280,3200,702,1,0,,1,,,544
153722,RW27.28.26PII_E-1425,30,Sq. Yards,3205,291,3252,702,1,0,,1,,,544
153765,SSPIII20_E-463,30,Sq. Yards,3202,288,3238,707,1,0,,1,,,544
154108,JR6_E-293,30,Sq. Yards,3206,292,3257,681,1,0,,1,,,544
155201,KN32_15,30,Sq. Yards,3197,283,3215,681,1,0,,1,,,544
155705,JG23_2109,30,Sq. Yards,3194,280,3200,695,1,0,,1,,,544
155919,JG23_1515,30,Sq. Yards,3194,280,3200,685,1,0,,1,,,544
156766,RK21.2_E-352,30,Sq. Yards,3205,291,3252,701,1,0,,1,,,544
157602,GO16_E-227,30,Sq. Yards,3199,285,3221,697,1,0,,1,,,544
158034,MG9.10.3_E-156,30,Sq. Yards,3207,293,3259,688,1,0,,1,,,544
158109,MG9.10.3_E-75,30,Sq. Yards,3207,293,3259,689,1,0,,1,,,544
158720,RW18.1_E-19,30,Sq. Yards,3208,294,3264,705,1,0,,1,,,544
159088,RW27.28.26PII_E-809,30,Sq. Yards,3205,291,3252,681,1,0,,1,,,544
159706,GO13.14_74,30,Sq. Yards,3199,285,3221,684,1,0,,1,,,544
160810,MG9.10.2_E-14,30,Sq. Yards,3207,293,3259,689,1,0,,1,,,544
162539,PW21_251,30,Sq. Yards,3212,298,3276,692,1,0,,1,,,544
147640,JG23_1704,30,Sq. Yards,3194,280,3200,1047,1,0,,1,,,544
149012,SSPIII20_E-725,30,Sq. Yards,3202,288,3238,694,1,0,,1,,,544
149680,JR9PII_E-298,30,Sq. Yards,3206,292,3257,688,1,0,,1,,,544
149787,PW21_78,30,Sq. Yards,3212,298,3276,696,1,0,,1,,,544
149980,SSPIII20_E-249,30,Sq. Yards,3202,288,3238,699,1,0,,1,,,544
150112,KN32_72,30,Sq. Yards,3197,283,3215,681,1,0,,1,,,544
150337,JR9PII_E-215,30,Sq. Yards,3206,292,3257,681,1,0,,1,,,544
151059,JG23_2253,30,Sq. Yards,3194,280,3200,689,1,0,,1,,,544
151091,RW19.2_E-73,30,Sq. Yards,3208,294,3264,692,1,0,,1,,,544
151377,SD8_E-75,30,Sq. Yards,3200,286,3230,687,1,0,,1,,,544
151484,KN32_9,30,Sq. Yards,3197,283,3215,691,1,0,,1,,,544
151502,SSPIII20_E-235,30,Sq. Yards,3202,288,3238,703,1,0,,1,,,544
151691,JG23_982,30,Sq. Yards,3194,280,3200,685,1,0,,1,,,544
151870,PWAP_E-1,30,Sq. Yards,3212,298,3276,699,1,0,,1,,,544
152502,MG9.10.3_E-224,30,Sq. Yards,3207,293,3259,692,1,0,,1,,,544
152795,PW21_972,30,Sq. Yards,3212,298,3276,691,1,0,,1,,,544
153581,PJ28.2_E-22,30,Sq. Yards,3192,278,3193,706,1,0,,1,,,544
154935,JR9PII_E-54,30,Sq. Yards,3206,292,3257,686,1,0,,1,,,544
156096,PW21_189,30,Sq. Yards,3212,298,3276,690,1,0,,1,,,544
156346,RW27.28.26PII_E-1273,30,Sq. Yards,3205,291,3252,684,1,0,,1,,,544
156357,PW21_703,30,Sq. Yards,3212,298,3276,692,1,0,,1,,,544
156632,KN32_191,30,Sq. Yards,3197,283,3215,681,1,0,,1,,,544
157425,RW18.2-3825,30,Sq. Yards,3208,294,3264,708,1,0,,1,,,544
157525,SSPIII20_E-668,30,Sq. Yards,3202,288,3238,688,1,0,,1,,,544
158100,JG22.1_E-109,30,Sq. Yards,3194,280,3200,686,1,0,,1,,,544
158679,JG23_1531,30,Sq. Yards,3194,280,3200,693,1,0,,1,,,544
159429,JG23_413,30,Sq. Yards,3194,280,3200,696,1,0,,1,,,544
159758,RK5_E-312,30,Sq. Yards,3205,291,3252,690,1,0,,1,,,544
159872,PW21_133,30,Sq. Yards,3212,298,3276,691,1,0,,1,,,544
160658,RW18.2-3580,30,Sq. Yards,3208,294,3264,681,1,0,,1,,,544
160969,JG23_2139,30,Sq. Yards,3194,280,3200,685,1,0,,1,,,544
161487,RW19.2_E-74,30,Sq. Yards,3208,294,3264,704,1,0,,1,,,544
162487,RW27.28.26PII_E-142,30,Sq. Yards,3205,291,3252,698,1,0,,1,,,544
148356,JG24.1_E-46,30,Sq. Yards,3194,280,3200,681,1,0,,1,,,544
149573,RK21.2_E-90,30,Sq. Yards,3205,291,3252,686,1,0,,1,,,544
149943,RW18.2-3323,30,Sq. Yards,3208,294,3264,685,1,0,,1,,,544
150292,RW18.2-3655,30,Sq. Yards,3208,294,3264,708,1,0,,1,,,544
151983,RW18.2-2278,30,Sq. Yards,3208,294,3264,681,1,0,,1,,,544
152132,MG9.10.3_E-217,30,Sq. Yards,3207,293,3259,684,1,0,,1,,,544
152564,RW27.28.26PII_E-1679,30,Sq. Yards,3205,291,3252,682,1,0,,1,,,544
152832,RW18.2-2094,30,Sq. Yards,3208,294,3264,695,1,0,,1,,,544
155225,KN9.32_E-10,30,Sq. Yards,3197,283,3215,681,1,0,,1,,,544
157012,JG23_318,30,Sq. Yards,3194,280,3200,691,1,0,,1,,,544
157163,RK5_E-55,30,Sq. Yards,3205,291,3252,683,1,0,,1,,,544
158316,JG23_1130,30,Sq. Yards,3194,280,3200,684,1,0,,1,,,544
158467,RW18.2-3608,30,Sq. Yards,3208,294,3264,686,1,0,,1,,,544
158650,JG22.2_E-553,30,Sq. Yards,3194,280,3200,689,1,0,,1,,,544
159986,PJ28.1_E-117,30,Sq. Yards,3192,278,3193,944,1,0,,1,,,544
161758,JG24.2_E-142,30,Sq. Yards,3194,280,3200,692,1,0,,1,,,544
162009,JR9_E-33,30,Sq. Yards,3206,292,3257,681,1,0,,1,,,544
162041,RW36A_E-114,30,Sq. Yards,3205,291,3252,687,1,0,,1,,,544
162679,KN9.32_E-51,30,Sq. Yards,3197,283,3215,681,1,0,,1,,,544
162111,KN32_308,30,Sq. Yards,3197,283,3215,700,1,0,,1,,,544
162154,FD9_E-34,30,Sq. Yards,3201,287,3233,692,1,0,,1,,,544
162356,JR9PII_E-34,30,Sq. Yards,3206,292,3257,690,1,0,,1,,,544
162588,MG9.10.3_E-201,30,Sq. Yards,3207,293,3259,689,1,0,,1,,,544
148023,PW21_1061,30,Sq. Yards,3212,298,3276,696,1,0,,1,,,544
150901,RW27.28.26PII_E-791,30,Sq. Yards,3205,291,3252,683,1,0,,1,,,544
151067,RW18.1_E-163,30,Sq. Yards,3208,294,3264,687,1,0,,1,,,544
151310,JG23_1495,30,Sq. Yards,3194,280,3200,686,1,0,,1,,,544
151469,PWAP_E-267,30,Sq. Yards,3212,298,3276,700,1,0,,1,,,544
152812,RW18.2-2530,30,Sq. Yards,3208,294,3264,696,1,0,,1,,,544
153078,RW18.2-3648,30,Sq. Yards,3208,294,3264,681,1,0,,1,,,544
154243,JG23_1925,30,Sq. Yards,3194,280,3200,1047,1,0,,1,,,544
154575,PW21_462,30,Sq. Yards,3212,298,3276,685,1,0,,1,,,544
154811,PW21_295,30,Sq. Yards,3212,298,3276,696,1,0,,1,,,544
155252,RK21.2_E-565,30,Sq. Yards,3205,291,3252,701,1,0,,1,,,544
155786,JG23_2180,30,Sq. Yards,3194,280,3200,692,1,0,,1,,,544
157992,JG23_1524,30,Sq. Yards,3194,280,3200,682,1,0,,1,,,544
158219,PW21_789,30,Sq. Yards,3212,298,3276,696,1,0,,1,,,544
158485,JG24.2_E-92,30,Sq. Yards,3194,280,3200,701,1,0,,1,,,544
159557,JG23_1629,30,Sq. Yards,3194,280,3200,699,1,0,,1,,,544
159664,RK5_E-321,30,Sq. Yards,3205,291,3252,685,1,0,,1,,,544
159755,JR6_E-324,30,Sq. Yards,3206,292,3257,686,1,0,,1,,,544
159789,RW18.2-3178,30,Sq. Yards,3208,294,3264,708,1,0,,1,,,544
160025,RK21.2_E-156,30,Sq. Yards,3205,291,3252,696,1,0,,1,,,544
160391,SSPIII20_E-834,30,Sq. Yards,3202,288,3238,694,1,0,,1,,,544
160402,GO16_E-67,30,Sq. Yards,3199,285,3221,681,1,0,,1,,,544
161068,RW18.2-2635,30,Sq. Yards,3208,294,3264,709,1,0,,1,,,544
162465,PW21_182,30,Sq. Yards,3212,298,3276,709,1,0,,1,,,544
147695,PWAP_E-257,30,Sq. Yards,3212,298,3276,696,1,0,,1,,,544
147963,GO13.14_138,30,Sq. Yards,3199,285,3221,684,1,0,,1,,,544
148545,RK21.2_E-255,30,Sq. Yards,3205,291,3252,690,1,0,,1,,,544
148832,RW18.2-3004,30,Sq. Yards,3208,294,3264,685,1,0,,1,,,544
149749,RW36A_E-122,30,Sq. Yards,3205,291,3252,686,1,0,,1,,,544
151904,RW18.2-3411,30,Sq. Yards,3208,294,3264,683,1,0,,1,,,544
152208,KN9.32_E-149,30,Sq. Yards,3197,283,3215,681,1,0,,1,,,544
152826,PWAP_E-73,30,Sq. Yards,3212,298,3276,698,1,0,,1,,,544
152944,RW27.28.26PII_E-1585,30,Sq. Yards,3205,291,3252,690,1,0,,1,,,544
153493,PJ28.2_E-74,30,Sq. Yards,3192,278,3193,703,1,0,,1,,,544
154044,CD1B_E-149,30,Sq. Yards,3213,299,3279,699,1,0,,1,,,544
154180,PW21_945,30,Sq. Yards,3212,298,3276,689,1,0,,1,,,544
154229,JG23_1380,30,Sq. Yards,3194,280,3200,692,1,0,,1,,,544
154479,RW18.2-3136,30,Sq. Yards,3208,294,3264,685,1,0,,1,,,544
154512,JG23_740,30,Sq. Yards,3194,280,3200,702,1,0,,1,,,544
156801,RW27.28.26PII_E-1593,30,Sq. Yards,3205,291,3252,687,1,0,,1,,,544
157102,PJ28.3_E-218,30,Sq. Yards,3192,278,3193,700,1,0,,1,,,544
157955,RW36A_E-125,30,Sq. Yards,3205,291,3252,696,1,0,,1,,,544
158188,CD9_E-152,30,Sq. Yards,3213,299,3279,694,1,0,,1,,,544
158392,JG23_2202,30,Sq. Yards,3194,280,3200,702,1,0,,1,,,544
158424,PW21_150,30,Sq. Yards,3212,298,3276,707,1,0,,1,,,544
158873,JR9PII_E-278,30,Sq. Yards,3206,292,3257,686,1,0,,1,,,544
160128,SSPIII20_E-325,30,Sq. Yards,3202,288,3238,701,1,0,,1,,,544
160178,RW18.2-3805,30,Sq. Yards,3208,294,3264,681,1,0,,1,,,544
160913,PW21_212,30,Sq. Yards,3212,298,3276,686,1,0,,1,,,544
161181,CD1B_E-156,30,Sq. Yards,3213,299,3279,681,1,0,,1,,,544
161232,RK21.2_E-531,30,Sq. Yards,3205,291,3252,683,1,0,,1,,,544
161681,GO13.14_26,30,Sq. Yards,3199,285,3221,698,1,0,,1,,,544
162236,CD9_E-496,30,Sq. Yards,3213,299,3279,694,1,0,,1,,,544
148433,RW27.28.26PII_E-893,30,Sq. Yards,3205,291,3252,700,1,0,,1,,,544
148569,SSPIII20_E-278,30,Sq. Yards,3202,288,3238,697,1,0,,1,,,544
148583,GO16_E-323,30,Sq. Yards,3199,285,3221,684,1,0,,1,,,544
148862,JR6_E-250,30,Sq. Yards,3206,292,3257,682,1,0,,1,,,544
151602,RW36A_E-87,30,Sq. Yards,3205,291,3252,700,1,0,,1,,,544
152045,JR6_E-346,30,Sq. Yards,3206,292,3257,685,1,0,,1,,,544
152109,MG9.10.3_E-302,30,Sq. Yards,3207,293,3259,693,1,0,,1,,,544
152570,SD8_E-133,30,Sq. Yards,3200,286,3230,683,1,0,,1,,,544
152713,RW27.28.26PII_E-7,30,Sq. Yards,3205,291,3252,687,1,0,,1,,,544
153606,MG9.10.3_E-22,30,Sq. Yards,3207,293,3259,685,1,0,,1,,,544
154310,JG22.2_E-187,30,Sq. Yards,3194,280,3200,681,1,0,,1,,,544
154828,SD8_E-30,30,Sq. Yards,3200,286,3230,691,1,0,,1,,,544
155828,RW18.2-3202,30,Sq. Yards,3208,294,3264,697,1,0,,1,,,544
156421,RW18.1_E-31,30,Sq. Yards,3208,294,3264,682,1,0,,1,,,544
157332,SSPIII20_E-289,30,Sq. Yards,3202,288,3238,710,1,0,,1,,,544
158143,RW27.28.26PII_E-450,30,Sq. Yards,3205,291,3252,682,1,0,,1,,,544
158586,MG9.10.3_E-310,30,Sq. Yards,3207,293,3259,685,1,0,,1,,,544
159397,PW21_1029,30,Sq. Yards,3212,298,3276,701,1,0,,1,,,544
161644,RW27.28.26PII_E-1491,30,Sq. Yards,3205,291,3252,695,1,0,,1,,,544
161694,JR9PII_E-223,30,Sq. Yards,3206,292,3257,688,1,0,,1,,,544
161862,JG23_1727,30,Sq. Yards,3194,280,3200,689,1,0,,1,,,544
161969,JG23_1834,30,Sq. Yards,3194,280,3200,685,1,0,,1,,,544
162162,JG24.2_E-139,30,Sq. Yards,3194,280,3200,684,1,0,,1,,,544
148218,RW27.28.26PII_E-1205,30,Sq. Yards,3205,291,3252,686,1,0,,1,,,544
150892,RW27.28.26PII_E-263,30,Sq. Yards,3205,291,3252,681,1,0,,1,,,544
152587,RW27.28.26PII_E-1418,30,Sq. Yards,3205,291,3252,691,1,0,,1,,,544
152864,RW18.2-3726,30,Sq. Yards,3208,294,3264,683,1,0,,1,,,544
153532,SSPIII20_E-703,30,Sq. Yards,3202,288,3238,691,1,0,,1,,,544
153564,JG23_1659,30,Sq. Yards,3194,280,3200,686,1,0,,1,,,544
154527,JG22.2_E-194,30,Sq. Yards,3194,280,3200,683,1,0,,1,,,544
155000,SD8_E-122,30,Sq. Yards,3200,286,3230,682,1,0,,1,,,544
155563,JG23_1716,30,Sq. Yards,3194,280,3200,686,1,0,,1,,,544
156206,RK21.2_E-23,30,Sq. Yards,3205,291,3252,690,1,0,,1,,,544
156865,PW21_800,30,Sq. Yards,3212,298,3276,681,1,0,,1,,,544
157742,JG23_2001,30,Sq. Yards,3194,280,3200,690,1,0,,1,,,544
158376,RW27.28.26PII_E-295,30,Sq. Yards,3205,291,3252,689,1,0,,1,,,544
158401,PW21_228,30,Sq. Yards,3212,298,3276,688,1,0,,1,,,544
158605,JR6_E-45,30,Sq. Yards,3206,292,3257,686,1,0,,1,,,544
158612,RW18.2-2626,30,Sq. Yards,3208,294,3264,700,1,0,,1,,,544
159205,CD9_E-470,30,Sq. Yards,3213,299,3279,681,1,0,,1,,,544
159941,PW21_582,30,Sq. Yards,3212,298,3276,687,1,0,,1,,,544
160407,RW27.28.26PII_E-180,30,Sq. Yards,3205,291,3252,684,1,0,,1,,,544
160843,CD9_E-136,30,Sq. Yards,3213,299,3279,681,1,0,,1,,,544
161150,RW19.1_E-109,30,Sq. Yards,3208,294,3264,711,1,0,,1,,,544
161286,GO13.14_181,30,Sq. Yards,3199,285,3221,683,1,0,,1,,,544
161520,SSPIII20_E-229,30,Sq. Yards,3202,288,3238,689,1,0,,1,,,544
161720,PW21_89,30,Sq. Yards,3212,298,3276,685,1,0,,1,,,544
161779,CD1B_E-33,30,Sq. Yards,3213,299,3279,695,1,0,,1,,,544
161988,JR9_E-14,30,Sq. Yards,3206,292,3257,695,1,0,,1,,,544
147936,JG23_1102,30,Sq. Yards,3194,280,3200,686,1,0,,1,,,544
150559,JG24.2_E-150,30,Sq. Yards,3194,280,3200,686,1,0,,1,,,544
151178,RW27.28.26PII_E-1581,30,Sq. Yards,3205,291,3252,702,1,0,,1,,,544
151933,JG23_2153,30,Sq. Yards,3194,280,3200,689,1,0,,1,,,544
152048,JG23_1078,30,Sq. Yards,3194,280,3200,686,1,0,,1,,,544
153303,JG23_1780,30,Sq. Yards,3194,280,3200,682,1,0,,1,,,544
154105,RW18.2-3360,30,Sq. Yards,3208,294,3264,709,1,0,,1,,,544
154371,JG23_919,30,Sq. Yards,3194,280,3200,686,1,0,,1,,,544
154890,RK5_E-262,30,Sq. Yards,3205,291,3252,697,1,0,,1,,,544
155188,JR9_E-9,30,Sq. Yards,3206,292,3257,683,1,0,,1,,,544
156462,RW27.28.26PII_E-315,30,Sq. Yards,3205,291,3252,686,1,0,,1,,,544
156477,JR9PII_E-232,30,Sq. Yards,3206,292,3257,696,1,0,,1,,,544
156628,RW27.28.26PII_E-816,30,Sq. Yards,3205,291,3252,681,1,0,,1,,,544
156794,KN32_269,30,Sq. Yards,3197,283,3215,692,1,0,,1,,,544
156809,PW21_511,30,Sq. Yards,3212,298,3276,942,1,0,,1,,,544
157162,PWAP_E-103,30,Sq. Yards,3212,298,3276,688,1,0,,1,,,544
159149,SD8_E-114,30,Sq. Yards,3200,286,3230,685,1,0,,1,,,544
159336,JG22.2_E-721,30,Sq. Yards,3194,280,3200,690,1,0,,1,,,544
160004,PJ28.1_E-157,30,Sq. Yards,3192,278,3193,935,1,0,,1,,,544
161442,JG23_725,30,Sq. Yards,3194,280,3200,691,1,0,,1,,,544
147758,JR6_E-313,30,Sq. Yards,3206,292,3257,694,1,0,,1,,,544
147872,RW18.2-3349,30,Sq. Yards,3208,294,3264,709,1,0,,1,,,544
148308,JG23_2293,30,Sq. Yards,3194,280,3200,682,1,0,,1,,,544
148794,SSPIII20_E-584,30,Sq. Yards,3202,288,3238,694,1,0,,1,,,544
148901,MG9.10.3_E-8,30,Sq. Yards,3207,293,3259,689,1,0,,1,,,544
149076,JR6_E-35,30,Sq. Yards,3206,292,3257,691,1,0,,1,,,544
149705,PW21_410,30,Sq. Yards,3212,298,3276,694,1,0,,1,,,544
149744,RW27.28.26PII_E-820,30,Sq. Yards,3205,291,3252,695,1,0,,1,,,544
150098,JR9PII_E-62,30,Sq. Yards,3206,292,3257,681,1,0,,1,,,544
151327,SSPIII20_E-264,30,Sq. Yards,3202,288,3238,688,1,0,,1,,,544
151466,PJ28.1_E-129,30,Sq. Yards,3192,278,3193,683,1,0,,1,,,544
152159,JG22.2_E-177,30,Sq. Yards,3194,280,3200,691,1,0,,1,,,544
152470,RK21.2_E-220,30,Sq. Yards,3205,291,3252,690,1,0,,1,,,544
152695,RW27.28.26PII_E-885,30,Sq. Yards,3205,291,3252,681,1,0,,1,,,544
152770,MG9.10.3_E-57,30,Sq. Yards,3207,293,3259,686,1,0,,1,,,544
153081,JG23_1165,30,Sq. Yards,3194,280,3200,685,1,0,,1,,,544
153506,JG23_636,30,Sq. Yards,3194,280,3200,697,1,0,,1,,,544
153942,PW21_1004,30,Sq. Yards,3212,298,3276,690,1,0,,1,,,544
154042,JR6_E-325,30,Sq. Yards,3206,292,3257,691,1,0,,1,,,544
154417,PW21_370,30,Sq. Yards,3212,298,3276,705,1,0,,1,,,544
155253,SSPIII20_E-451,30,Sq. Yards,3202,288,3238,689,1,0,,1,,,544
155746,CD9_E-163,30,Sq. Yards,3213,299,3279,683,1,0,,1,,,544
156146,JG23_1746,30,Sq. Yards,3194,280,3200,686,1,0,,1,,,544
156439,RK5_E-358,30,Sq. Yards,3205,291,3252,699,1,0,,1,,,544
157150,RW27.28.26PII_E-593,30,Sq. Yards,3205,291,3252,681,1,0,,1,,,544
157586,JG23_1788,30,Sq. Yards,3194,280,3200,690,1,0,,1,,,544
158179,RW18.2-3509,30,Sq. Yards,3208,294,3264,710,1,0,,1,,,544
160233,RK21.2_E-290,30,Sq. Yards,3205,291,3252,690,1,0,,1,,,544
161044,SSPIII20_E-100,30,Sq. Yards,3202,288,3238,684,1,0,,1,,,544
161337,JG22.2_E-544,30,Sq. Yards,3194,280,3200,683,1,0,,1,,,544
161730,PW21_213,30,Sq. Yards,3212,298,3276,835,1,0,,1,,,544
162398,JG23_1476,30,Sq. Yards,3194,280,3200,701,1,0,,1,,,544
148027,JR6_E-347,30,Sq. Yards,3206,292,3257,687,1,0,,1,,,544
148127,KN9.32_E-7,30,Sq. Yards,3197,283,3215,695,1,0,,1,,,544
149732,PWAP_E-404,30,Sq. Yards,3212,298,3276,695,1,0,,1,,,544
149899,RK5_E-5,30,Sq. Yards,3205,291,3252,690,1,0,,1,,,544
150603,PJ28.1_E-7,30,Sq. Yards,3192,278,3193,704,1,0,,1,,,544
151521,RW27.28.26PII_E-891,30,Sq. Yards,3205,291,3252,690,1,0,,1,,,544
151989,JG22.2_E-479,30,Sq. Yards,3194,280,3200,692,1,0,,1,,,544
152457,PW21_735,30,Sq. Yards,3212,298,3276,682,1,0,,1,,,544
152658,RW18.2-2822,30,Sq. Yards,3208,294,3264,684,1,0,,1,,,544
153125,PWAP_E-218,30,Sq. Yards,3212,298,3276,684,1,0,,1,,,544
154130,JG24.2_E-55,30,Sq. Yards,3194,280,3200,683,1,0,,1,,,544
155098,JG22.2_E-71,30,Sq. Yards,3194,280,3200,684,1,0,,1,,,544
155451,RW18.1_E-136,30,Sq. Yards,3208,294,3264,689,1,0,,1,,,544
156334,PW21_211,30,Sq. Yards,3212,298,3276,694,1,0,,1,,,544
156370,KN32_82,30,Sq. Yards,3197,283,3215,681,1,0,,1,,,544
156383,RW27.28.26PII_E-330,30,Sq. Yards,3205,291,3252,681,1,0,,1,,,544
157838,RW27.28.26PII_E-1258,30,Sq. Yards,3205,291,3252,682,1,0,,1,,,544
159127,PW21_108,30,Sq. Yards,3212,298,3276,709,1,0,,1,,,544
159895,RW27.28.26PII_E-207,30,Sq. Yards,3205,291,3252,682,1,0,,1,,,544
159928,RW18.2-2972,30,Sq. Yards,3208,294,3264,704,1,0,,1,,,544
160027,PW21_126,30,Sq. Yards,3212,298,3276,699,1,0,,1,,,544
160277,RW27.28.26PII_E-445,30,Sq. Yards,3205,291,3252,684,1,0,,1,,,544
160813,RW27.28.26PII_E-316,30,Sq. Yards,3205,291,3252,681,1,0,,1,,,544
161264,PW21_104,30,Sq. Yards,3212,298,3276,688,1,0,,1,,,544
161531,RW18.2-2806,30,Sq. Yards,3208,294,3264,708,1,0,,1,,,544
162118,JG22.1_E-65,30,Sq. Yards,3194,280,3200,686,1,0,,1,,,544
162500,JG23_2191,30,Sq. Yards,3194,280,3200,701,1,0,,1,,,544
148747,PW21_131,30,Sq. Yards,3212,298,3276,691,1,0,,1,,,544
148879,PW21_300,30,Sq. Yards,3212,298,3276,697,1,0,,1,,,544
148997,RW18.2-3421,30,Sq. Yards,3208,294,3264,687,1,0,,1,,,544
149566,RW19.1_E-39,30,Sq. Yards,3208,294,3264,700,1,0,,1,,,544
149833,JR9_E-40,30,Sq. Yards,3206,292,3257,690,1,0,,1,,,544
150419,RW18.2-3665,30,Sq. Yards,3208,294,3264,705,1,0,,1,,,544
150851,RW27.28.26PII_E-87,30,Sq. Yards,3205,291,3252,683,1,0,,1,,,544
150970,KN9.32_E-38,30,Sq. Yards,3197,283,3215,681,1,0,,1,,,544
151055,RW18.2-3498,30,Sq. Yards,3208,294,3264,704,1,0,,1,,,544
152106,CD9_E-329,30,Sq. Yards,3213,299,3279,690,1,0,,1,,,544
152391,RW18.2-2197,30,Sq. Yards,3208,294,3264,695,1,0,,1,,,544
152877,RW27.28.26PII_E-944,30,Sq. Yards,3205,291,3252,682,1,0,,1,,,544
153609,RW18.2-2254,30,Sq. Yards,3208,294,3264,709,1,0,,1,,,544
153709,PJ28.1_E-149,30,Sq. Yards,3192,278,3193,944,1,0,,1,,,544
153828,KN32_182,30,Sq. Yards,3197,283,3215,975,1,0,,1,,,544
155217,RW18.2-3614,30,Sq. Yards,3208,294,3264,705,1,0,,1,,,544
155263,JG23_2189,30,Sq. Yards,3194,280,3200,699,1,0,,1,,,544
156117,JG23_1036,30,Sq. Yards,3194,280,3200,688,1,0,,1,,,544
156921,RW27.28.26PII_E-1596,30,Sq. Yards,3205,291,3252,686,1,0,,1,,,544
157421,RW19.1_E-128,30,Sq. Yards,3208,294,3264,685,1,0,,1,,,544
158258,RW18.2-2950,30,Sq. Yards,3208,294,3264,681,1,0,,1,,,544
159058,PW21_250,30,Sq. Yards,3212,298,3276,695,1,0,,1,,,544
160394,PW21_275,30,Sq. Yards,3212,298,3276,708,1,0,,1,,,544
160612,SD8_E-146,30,Sq. Yards,3200,286,3230,687,1,0,,1,,,544
161083,GO16_E-315,30,Sq. Yards,3199,285,3221,698,1,0,,1,,,544
161497,KN9.32_E-67,30,Sq. Yards,3197,283,3215,697,1,0,,1,,,544
162001,RW27.28.26PII_E-613,30,Sq. Yards,3205,291,3252,682,1,0,,1,,,544
147761,SSPIII20_E-712,30,Sq. Yards,3202,288,3238,688,1,0,,1,,,544
147826,FD9_E-141,30,Sq. Yards,3201,287,3233,694,1,0,,1,,,544
148579,JG24.2_E-17,30,Sq. Yards,3194,280,3200,700,1,0,,1,,,544
148648,JR6_E-475,30,Sq. Yards,3206,292,3257,682,1,0,,1,,,544
149348,JG23_2144,30,Sq. Yards,3194,280,3200,1027,1,0,,1,,,544
149448,PWAP_E-241,30,Sq. Yards,3212,298,3276,710,1,0,,1,,,544
150787,RW18.2-3238,30,Sq. Yards,3208,294,3264,681,1,0,,1,,,544
152024,PWAP_E-471,30,Sq. Yards,3212,298,3276,710,1,0,,1,,,544
152509,RW27.28.26PII_E-514,30,Sq. Yards,3205,291,3252,692,1,0,,1,,,544
153060,RW27.28.26PII_E-969,30,Sq. Yards,3205,291,3252,682,1,0,,1,,,544
153327,RW18.1_E-142,30,Sq. Yards,3208,294,3264,700,1,0,,1,,,544
154331,JG23_1645,30,Sq. Yards,3194,280,3200,697,1,0,,1,,,544
154863,RW27.28.26PII_E-552,30,Sq. Yards,3205,291,3252,696,1,0,,1,,,544
156018,SSPIII20_E-640,30,Sq. Yards,3202,288,3238,710,1,0,,1,,,544
156954,RK21.2_E-292,30,Sq. Yards,3205,291,3252,682,1,0,,1,,,544
156986,RW18.2-3142,30,Sq. Yards,3208,294,3264,681,1,0,,1,,,544
157303,SSPIII20_E-851,30,Sq. Yards,3202,288,3238,766,1,0,,1,,,544
157972,JR9PII_E-110,30,Sq. Yards,3206,292,3257,692,1,0,,1,,,544
158172,MG9.10.3_E-350,30,Sq. Yards,3207,293,3259,688,1,0,,1,,,544
158408,RW27.28.26PII_E-498,30,Sq. Yards,3205,291,3252,694,1,0,,1,,,544
160598,RK5_E-291,30,Sq. Yards,3205,291,3252,700,1,0,,1,,,544
160966,RK5_E-9,30,Sq. Yards,3205,291,3252,698,1,0,,1,,,544
161515,PWAP_E-91,30,Sq. Yards,3212,298,3276,681,1,0,,1,,,544
161565,JR9PII_E-56,30,Sq. Yards,3206,292,3257,696,1,0,,1,,,544
162134,CD9_E-214,30,Sq. Yards,3213,299,3279,699,1,0,,1,,,544
147562,PW21_493,30,Sq. Yards,3212,298,3276,699,1,0,,1,,,544
147729,GO16_E-308,30,Sq. Yards,3199,285,3221,683,1,0,,1,,,544
148212,JG22.2_E-252,30,Sq. Yards,3194,280,3200,687,1,0,,1,,,544
148812,RW18.2-3269,30,Sq. Yards,3208,294,3264,681,1,0,,1,,,544
148915,RW18.2-2911,30,Sq. Yards,3208,294,3264,709,1,0,,1,,,544
149616,KN9.32_E-144,30,Sq. Yards,3197,283,3215,699,1,0,,1,,,544
151005,PW21_649,30,Sq. Yards,3212,298,3276,709,1,0,,1,,,544
151038,RW18.2-2517,30,Sq. Yards,3208,294,3264,707,1,0,,1,,,544
151837,JR6_E-152,30,Sq. Yards,3206,292,3257,687,1,0,,1,,,544
152641,RW18.2-3055,30,Sq. Yards,3208,294,3264,683,1,0,,1,,,544
152742,RW27.28.26PII_E-505,30,Sq. Yards,3205,291,3252,687,1,0,,1,,,544
153559,RW36A_E-51,30,Sq. Yards,3205,291,3252,686,1,0,,1,,,544
153610,CD9_E-146,30,Sq. Yards,3213,299,3279,692,1,0,,1,,,544
153846,PW21_776,30,Sq. Yards,3212,298,3276,689,1,0,,1,,,544
153995,JG23_1827,30,Sq. Yards,3194,280,3200,689,1,0,,1,,,544
155349,PW21_358,30,Sq. Yards,3212,298,3276,710,1,0,,1,,,544
155600,JG23_827,30,Sq. Yards,3194,280,3200,699,1,0,,1,,,544
156567,RW18.2-3806,30,Sq. Yards,3208,294,3264,683,1,0,,1,,,544
156686,JG22.2_E-712,30,Sq. Yards,3194,280,3200,698,1,0,,1,,,544
157035,RK5_E-73,30,Sq. Yards,3205,291,3252,700,1,0,,1,,,544
158658,RW27.28.26PII_E-1417,30,Sq. Yards,3205,291,3252,692,1,0,,1,,,544
158743,RW36A_E-96,30,Sq. Yards,3205,291,3252,690,1,0,,1,,,544
160180,JG23_1081,30,Sq. Yards,3194,280,3200,699,1,0,,1,,,544
160748,RW18.2-2127,30,Sq. Yards,3208,294,3264,696,1,0,,1,,,544
160848,JR6_E-380,30,Sq. Yards,3206,292,3257,695,1,0,,1,,,544
160979,RW18.2-3507,30,Sq. Yards,3208,294,3264,685,1,0,,1,,,544
161047,JG23_989,30,Sq. Yards,3194,280,3200,685,1,0,,1,,,544
161616,RW18.2-3185,30,Sq. Yards,3208,294,3264,686,1,0,,1,,,544
162637,PW21_204,30,Sq. Yards,3212,298,3276,708,1,0,,1,,,544
147618,PW21_976,30,Sq. Yards,3212,298,3276,693,1,0,,1,,,544
147684,GO13.14_53,30,Sq. Yards,3199,285,3221,690,1,0,,1,,,544
148120,PW21_498,30,Sq. Yards,3212,298,3276,685,1,0,,1,,,544
149643,PW21_556,30,Sq. Yards,3212,298,3276,685,1,0,,1,,,544
149741,RW18.2-2535,30,Sq. Yards,3208,294,3264,710,1,0,,1,,,544
150979,JR6_E-212,30,Sq. Yards,3206,292,3257,685,1,0,,1,,,544
151832,RW36A_E-208,30,Sq. Yards,3205,291,3252,684,1,0,,1,,,544
152147,JG23_2140,30,Sq. Yards,3194,280,3200,684,1,0,,1,,,544
152349,RW27.28.26PII_E-219,30,Sq. Yards,3205,291,3252,683,1,0,,1,,,544
153553,RW27.28.26PII_E-546,30,Sq. Yards,3205,291,3252,683,1,0,,1,,,544
153885,CD9_E-415,30,Sq. Yards,3213,299,3279,698,1,0,,1,,,544
154155,RW18.2-3040,30,Sq. Yards,3208,294,3264,708,1,0,,1,,,544
154638,CD9_E-326,30,Sq. Yards,3213,299,3279,693,1,0,,1,,,544
154757,RW19.2_E-85,30,Sq. Yards,3208,294,3264,706,1,0,,1,,,544
155172,PW21_605,30,Sq. Yards,3212,298,3276,689,1,0,,1,,,544
155223,RW18.2-3123,30,Sq. Yards,3208,294,3264,698,1,0,,1,,,544
155406,RW18.2-2951,30,Sq. Yards,3208,294,3264,705,1,0,,1,,,544
156476,JG23_1667,30,Sq. Yards,3194,280,3200,1053,1,0,,1,,,544
156761,JR9PII_E-108,30,Sq. Yards,3206,292,3257,685,1,0,,1,,,544
157429,SD8_E-161,30,Sq. Yards,3200,286,3230,696,1,0,,1,,,544
157863,KN32_90,30,Sq. Yards,3197,283,3215,687,1,0,,1,,,544
158048,RW27.28.26PII_E-956,30,Sq. Yards,3205,291,3252,702,1,0,,1,,,544
158865,JR6_E-236,30,Sq. Yards,3206,292,3257,683,1,0,,1,,,544
159184,JG23_1080,30,Sq. Yards,3194,280,3200,682,1,0,,1,,,544
159652,PW21_688,30,Sq. Yards,3212,298,3276,707,1,0,,1,,,544
159903,SSPIII20_E-662,30,Sq. Yards,3202,288,3238,683,1,0,,1,,,544
160454,RW19.1_E-98,30,Sq. Yards,3208,294,3264,707,1,0,,1,,,544
160690,CD1B_E-146,30,Sq. Yards,3213,299,3279,681,1,0,,1,,,544
147523,RW18.2-3320,30,Sq. Yards,3208,294,3264,698,1,0,,1,,,544
147923,RW27.28.26PII_E-1132,30,Sq. Yards,3205,291,3252,681,1,0,,1,,,544
148166,CD1B_E-110,30,Sq. Yards,3213,299,3279,682,1,0,,1,,,544
148593,SD8_E-201,30,Sq. Yards,3200,286,3230,694,1,0,,1,,,544
149263,JG22.2_E-270,30,Sq. Yards,3194,280,3200,681,1,0,,1,,,544
151674,JG23_2141,30,Sq. Yards,3194,280,3200,692,1,0,,1,,,544
151733,JG23_1621,30,Sq. Yards,3194,280,3200,687,1,0,,1,,,544
151978,RW27.28.26PII_E-1244,30,Sq. Yards,3205,291,3252,698,1,0,,1,,,544
152771,GO13.14_204,30,Sq. Yards,3199,285,3221,692,1,0,,1,,,544
153105,RW27.28.26PII_E-327,30,Sq. Yards,3205,291,3252,702,1,0,,1,,,544
154618,RK21.2_E-110,30,Sq. Yards,3205,291,3252,696,1,0,,1,,,544
154877,CD9_E-164,30,Sq. Yards,3213,299,3279,693,1,0,,1,,,544
155011,JG23_1168,30,Sq. Yards,3194,280,3200,683,1,0,,1,,,544
155577,JG23_456,30,Sq. Yards,3194,280,3200,689,1,0,,1,,,544
157260,GO16_E-312,30,Sq. Yards,3199,285,3221,694,1,0,,1,,,544
157383,KN32_111,30,Sq. Yards,3197,283,3215,683,1,0,,1,,,544
157415,RK5_E-243,30,Sq. Yards,3205,291,3252,701,1,0,,1,,,544
158017,KN9.32_E-34,30,Sq. Yards,3197,283,3215,686,1,0,,1,,,544
158794,MG9.10.3_E-293,30,Sq. Yards,3207,293,3259,684,1,0,,1,,,544
159123,RW18.2-2427,30,Sq. Yards,3208,294,3264,681,1,0,,1,,,544
159130,JG22.2_E-423,30,Sq. Yards,3194,280,3200,685,1,0,,1,,,544
159530,RW27.28.26PII_E-1725,30,Sq. Yards,3205,291,3252,684,1,0,,1,,,544
160870,SSPIII20_E-437,30,Sq. Yards,3202,288,3238,701,1,0,,1,,,544
160993,RW18.2-3135,30,Sq. Yards,3208,294,3264,683,1,0,,1,,,544
162404,JG23_1675,30,Sq. Yards,3194,280,3200,690,1,0,,1,,,544
147463,FD9_E-151,30,Sq. Yards,3201,287,3233,688,1,0,,1,,,544
147624,RK21.2_E-636,30,Sq. Yards,3205,291,3252,701,1,0,,1,,,544
148574,RW19.1_E-71,30,Sq. Yards,3208,294,3264,704,1,0,,1,,,544
148835,RW18.2-3699,30,Sq. Yards,3208,294,3264,691,1,0,,1,,,544
149003,MG9.10.3_E-159,30,Sq. Yards,3207,293,3259,684,1,0,,1,,,544
149839,RK21.2_E-458,30,Sq. Yards,3205,291,3252,681,1,0,,1,,,544
149921,MG9.10.3_E-84,30,Sq. Yards,3207,293,3259,693,1,0,,1,,,544
150346,CD1B_E-157,30,Sq. Yards,3213,299,3279,693,1,0,,1,,,544
151057,JG23_2029,30,Sq. Yards,3194,280,3200,683,1,0,,1,,,544
151093,MG9.10.2_E-33,30,Sq. Yards,3207,293,3259,693,1,0,,1,,,544
151225,JG23_1241,30,Sq. Yards,3194,280,3200,691,1,0,,1,,,544
151568,RW27.28.26PII_E-718,30,Sq. Yards,3205,291,3252,685,1,0,,1,,,544
151911,JR9PII_E-83,30,Sq. Yards,3206,292,3257,682,1,0,,1,,,544
152218,JR6_E-1,30,Sq. Yards,3206,292,3257,695,1,0,,1,,,544
152443,JG22.2_E-463,30,Sq. Yards,3194,280,3200,685,1,0,,1,,,544
152561,PWAP_E-422,30,Sq. Yards,3212,298,3276,688,1,0,,1,,,544
152761,RW18.2-3287,30,Sq. Yards,3208,294,3264,689,1,0,,1,,,544
153304,RW19.1_E-129,30,Sq. Yards,3208,294,3264,704,1,0,,1,,,544
153708,JG23_2150,30,Sq. Yards,3194,280,3200,686,1,0,,1,,,544
154190,JG23_1445,30,Sq. Yards,3194,280,3200,682,1,0,,1,,,544
154401,KN32_244,30,Sq. Yards,3197,283,3215,687,1,0,,1,,,544
154658,RW18.2-3300,30,Sq. Yards,3208,294,3264,688,1,0,,1,,,544
154994,PJ28.3_E-126,30,Sq. Yards,3192,278,3193,699,1,0,,1,,,544
156155,KN32_156,30,Sq. Yards,3197,283,3215,695,1,0,,1,,,544
156248,JR9PII_E-39,30,Sq. Yards,3206,292,3257,685,1,0,,1,,,544
156298,GO16_E-198,30,Sq. Yards,3199,285,3221,703,1,0,,1,,,544
156330,SSPIII20_E-853,30,Sq. Yards,3202,288,3238,693,1,0,,1,,,544
156355,PW21_696,30,Sq. Yards,3212,298,3276,706,1,0,,1,,,544
156498,RW18.2-3799,30,Sq. Yards,3208,294,3264,683,1,0,,1,,,544
157159,RW27.28.26PII_E-434,30,Sq. Yards,3205,291,3252,686,1,0,,1,,,544
157359,KN32_259,30,Sq. Yards,3197,283,3215,694,1,0,,1,,,544
157802,GO13.14_207,30,Sq. Yards,3199,285,3221,685,1,0,,1,,,544
158134,PJ28.1_E-63,30,Sq. Yards,3192,278,3193,689,1,0,,1,,,544
158370,GO16_E-24,30,Sq. Yards,3199,285,3221,695,1,0,,1,,,544
160017,RW18.2-2391,30,Sq. Yards,3208,294,3264,704,1,0,,1,,,544
161446,JG23_2147,30,Sq. Yards,3194,280,3200,682,1,0,,1,,,544
161996,RW18.2-3762,30,Sq. Yards,3208,294,3264,704,1,0,,1,,,544
147517,RW18.2-2654,30,Sq. Yards,3208,294,3264,708,1,0,,1,,,544
148153,PW21_87,30,Sq. Yards,3212,298,3276,706,1,0,,1,,,544
149957,CD1B_E-175,30,Sq. Yards,3213,299,3279,692,1,0,,1,,,544
151078,MG9.10.3_E-197,30,Sq. Yards,3207,293,3259,689,1,0,,1,,,544
151782,JR6_E-466,30,Sq. Yards,3206,292,3257,696,1,0,,1,,,544
152297,RW27.28.26PII_E-1379,30,Sq. Yards,3205,291,3252,702,1,0,,1,,,544
152918,RW18.2-3796,30,Sq. Yards,3208,294,3264,683,1,0,,1,,,544
153086,RW18.2-2062,30,Sq. Yards,3208,294,3264,697,1,0,,1,,,544
153252,RW27.28.26PII_E-964,30,Sq. Yards,3205,291,3252,702,1,0,,1,,,544
154256,SSPIII20_E-568,30,Sq. Yards,3202,288,3238,689,1,0,,1,,,544
156309,JG23_1068,30,Sq. Yards,3194,280,3200,681,1,0,,1,,,544
157179,RK21.2_E-41,30,Sq. Yards,3205,291,3252,681,1,0,,1,,,544
157313,PJ28.1_E-13,30,Sq. Yards,3192,278,3193,695,1,0,,1,,,544
157996,PW21_528,30,Sq. Yards,3212,298,3276,706,1,0,,1,,,544
158898,JG23_2111,30,Sq. Yards,3194,280,3200,694,1,0,,1,,,544
159483,SSPIII20_E-251,30,Sq. Yards,3202,288,3238,703,1,0,,1,,,544
160202,PJ28.1_E-160,30,Sq. Yards,3192,278,3193,935,1,0,,1,,,544
160438,SD8_E-147,30,Sq. Yards,3200,286,3230,681,1,0,,1,,,544
160670,RW27.28.26PII_E-1358,30,Sq. Yards,3205,291,3252,689,1,0,,1,,,544
162327,RK5_E-259,30,Sq. Yards,3205,291,3252,682,1,0,,1,,,544
162359,JR9PII_E-146,30,Sq. Yards,3206,292,3257,696,1,0,,1,,,544
147859,RK21.2_E-511,30,Sq. Yards,3205,291,3252,689,1,0,,1,,,544
148091,RW27.28.26PII_E-1570,30,Sq. Yards,3205,291,3252,700,1,0,,1,,,544
148534,PWAP_E-18,30,Sq. Yards,3212,298,3276,682,1,0,,1,,,544
148768,JG22.2_E-609,30,Sq. Yards,3194,280,3200,682,1,0,,1,,,544
149338,PWAP_E-377,30,Sq. Yards,3212,298,3276,708,1,0,,1,,,544
149636,RW18.2-3065,30,Sq. Yards,3208,294,3264,688,1,0,,1,,,544
149731,PJ28.3_E-208,30,Sq. Yards,3192,278,3193,704,1,0,,1,,,544
150365,RW27.28.26PII_E-147,30,Sq. Yards,3205,291,3252,689,1,0,,1,,,544
151667,GO16_E-246,30,Sq. Yards,3199,285,3221,701,1,0,,1,,,544
152669,JG24.2_E-78,30,Sq. Yards,3194,280,3200,682,1,0,,1,,,544
152871,PJ28.1_E-137,30,Sq. Yards,3192,278,3193,689,1,0,,1,,,544
153446,RK21.2_E-33,30,Sq. Yards,3205,291,3252,682,1,0,,1,,,544
153914,CD9_E-306,30,Sq. Yards,3213,299,3279,681,1,0,,1,,,544
155620,PW21_975,30,Sq. Yards,3212,298,3276,684,1,0,,1,,,544
156181,RW18.2-2958,30,Sq. Yards,3208,294,3264,685,1,0,,1,,,544
157017,RK5_E-318,30,Sq. Yards,3205,291,3252,682,1,0,,1,,,544
158353,PWAP_E-421,30,Sq. Yards,3212,298,3276,706,1,0,,1,,,544
158428,RW18.2-2410,30,Sq. Yards,3208,294,3264,692,1,0,,1,,,544
158789,SSPIII20_E-449,30,Sq. Yards,3202,288,3238,701,1,0,,1,,,544
160125,PW21_799,30,Sq. Yards,3212,298,3276,686,1,0,,1,,,544
160293,RW27.28.26PII_E-764,30,Sq. Yards,3205,291,3252,689,1,0,,1,,,544
160591,FD9_E-121,30,Sq. Yards,3201,287,3233,681,1,0,,1,,,544
161159,JG24.2_E-97,30,Sq. Yards,3194,280,3200,700,1,0,,1,,,544
161527,JG22.2_E-716,30,Sq. Yards,3194,280,3200,699,1,0,,1,,,544
162070,CD9_E-406,30,Sq. Yards,3213,299,3279,692,1,0,,1,,,544
147546,RW18.2-2970,30,Sq. Yards,3208,294,3264,710,1,0,,1,,,544
147863,SSPIII20_E-776,30,Sq. Yards,3202,288,3238,684,1,0,,1,,,544
148060,RW27.28.26PII_E-801,30,Sq. Yards,3205,291,3252,690,1,0,,1,,,544
148328,PW21_1122,30,Sq. Yards,3212,298,3276,688,1,0,,1,,,544
148814,RW18.2-2056,30,Sq. Yards,3208,294,3264,681,1,0,,1,,,544
148863,RW18.2-3472,30,Sq. Yards,3208,294,3264,685,1,0,,1,,,544
149167,PJ28.3_E-118,30,Sq. Yards,3192,278,3193,704,1,0,,1,,,544
149249,SSPIII20_E-846,30,Sq. Yards,3202,288,3238,685,1,0,,1,,,544
149399,PW21_219,30,Sq. Yards,3212,298,3276,774,1,0,,1,,,544
149682,SSPIII20_E-142,30,Sq. Yards,3202,288,3238,681,1,0,,1,,,544
150635,RW19.2_E-14,30,Sq. Yards,3208,294,3264,705,1,0,,1,,,544
152189,SSPIII20_E-46,30,Sq. Yards,3202,288,3238,701,1,0,,1,,,544
152339,KN32_293,30,Sq. Yards,3197,283,3215,975,1,0,,1,,,544
152640,CD9_E-327,30,Sq. Yards,3213,299,3279,685,1,0,,1,,,544
153694,RW18.2-2002,30,Sq. Yards,3208,294,3264,693,1,0,,1,,,544
154194,JG23_1143,30,Sq. Yards,3194,280,3200,691,1,0,,1,,,544
154929,PW21_595,30,Sq. Yards,3212,298,3276,691,1,0,,1,,,544
155484,PW21_970,30,Sq. Yards,3212,298,3276,685,1,0,,1,,,544
155748,SSPIII20_E-31,30,Sq. Yards,3202,288,3238,693,1,0,,1,,,544
156202,RK21.2_E-40,30,Sq. Yards,3205,291,3252,686,1,0,,1,,,544
156501,PW21_803,30,Sq. Yards,3212,298,3276,710,1,0,,1,,,544
156784,RW27.28.26PII_E-1139,30,Sq. Yards,3205,291,3252,698,1,0,,1,,,544
156851,RW27.28.26PII_E-360,30,Sq. Yards,3205,291,3252,681,1,0,,1,,,544
156920,PW21_379,30,Sq. Yards,3212,298,3276,705,1,0,,1,,,544
157687,RW27.28.26PII_E-921,30,Sq. Yards,3205,291,3252,685,1,0,,1,,,544
158723,MG9.10.3_E-9,30,Sq. Yards,3207,293,3259,693,1,0,,1,,,544
158860,JG22.2_E-35,30,Sq. Yards,3194,280,3200,1020,1,0,,1,,,544
160313,JG23_1007,30,Sq. Yards,3194,280,3200,701,1,0,,1,,,544
160395,GO16_E-271,30,Sq. Yards,3199,285,3221,682,1,0,,1,,,544
161332,JG24.2_E-29,30,Sq. Yards,3194,280,3200,698,1,0,,1,,,544
162182,JG23_2060,30,Sq. Yards,3194,280,3200,685,1,0,,1,,,544
162485,SSPIII20_E-794,30,Sq. Yards,3202,288,3238,692,1,0,,1,,,544
147786,PJ28.3_E-187,30,Sq. Yards,3192,278,3193,935,1,0,,1,,,544
149056,JR9_E-1,30,Sq. Yards,3206,292,3257,693,1,0,,1,,,544
149424,RW27.28.26PII_E-1045,30,Sq. Yards,3205,291,3252,682,1,0,,1,,,544
150713,CD1B_E-61,30,Sq. Yards,3213,299,3279,690,1,0,,1,,,544
150794,RW19.1_E-65,30,Sq. Yards,3208,294,3264,710,1,0,,1,,,544
150996,RW18.2-3829,30,Sq. Yards,3208,294,3264,710,1,0,,1,,,544
151598,RK21.2_E-236,30,Sq. Yards,3205,291,3252,698,1,0,,1,,,544
151798,RW27.28.26PII_E-1239,30,Sq. Yards,3205,291,3252,697,1,0,,1,,,544
151966,JG23_1421,30,Sq. Yards,3194,280,3200,686,1,0,,1,,,544
154370,RW27.28.26PII_E-385,30,Sq. Yards,3205,291,3252,685,1,0,,1,,,544
155306,JG24.2_E-62,30,Sq. Yards,3194,280,3200,686,1,0,,1,,,544
156559,RW18.2-3316,30,Sq. Yards,3208,294,3264,703,1,0,,1,,,544
157261,PWAP_E-360,30,Sq. Yards,3212,298,3276,706,1,0,,1,,,544
157782,SSPIII20_E-148,30,Sq. Yards,3202,288,3238,693,1,0,,1,,,544
158280,PW21_235,30,Sq. Yards,3212,298,3276,705,1,0,,1,,,544
158967,JG23_1134,30,Sq. Yards,3194,280,3200,685,1,0,,1,,,544
159118,JR9_E-50,30,Sq. Yards,3206,292,3257,685,1,0,,1,,,544
159133,RW27.28.26PII_E-1284,30,Sq. Yards,3205,291,3252,685,1,0,,1,,,544
159316,RK21.2_E-215,30,Sq. Yards,3205,291,3252,684,1,0,,1,,,544
159386,RK21.2_E-408,30,Sq. Yards,3205,291,3252,701,1,0,,1,,,544
159420,JG23_1914,30,Sq. Yards,3194,280,3200,684,1,0,,1,,,544
160356,RW18.2-3404,30,Sq. Yards,3208,294,3264,711,1,0,,1,,,544
161324,RW27.28.26PII_E-377,30,Sq. Yards,3205,291,3252,686,1,0,,1,,,544
161422,JG23_1958,30,Sq. Yards,3194,280,3200,681,1,0,,1,,,544
161524,PJ28.1_E-209,30,Sq. Yards,3192,278,3193,935,1,0,,1,,,544
161641,RK5_E-24,30,Sq. Yards,3205,291,3252,702,1,0,,1,,,544
162443,RW27.28.26PII_E-479,30,Sq. Yards,3205,291,3252,700,1,0,,1,,,544
162662,RK21.2_E-284,30,Sq. Yards,3205,291,3252,700,1,0,,1,,,544
148817,PWAP_E-383,30,Sq. Yards,3212,298,3276,691,1,0,,1,,,544
148992,RW36A_E-106,30,Sq. Yards,3205,291,3252,687,1,0,,1,,,544
149117,JG23_343,30,Sq. Yards,3194,280,3200,687,1,0,,1,,,544
150482,JG22.2_E-164,30,Sq. Yards,3194,280,3200,691,1,0,,1,,,544
151082,RW18.2-3262,30,Sq. Yards,3208,294,3264,697,1,0,,1,,,544
151850,KN32_93,30,Sq. Yards,3197,283,3215,683,1,0,,1,,,544
152486,JG22.2_E-532,30,Sq. Yards,3194,280,3200,690,1,0,,1,,,544
153204,RK21.2_E-326,30,Sq. Yards,3205,291,3252,681,1,0,,1,,,544
153558,PW21_117,30,Sq. Yards,3212,298,3276,684,1,0,,1,,,544
153658,RW18.2-3067,30,Sq. Yards,3208,294,3264,695,1,0,,1,,,544
154744,RK21.2_E-162,30,Sq. Yards,3205,291,3252,684,1,0,,1,,,544
155655,JG22.2_E-500,30,Sq. Yards,3194,280,3200,686,1,0,,1,,,544
155719,PWAP_E-118,30,Sq. Yards,3212,298,3276,686,1,0,,1,,,544
156830,JG22.2_E-297,30,Sq. Yards,3194,280,3200,692,1,0,,1,,,544
157198,SSPIII20_E-66,30,Sq. Yards,3202,288,3238,703,1,0,,1,,,544
157516,PW21_1049,30,Sq. Yards,3212,298,3276,699,1,0,,1,,,544
158184,CD9_E-316,30,Sq. Yards,3213,299,3279,693,1,0,,1,,,544
158738,RK5_E-324,30,Sq. Yards,3205,291,3252,682,1,0,,1,,,544
158763,PW21_171,30,Sq. Yards,3212,298,3276,706,1,0,,1,,,544
159170,PW21_787,30,Sq. Yards,3212,298,3276,708,1,0,,1,,,544
159338,JG22.2_E-427,30,Sq. Yards,3194,280,3200,697,1,0,,1,,,544
161185,RW27.28.26PII_E-1121,30,Sq. Yards,3205,291,3252,686,1,0,,1,,,544
161571,JG22.2_E-740,30,Sq. Yards,3194,280,3200,695,1,0,,1,,,544
147534,JR9_E-31,30,Sq. Yards,3206,292,3257,694,1,0,,1,,,544
147585,PJ28.2_E-10,30,Sq. Yards,3192,278,3193,703,1,0,,1,,,544
147970,JG23_321,30,Sq. Yards,3194,280,3200,696,1,0,,1,,,544
151214,MG9.10.3_E-120,30,Sq. Yards,3207,293,3259,685,1,0,,1,,,544
151297,CD9_E-171,30,Sq. Yards,3213,299,3279,681,1,0,,1,,,544
152031,RW18.2-3729,30,Sq. Yards,3208,294,3264,681,1,0,,1,,,544
152331,SSPIII20_E-280,30,Sq. Yards,3202,288,3238,704,1,0,,1,,,544
154590,RW18.2-2031,30,Sq. Yards,3208,294,3264,695,1,0,,1,,,544
154622,CD9_E-393,30,Sq. Yards,3213,299,3279,681,1,0,,1,,,544
154705,RK21.2_E-601,30,Sq. Yards,3205,291,3252,690,1,0,,1,,,544
155124,JG22.2_E-323,30,Sq. Yards,3194,280,3200,695,1,0,,1,,,544
155156,CD9_E-138,30,Sq. Yards,3213,299,3279,700,1,0,,1,,,544
155273,CD9_E-376,30,Sq. Yards,3213,299,3279,692,1,0,,1,,,544
155292,RK5_E-353,30,Sq. Yards,3205,291,3252,681,1,0,,1,,,544
155373,JG23_2032,30,Sq. Yards,3194,280,3200,695,1,0,,1,,,544
155458,RW18.2-2469,30,Sq. Yards,3208,294,3264,704,1,0,,1,,,544
156094,RW18.2-3489,30,Sq. Yards,3208,294,3264,699,1,0,,1,,,544
156409,JG23_1689,30,Sq. Yards,3194,280,3200,682,1,0,,1,,,544
156662,SSPIII20_E-516,30,Sq. Yards,3202,288,3238,695,1,0,,1,,,544
158749,RW18.2-2281,30,Sq. Yards,3208,294,3264,684,1,0,,1,,,544
159002,PW21_115,30,Sq. Yards,3212,298,3276,681,1,0,,1,,,544
159202,JG22.2_E-384,30,Sq. Yards,3194,280,3200,690,1,0,,1,,,544
159602,RW19.1_E-25,30,Sq. Yards,3208,294,3264,684,1,0,,1,,,544
160470,FD9_E-27,30,Sq. Yards,3201,287,3233,687,1,0,,1,,,544
161455,PJ28.2_E-89,30,Sq. Yards,3192,278,3193,693,1,0,,1,,,544
161591,RW18.2-2258,30,Sq. Yards,3208,294,3264,708,1,0,,1,,,544
161693,JG23_1599,30,Sq. Yards,3194,280,3200,701,1,0,,1,,,544
161993,RK21.2_E-521,30,Sq. Yards,3205,291,3252,688,1,0,,1,,,544
162227,MG9.10.3_E-255,30,Sq. Yards,3207,293,3259,692,1,0,,1,,,544
162510,RW36A_E-21,30,Sq. Yards,3205,291,3252,686,1,0,,1,,,544
148210,GO16_E-107,30,Sq. Yards,3199,285,3221,694,1,0,,1,,,544
148385,GO13.14_218,30,Sq. Yards,3199,285,3221,684,1,0,,1,,,544
148628,KN9.32_E-84,30,Sq. Yards,3197,283,3215,681,1,0,,1,,,544
148860,RK21.2_E-368,30,Sq. Yards,3205,291,3252,702,1,0,,1,,,544
149510,CD9_E-512,30,Sq. Yards,3213,299,3279,688,1,0,,1,,,544
149914,RK21.2_E-35,30,Sq. Yards,3205,291,3252,701,1,0,,1,,,544
150571,PW21_631,30,Sq. Yards,3212,298,3276,692,1,0,,1,,,544
150914,JR9PII_E-103,30,Sq. Yards,3206,292,3257,698,1,0,,1,,,544
151425,CD9_E-263,30,Sq. Yards,3213,299,3279,684,1,0,,1,,,544
152261,CD9_E-370,30,Sq. Yards,3213,299,3279,682,1,0,,1,,,544
152336,SSPIII20_E-805,30,Sq. Yards,3202,288,3238,699,1,0,,1,,,544
153022,GO16_E-280,30,Sq. Yards,3199,285,3221,698,1,0,,1,,,544
154508,RW27.28.26PII_E-1559,30,Sq. Yards,3205,291,3252,701,1,0,,1,,,544
155487,SSPIII20_E-274,30,Sq. Yards,3202,288,3238,686,1,0,,1,,,544
155637,JG23_873,30,Sq. Yards,3194,280,3200,691,1,0,,1,,,544
155987,RW36A_E-133,30,Sq. Yards,3205,291,3252,698,1,0,,1,,,544
156705,JG23_774,30,Sq. Yards,3194,280,3200,683,1,0,,1,,,544
157970,RW27.28.26PII_E-1602,30,Sq. Yards,3205,291,3252,681,1,0,,1,,,544
158209,PJ28.3_E-115,30,Sq. Yards,3192,278,3193,935,1,0,,1,,,544
158302,PW21_1044,30,Sq. Yards,3212,298,3276,704,1,0,,1,,,544
158352,JG23_1894,30,Sq. Yards,3194,280,3200,702,1,0,,1,,,544
158488,KN9.32_E-12,30,Sq. Yards,3197,283,3215,688,1,0,,1,,,544
158745,JG23_523,30,Sq. Yards,3194,280,3200,686,1,0,,1,,,544
160992,PJ28.1_E-56,30,Sq. Yards,3192,278,3193,684,1,0,,1,,,544
161092,RW18.2-3417,30,Sq. Yards,3208,294,3264,689,1,0,,1,,,544
161928,JR9PII_E-136,30,Sq. Yards,3206,292,3257,692,1,0,,1,,,544
162021,GO13.14_72,30,Sq. Yards,3199,285,3221,691,1,0,,1,,,544
150123,JAJ_E-13,30,Sq. Yards,3200,286,3229,684,1,0,,1,,,544
150641,RW27.28.26PII_E-401,30,Sq. Yards,3205,291,3252,690,1,0,,1,,,544
150666,JG22.1_E-120,30,Sq. Yards,3194,280,3200,685,1,0,,1,,,544
150909,JG23_1362,30,Sq. Yards,3194,280,3200,692,1,0,,1,,,544
151302,JR6_E-111,30,Sq. Yards,3206,292,3257,686,1,0,,1,,,544
151759,JG23_1398,30,Sq. Yards,3194,280,3200,690,1,0,,1,,,544
152477,JR6_E-450,30,Sq. Yards,3206,292,3257,682,1,0,,1,,,544
153045,JG23_606,30,Sq. Yards,3194,280,3200,702,1,0,,1,,,544
154517,RW18.2-2189,30,Sq. Yards,3208,294,3264,704,1,0,,1,,,544
155078,PW21_590,30,Sq. Yards,3212,298,3276,683,1,0,,1,,,544
155671,RW18.2-3771,30,Sq. Yards,3208,294,3264,684,1,0,,1,,,544
157550,PWAP_E-125,30,Sq. Yards,3212,298,3276,705,1,0,,1,,,544
159579,RW36A_E-192,30,Sq. Yards,3205,291,3252,694,1,0,,1,,,544
159897,RW18.2-2047,30,Sq. Yards,3208,294,3264,710,1,0,,1,,,544
160358,RW18.1_E-151,30,Sq. Yards,3208,294,3264,704,1,0,,1,,,544
160544,SSPIII20_E-800,30,Sq. Yards,3202,288,3238,709,1,0,,1,,,544
161369,RW27.28.26PII_E-590,30,Sq. Yards,3205,291,3252,686,1,0,,1,,,544
161444,PWAP_E-56,30,Sq. Yards,3212,298,3276,688,1,0,,1,,,544
162666,RW18.2-3526,30,Sq. Yards,3208,294,3264,695,1,0,,1,,,544
180246,RW36A_E-331,30,Sq. Yards,3205,291,3252,683,1,0,,1,,,544
149158,RW18.2-2893,30,Sq. Yards,3208,294,3264,681,1,0,,1,,,544
149575,KN32_77,30,Sq. Yards,3197,283,3215,975,1,0,,1,,,544
149592,JG23_862,30,Sq. Yards,3194,280,3200,695,1,0,,1,,,544
149690,CD9_E-205,30,Sq. Yards,3213,299,3279,689,1,0,,1,,,544
150007,JG23_1061,30,Sq. Yards,3194,280,3200,682,1,0,,1,,,544
150596,PW21_540,30,Sq. Yards,3212,298,3276,898,1,0,,1,,,544
150694,MG9.10.2_E-28,30,Sq. Yards,3207,293,3259,685,1,0,,1,,,544
152347,RW18.2-2642,30,Sq. Yards,3208,294,3264,692,1,0,,1,,,544
153853,RW27.28.26PII_E-531,30,Sq. Yards,3205,291,3252,700,1,0,,1,,,544
154289,JG23_2062,30,Sq. Yards,3194,280,3200,682,1,0,,1,,,544
155742,RW19.2_E-78,30,Sq. Yards,3208,294,3264,700,1,0,,1,,,544
155840,PJ28.2_E-83,30,Sq. Yards,3192,278,3193,689,1,0,,1,,,544
155957,RW18.2-2311,30,Sq. Yards,3208,294,3264,682,1,0,,1,,,544
156225,GO16_E-149,30,Sq. Yards,3199,285,3221,702,1,0,,1,,,544
156561,RW18.2-2048,30,Sq. Yards,3208,294,3264,692,1,0,,1,,,544
157280,RK21.2_E-505,30,Sq. Yards,3205,291,3252,702,1,0,,1,,,544
157997,JG22.2_E-182,30,Sq. Yards,3194,280,3200,696,1,0,,1,,,544
158382,MG9.10.3_E-12,30,Sq. Yards,3207,293,3259,692,1,0,,1,,,544
159099,JG22.2_E-585,30,Sq. Yards,3194,280,3200,681,1,0,,1,,,544
160222,JR9PII_E-293,30,Sq. Yards,3206,292,3257,682,1,0,,1,,,544
160271,JR6_E-240,30,Sq. Yards,3206,292,3257,694,1,0,,1,,,544
160305,RW18.2-3785,30,Sq. Yards,3208,294,3264,689,1,0,,1,,,544
161207,JR9_E-53,30,Sq. Yards,3206,292,3257,698,1,0,,1,,,544
161724,JG23_1804,30,Sq. Yards,3194,280,3200,690,1,0,,1,,,544
162592,GO13.14_18,30,Sq. Yards,3199,285,3221,689,1,0,,1,,,544
